<Exercise id="1">
  <name>sequence dynamic</name>
  <internalNotes></internalNotes>
  <language>en</language>
  <difficulty>0</difficulty>
  <tags id="2"/>
  <resources id="3"/>
  <stages id="4">
    <MCStage id="5">
      <internalName>#1</internalName>
      <externalName>Sequence</externalName>
      <taskDescription>&lt;div&gt;
&lt;div&gt;Given the degree sequence of a connected graph, you can determine its Eulerian properties.&lt;/div&gt;
&lt;div&gt;A connected graph has vertices with degrees [[var=d1], [var=d2], [var=d3], [var=d4], [var=d5]]. What Eulerian properties does it have?&lt;/div&gt;
&lt;/div&gt;</taskDescription>
      <feedbackRules id="6"/>
      <defaultTransition id="7">
        <conditionExpression id="8">
          <domain>MATH</domain>
        </conditionExpression>
        <stageExpression id="9">
          <domain>MATH</domain>
        </stageExpression>
        <type>NEXT_OR_END</type>
        <extraWeight>0</extraWeight>
      </defaultTransition>
      <skipTransitions id="10"/>
      <stageTransitions id="11"/>
      <hints id="12"/>
      <variableUpdatesOnEnter id="13"/>
      <variableUpdatesBeforeCheck id="14"/>
      <variableUpdatesAfterCheck id="15"/>
      <variableUpdatesOnNormalExit id="16"/>
      <variableUpdatesOnRepeat id="17"/>
      <variableUpdatesOnSkip id="18"/>
      <weight>1</weight>
      <orderIndex>0</orderIndex>
      <allowSkip>true</allowSkip>
      <resources id="19"/>
      <answerOptions id="20">
        <MCAnswer id="21">
          <order>0</order>
          <rule>WRONG</rule>
          <text>&lt;div&gt;Eulerian circuit&lt;/div&gt;</text>
          <variableName></variableName>
          <mcstage reference="5"/>
        </MCAnswer>
        <MCAnswer id="22">
          <order>1</order>
          <rule>WRONG</rule>
          <text>&lt;div&gt;Eulerian path&lt;/div&gt;</text>
          <variableName></variableName>
          <mcstage reference="5"/>
        </MCAnswer>
        <MCAnswer id="23">
          <order>2</order>
          <rule>WRONG</rule>
          <text>&lt;div&gt;Neither&lt;/div&gt;</text>
          <variableName></variableName>
          <mcstage reference="5"/>
        </MCAnswer>
      </answerOptions>
      <randomize>false</randomize>
      <maxSelections>1</maxSelections>
      <pointMode>MANUAL</pointMode>
      <feedbackDisplayMode>NEVER</feedbackDisplayMode>
      <defaultResult>0</defaultResult>
      <extraFeedbacks id="24">
        <de.uni__due.s3.jack3.entities.stagetypes.mc.MCFeedback id="25">
          <feedback__order>0</feedback__order>
          <stage reference="5"/>
          <expression id="26">
            <code>[input=mcindex_0]&amp;&amp;![input=mcindex_1]&amp;&amp;![input=mcindex_2]</code>
            <domain>MATH</domain>
          </expression>
          <condition id="27">
            <code>[var=correctAnswer] == 1</code>
            <domain>MATH</domain>
          </condition>
          <result>100</result>
          <feedbackText>&lt;div&gt;&#xd;
&lt;div&gt;Correct. All five vertices have even degree ([var=d1], [var=d2], [var=d3], [var=d4], [var=d5]), and the graph is connected. Therefore, it has an Eulerian circuit.&lt;/div&gt;&#xd;
&lt;div&gt;Solution: Eulerian circuit&lt;/div&gt;&#xd;
&lt;/div&gt;</feedbackText>
        </de.uni__due.s3.jack3.entities.stagetypes.mc.MCFeedback>
        <de.uni__due.s3.jack3.entities.stagetypes.mc.MCFeedback id="28">
          <feedback__order>1</feedback__order>
          <stage reference="5"/>
          <expression id="29">
            <code>![input=mcindex_0]&amp;&amp;[input=mcindex_1]&amp;&amp;![input=mcindex_2]</code>
            <domain>MATH</domain>
          </expression>
          <condition id="30">
            <code>[var=correctAnswer] == 2</code>
            <domain>MATH</domain>
          </condition>
          <result>100</result>
          <feedbackText>&lt;div&gt;&#xd;
&lt;div&gt;Correct. Exactly two vertices have odd degree in the sequence ([var=d1], [var=d2], [var=d3], [var=d4], [var=d5]), and the graph is connected. Therefore, it has an Eulerian path but not a circuit.&lt;/div&gt;&#xd;
&lt;div&gt;Solution: Eulerian path&lt;/div&gt;&#xd;
&lt;/div&gt;</feedbackText>
        </de.uni__due.s3.jack3.entities.stagetypes.mc.MCFeedback>
        <de.uni__due.s3.jack3.entities.stagetypes.mc.MCFeedback id="31">
          <feedback__order>2</feedback__order>
          <stage reference="5"/>
          <expression id="32">
            <code>![input=mcindex_0]&amp;&amp;![input=mcindex_1]&amp;&amp;[input=mcindex_2]</code>
            <domain>MATH</domain>
          </expression>
          <condition id="33">
            <code>[var=correctAnswer] == 3</code>
            <domain>MATH</domain>
          </condition>
          <result>100</result>
          <feedbackText>&lt;div&gt;&#xd;
&lt;div&gt;Correct. The degree sequence ([var=d1], [var=d2], [var=d3], [var=d4], [var=d5]) does not have exactly 0 or 2 odd-degree vertices. Since a graph can only have an Eulerian path or circuit with 0 or 2 odd-degree vertices, this graph has neither.&lt;/div&gt;&#xd;
&lt;div&gt;Solution: Neither&lt;/div&gt;&#xd;
&lt;/div&gt;</feedbackText>
        </de.uni__due.s3.jack3.entities.stagetypes.mc.MCFeedback>
        <de.uni__due.s3.jack3.entities.stagetypes.mc.MCFeedback id="34">
          <feedback__order>3</feedback__order>
          <stage reference="5"/>
          <expression id="35">
            <code>[input=mcindex_0]&amp;&amp;![input=mcindex_1]&amp;&amp;![input=mcindex_2]</code>
            <domain>MATH</domain>
          </expression>
          <condition id="36">
            <code>[var=correctAnswer] == 2</code>
            <domain>MATH</domain>
          </condition>
          <result>0</result>
          <feedbackText>&lt;div&gt;&#xd;
&lt;div&gt;Incorrect. Check the degrees carefully: [var=d1], [var=d2], [var=d3], [var=d4], [var=d5]. Count how many are odd numbers. You&apos;ll find exactly 2 odd-degree vertices, which means the graph has an Eulerian path, not a circuit.&lt;/div&gt;&#xd;
&lt;div&gt;Solution: Eulerian path&lt;/div&gt;&#xd;
&lt;/div&gt;</feedbackText>
        </de.uni__due.s3.jack3.entities.stagetypes.mc.MCFeedback>
        <de.uni__due.s3.jack3.entities.stagetypes.mc.MCFeedback id="37">
          <feedback__order>4</feedback__order>
          <stage reference="5"/>
          <expression id="38">
            <code>[input=mcindex_0]&amp;&amp;![input=mcindex_1]&amp;&amp;![input=mcindex_2]</code>
            <domain>MATH</domain>
          </expression>
          <condition id="39">
            <code>[var=correctAnswer] == 3</code>
            <domain>MATH</domain>
          </condition>
          <result>0</result>
          <feedbackText>&lt;div&gt;&#xd;
&lt;div&gt;Incorrect. The degrees are [var=d1], [var=d2], [var=d3], [var=d4], [var=d5]. All vertices must have even degree for an Eulerian circuit, but this sequence does not have exactly 0 odd-degree vertices.&lt;/div&gt;&#xd;
&lt;div&gt;Solution: Neither&lt;/div&gt;&#xd;
&lt;/div&gt;</feedbackText>
        </de.uni__due.s3.jack3.entities.stagetypes.mc.MCFeedback>
        <de.uni__due.s3.jack3.entities.stagetypes.mc.MCFeedback id="40">
          <feedback__order>5</feedback__order>
          <stage reference="5"/>
          <expression id="41">
            <code>![input=mcindex_0]&amp;&amp;[input=mcindex_1]&amp;&amp;![input=mcindex_2]</code>
            <domain>MATH</domain>
          </expression>
          <condition id="42">
            <code>[var=correctAnswer] == 1</code>
            <domain>MATH</domain>
          </condition>
          <result>0</result>
          <feedbackText>&lt;div&gt;&#xd;
&lt;div&gt;Incorrect. All the degrees ([var=d1], [var=d2], [var=d3], [var=d4], [var=d5]) are even numbers. Since all vertices have even degree, the graph has an Eulerian circuit, not just a path.&lt;/div&gt;&#xd;
&lt;div&gt;Solution: Eulerian circuit&lt;/div&gt;&#xd;
&lt;/div&gt;</feedbackText>
        </de.uni__due.s3.jack3.entities.stagetypes.mc.MCFeedback>
        <de.uni__due.s3.jack3.entities.stagetypes.mc.MCFeedback id="43">
          <feedback__order>6</feedback__order>
          <stage reference="5"/>
          <expression id="44">
            <code>![input=mcindex_0]&amp;&amp;[input=mcindex_1]&amp;&amp;![input=mcindex_2]</code>
            <domain>MATH</domain>
          </expression>
          <condition id="45">
            <code>[var=correctAnswer] == 3</code>
            <domain>MATH</domain>
          </condition>
          <result>0</result>
          <feedbackText>&lt;div&gt;&#xd;
&lt;div&gt;Incorrect. An Eulerian path requires exactly 2 odd-degree vertices. Count the odd degrees in [var=d1], [var=d2], [var=d3], [var=d4], [var=d5] - there are not exactly two.&lt;/div&gt;&#xd;
&lt;div&gt;Solution: Neither&lt;/div&gt;&#xd;
&lt;/div&gt;</feedbackText>
        </de.uni__due.s3.jack3.entities.stagetypes.mc.MCFeedback>
        <de.uni__due.s3.jack3.entities.stagetypes.mc.MCFeedback id="46">
          <feedback__order>7</feedback__order>
          <stage reference="5"/>
          <expression id="47">
            <code>![input=mcindex_0]&amp;&amp;![input=mcindex_1]&amp;&amp;[input=mcindex_2]</code>
            <domain>MATH</domain>
          </expression>
          <condition id="48">
            <code>[var=correctAnswer] == 1</code>
            <domain>MATH</domain>
          </condition>
          <result>0</result>
          <feedbackText>&lt;div&gt;&#xd;
&lt;div&gt;Incorrect. All the degrees ([var=d1], [var=d2], [var=d3], [var=d4], [var=d5]) are even. Zero odd-degree vertices means the graph has an Eulerian circuit.&lt;/div&gt;&#xd;
&lt;div&gt;Solution: Eulerian circuit&lt;/div&gt;&#xd;
&lt;/div&gt;</feedbackText>
        </de.uni__due.s3.jack3.entities.stagetypes.mc.MCFeedback>
        <de.uni__due.s3.jack3.entities.stagetypes.mc.MCFeedback id="49">
          <feedback__order>8</feedback__order>
          <stage reference="5"/>
          <expression id="50">
            <code>![input=mcindex_0]&amp;&amp;![input=mcindex_1]&amp;&amp;[input=mcindex_2]</code>
            <domain>MATH</domain>
          </expression>
          <condition id="51">
            <code>[var=correctAnswer] == 2</code>
            <domain>MATH</domain>
          </condition>
          <result>0</result>
          <feedbackText>&lt;div&gt;&#xd;
&lt;div&gt;Incorrect. Count the odd-degree vertices in [var=d1], [var=d2], [var=d3], [var=d4], [var=d5]. There are exactly 2, which means the graph has an Eulerian path.&lt;/div&gt;&#xd;
&lt;div&gt;Solution: Eulerian path&lt;/div&gt;&#xd;
&lt;/div&gt;</feedbackText>
        </de.uni__due.s3.jack3.entities.stagetypes.mc.MCFeedback>
      </extraFeedbacks>
    </MCStage>
  </stages>
  <startStage class="MCStage" reference="5"/>
  <variableDeclarations id="52">
    <VariableDeclaration id="53">
      <name>d1</name>
      <initializationCode id="54">
        <code>randomIntegerBetween(1, 5)</code>
        <domain>MATH</domain>
      </initializationCode>
    </VariableDeclaration>
    <VariableDeclaration id="55">
      <name>d2</name>
      <initializationCode id="56">
        <code>randomIntegerBetween(1, 5)</code>
        <domain>MATH</domain>
      </initializationCode>
    </VariableDeclaration>
    <VariableDeclaration id="57">
      <name>d3</name>
      <initializationCode id="58">
        <code>randomIntegerBetween(1, 5)</code>
        <domain>MATH</domain>
      </initializationCode>
    </VariableDeclaration>
    <VariableDeclaration id="59">
      <name>d4</name>
      <initializationCode id="60">
        <code>randomIntegerBetween(1, 5)</code>
        <domain>MATH</domain>
      </initializationCode>
    </VariableDeclaration>
    <VariableDeclaration id="61">
      <name>d5</name>
      <initializationCode id="62">
        <code>randomIntegerBetween(1, 5)</code>
        <domain>MATH</domain>
      </initializationCode>
    </VariableDeclaration>
    <VariableDeclaration id="63">
      <name>d1IsOdd</name>
      <initializationCode id="64">
        <code>ifthenelse([var=d1] - 2 * floor([var=d1] / 2) == 1, 1, 0)</code>
        <domain>MATH</domain>
      </initializationCode>
    </VariableDeclaration>
    <VariableDeclaration id="65">
      <name>d2IsOdd</name>
      <initializationCode id="66">
        <code>ifthenelse([var=d2] - 2 * floor([var=d2] / 2) == 1, 1, 0)</code>
        <domain>MATH</domain>
      </initializationCode>
    </VariableDeclaration>
    <VariableDeclaration id="67">
      <name>d3IsOdd</name>
      <initializationCode id="68">
        <code>ifthenelse([var=d3] - 2 * floor([var=d3] / 2) == 1, 1, 0)</code>
        <domain>MATH</domain>
      </initializationCode>
    </VariableDeclaration>
    <VariableDeclaration id="69">
      <name>d4IsOdd</name>
      <initializationCode id="70">
        <code>ifthenelse([var=d4] - 2 * floor([var=d4] / 2) == 1, 1, 0)</code>
        <domain>MATH</domain>
      </initializationCode>
    </VariableDeclaration>
    <VariableDeclaration id="71">
      <name>d5IsOdd</name>
      <initializationCode id="72">
        <code>ifthenelse([var=d5] - 2 * floor([var=d5] / 2) == 1, 1, 0)</code>
        <domain>MATH</domain>
      </initializationCode>
    </VariableDeclaration>
    <VariableDeclaration id="73">
      <name>oddCount</name>
      <initializationCode id="74">
        <code>[var=d1IsOdd] + [var=d2IsOdd] + [var=d3IsOdd] + [var=d4IsOdd] + [var=d5IsOdd]</code>
        <domain>MATH</domain>
      </initializationCode>
    </VariableDeclaration>
    <VariableDeclaration id="75">
      <name>correctAnswer</name>
      <initializationCode id="76">
        <code>ifthenelse([var=oddCount] == 0, 1, ifthenelse([var=oddCount] == 2, 2, 3))</code>
        <domain>MATH</domain>
      </initializationCode>
    </VariableDeclaration>
  </variableDeclarations>
  <jSXGraphs id="77"/>
  <dynamicMolecules id="78"/>
  <resultFeedbackMappings id="79"/>
</Exercise>