<Exercise id="1">
  <name>4_Asymptotic_Notation_28-33</name>
  <internalNotes></internalNotes>
  <language>en</language>
  <difficulty>0</difficulty>
  <tags id="2"/>
  <resources id="3"/>
  <stages id="4">
    <MCStage id="5">
      <internalName>#1</internalName>
      <externalName>Provide Asymptotic Growth Notation 1</externalName>
      <taskDescription>&lt;div&gt;Provide the asymptotic growth for $n \lg n + n^2 \sqrt{n}$ using $\Theta$ notation.&lt;/div&gt;</taskDescription>
      <feedbackRules id="6"/>
      <defaultTransition id="7">
        <conditionExpression id="8">
          <domain>MATH</domain>
        </conditionExpression>
        <stageExpression id="9">
          <domain>MATH</domain>
        </stageExpression>
        <targetStage class="MCStage" id="10">
          <internalName>#2</internalName>
          <externalName>Provide Asymptotic Growth Notation 2</externalName>
          <taskDescription>&lt;div&gt;Provide the asymptotic growth for $n^2 \lg n + 42$ using $\Theta$ notation.&lt;/div&gt;</taskDescription>
          <feedbackRules id="11"/>
          <defaultTransition id="12">
            <conditionExpression id="13">
              <domain>MATH</domain>
            </conditionExpression>
            <stageExpression id="14">
              <domain>MATH</domain>
            </stageExpression>
            <targetStage class="MCStage" id="15">
              <internalName>#3</internalName>
              <externalName>Provide Asymptotic Growth Notation 3</externalName>
              <taskDescription>&lt;div&gt;Provide the asymptotic growth for $n \lg n + n^2 \sqrt{n}$ in $\mathcal{O}$ notation using the sharpest possible set.&lt;/div&gt;</taskDescription>
              <feedbackRules id="16"/>
              <defaultTransition id="17">
                <conditionExpression id="18">
                  <domain>MATH</domain>
                </conditionExpression>
                <stageExpression id="19">
                  <domain>MATH</domain>
                </stageExpression>
                <targetStage class="MCStage" id="20">
                  <internalName>#4</internalName>
                  <externalName>Provide Asymptotic Growth Notation 4</externalName>
                  <taskDescription>&lt;div&gt;Provide the asymptotic growth for $n^2 \lg n + 42$ in $\mathcal{O}$ notation using the sharpest possible set.&lt;/div&gt;</taskDescription>
                  <feedbackRules id="21"/>
                  <defaultTransition id="22">
                    <conditionExpression id="23">
                      <domain>MATH</domain>
                    </conditionExpression>
                    <stageExpression id="24">
                      <domain>MATH</domain>
                    </stageExpression>
                    <targetStage class="MCStage" id="25">
                      <internalName>#5</internalName>
                      <externalName>Provide Asymptotic Growth Notation 5</externalName>
                      <taskDescription>&lt;div&gt;Provide the asymptotic growth for $n \lg n + n^2 \sqrt{n}$&amp;nbsp;in $\Omega$ notation using the sharpest possible set.&lt;/div&gt;</taskDescription>
                      <feedbackRules id="26"/>
                      <defaultTransition id="27">
                        <conditionExpression id="28">
                          <domain>MATH</domain>
                        </conditionExpression>
                        <stageExpression id="29">
                          <domain>MATH</domain>
                        </stageExpression>
                        <targetStage class="MCStage" id="30">
                          <internalName>#6</internalName>
                          <externalName>Provide Asymptotic Growth Notation 6</externalName>
                          <taskDescription>&lt;div&gt;Provide the asymptotic growth for $n^2 \lg n + 42$ in $\Omega$ notation using the sharpest possible set.&lt;/div&gt;</taskDescription>
                          <feedbackRules id="31"/>
                          <defaultTransition id="32">
                            <conditionExpression id="33">
                              <domain>MATH</domain>
                            </conditionExpression>
                            <stageExpression id="34">
                              <domain>MATH</domain>
                            </stageExpression>
                            <type>NEXT_OR_END</type>
                            <extraWeight>0</extraWeight>
                          </defaultTransition>
                          <skipTransitions id="35"/>
                          <stageTransitions id="36"/>
                          <hints id="37"/>
                          <variableUpdatesOnEnter id="38"/>
                          <variableUpdatesBeforeCheck id="39"/>
                          <variableUpdatesAfterCheck id="40"/>
                          <variableUpdatesOnNormalExit id="41"/>
                          <variableUpdatesOnRepeat id="42"/>
                          <variableUpdatesOnSkip id="43"/>
                          <weight>1</weight>
                          <orderIndex>5</orderIndex>
                          <allowSkip>true</allowSkip>
                          <resources id="44"/>
                          <answerOptions id="45">
                            <MCAnswer id="46">
                              <order>0</order>
                              <rule>CORRECT</rule>
                              <text>&lt;div&gt;$\Omega(n^2 \lg n)$&lt;/div&gt;</text>
                              <variableName></variableName>
                              <mcstage reference="30"/>
                            </MCAnswer>
                            <MCAnswer id="47">
                              <order>1</order>
                              <rule>WRONG</rule>
                              <text>&lt;div&gt;$\Omega(n)&lt;!-- notionvc: 73b370fc-7007-4cc8-a40a-f4ddd2df3d55 --&gt;$&lt;/div&gt;</text>
                              <variableName></variableName>
                              <mcstage reference="30"/>
                            </MCAnswer>
                            <MCAnswer id="48">
                              <order>2</order>
                              <rule>WRONG</rule>
                              <text>&lt;div&gt;$\Omega(n \lg n)&lt;!-- notionvc: a12632ba-3f46-4ad6-9d6c-678bfdb4d650 --&gt;$&lt;/div&gt;&#xd;
&lt;!-- notionvc: 2deca6bb-d96e-421d-b9b4-79832f3861f5 --&gt;</text>
                              <variableName></variableName>
                              <mcstage reference="30"/>
                            </MCAnswer>
                            <MCAnswer id="49">
                              <order>3</order>
                              <rule>WRONG</rule>
                              <text>&lt;div&gt;$\Omega(n^2)&lt;!-- notionvc: 824e07c2-6de3-41d1-bd83-f7aeb3125b76 --&gt;$&lt;/div&gt;</text>
                              <variableName></variableName>
                              <mcstage reference="30"/>
                            </MCAnswer>
                            <MCAnswer id="50">
                              <order>4</order>
                              <rule>WRONG</rule>
                              <text>&lt;div&gt;$\Omega(n^3)&lt;!-- notionvc: 8e82865e-7b4f-4c59-96fb-a77b49d042be --&gt;$&lt;/div&gt;</text>
                              <variableName></variableName>
                              <mcstage reference="30"/>
                            </MCAnswer>
                            <MCAnswer id="51">
                              <order>5</order>
                              <rule>WRONG</rule>
                              <text>&lt;div&gt;$\Omega(\sqrt{n})&lt;!-- notionvc: 581885e8-521b-44c7-8d3e-17e707da0ca6 --&gt;$&lt;/div&gt;</text>
                              <variableName></variableName>
                              <mcstage reference="30"/>
                            </MCAnswer>
                            <MCAnswer id="52">
                              <order>6</order>
                              <rule>WRONG</rule>
                              <text>&lt;div&gt;$\Omega(2^n)&lt;!-- notionvc: cbbdb942-f586-48f6-887a-cbccd4a8372f --&gt;$&lt;/div&gt;</text>
                              <variableName></variableName>
                              <mcstage reference="30"/>
                            </MCAnswer>
                            <MCAnswer id="53">
                              <order>7</order>
                              <rule>WRONG</rule>
                              <text>&lt;div&gt;$\Omega(n!)$&lt;/div&gt;</text>
                              <variableName></variableName>
                              <mcstage reference="30"/>
                            </MCAnswer>
                          </answerOptions>
                          <randomize>true</randomize>
                          <maxSelections>1</maxSelections>
                          <correctAnswerFeedback>&lt;div&gt;Correct.&lt;/div&gt;</correctAnswerFeedback>
                          <pointMode>MANUAL</pointMode>
                          <feedbackDisplayMode>NON_RULE_BASED</feedbackDisplayMode>
                          <defaultFeedback>&lt;div&gt;Incorrect.&lt;/div&gt;&#xd;
&lt;div&gt;&amp;nbsp;&lt;/div&gt;&#xd;
&lt;div&gt;Solution: $\Omega(n^2 \lg n)$&lt;/div&gt;</defaultFeedback>
                          <defaultResult>0</defaultResult>
                          <extraFeedbacks id="54"/>
                        </targetStage>
                        <type>NEXT_OR_END</type>
                        <extraWeight>0</extraWeight>
                      </defaultTransition>
                      <skipTransitions id="55"/>
                      <stageTransitions id="56"/>
                      <hints id="57"/>
                      <variableUpdatesOnEnter id="58"/>
                      <variableUpdatesBeforeCheck id="59"/>
                      <variableUpdatesAfterCheck id="60"/>
                      <variableUpdatesOnNormalExit id="61"/>
                      <variableUpdatesOnRepeat id="62"/>
                      <variableUpdatesOnSkip id="63"/>
                      <weight>1</weight>
                      <orderIndex>4</orderIndex>
                      <allowSkip>true</allowSkip>
                      <resources id="64"/>
                      <answerOptions id="65">
                        <MCAnswer id="66">
                          <order>0</order>
                          <rule>CORRECT</rule>
                          <text>&lt;div&gt;$\Omega(n^2 \sqrt{n})$&lt;/div&gt;</text>
                          <variableName></variableName>
                          <mcstage reference="25"/>
                        </MCAnswer>
                        <MCAnswer id="67">
                          <order>1</order>
                          <rule>WRONG</rule>
                          <text>&lt;div&gt;$\Omega(n)&lt;!-- notionvc: 73b370fc-7007-4cc8-a40a-f4ddd2df3d55 --&gt;$&lt;/div&gt;</text>
                          <variableName></variableName>
                          <mcstage reference="25"/>
                        </MCAnswer>
                        <MCAnswer id="68">
                          <order>2</order>
                          <rule>WRONG</rule>
                          <text>&lt;div&gt;$\Omega(n \lg n)&lt;!-- notionvc: a12632ba-3f46-4ad6-9d6c-678bfdb4d650 --&gt;$&lt;/div&gt;&#xd;
&lt;!-- notionvc: 2deca6bb-d96e-421d-b9b4-79832f3861f5 --&gt;</text>
                          <variableName></variableName>
                          <mcstage reference="25"/>
                        </MCAnswer>
                        <MCAnswer id="69">
                          <order>3</order>
                          <rule>WRONG</rule>
                          <text>&lt;div&gt;$\Omega(n^2)&lt;!-- notionvc: 824e07c2-6de3-41d1-bd83-f7aeb3125b76 --&gt;$&lt;/div&gt;</text>
                          <variableName></variableName>
                          <mcstage reference="25"/>
                        </MCAnswer>
                        <MCAnswer id="70">
                          <order>4</order>
                          <rule>WRONG</rule>
                          <text>&lt;div&gt;$\Omega(n^3)&lt;!-- notionvc: 8e82865e-7b4f-4c59-96fb-a77b49d042be --&gt;$&lt;/div&gt;</text>
                          <variableName></variableName>
                          <mcstage reference="25"/>
                        </MCAnswer>
                        <MCAnswer id="71">
                          <order>5</order>
                          <rule>WRONG</rule>
                          <text>&lt;div&gt;$\Omega(n^2 \lg n)&lt;!-- notionvc: bd4bf774-3570-42be-b907-b4a1fe1f243c --&gt;$&lt;/div&gt;</text>
                          <variableName></variableName>
                          <mcstage reference="25"/>
                        </MCAnswer>
                        <MCAnswer id="72">
                          <order>6</order>
                          <rule>WRONG</rule>
                          <text>&lt;div&gt;$\Omega(\sqrt{n})&lt;!-- notionvc: 581885e8-521b-44c7-8d3e-17e707da0ca6 --&gt;$&lt;/div&gt;</text>
                          <variableName></variableName>
                          <mcstage reference="25"/>
                        </MCAnswer>
                        <MCAnswer id="73">
                          <order>7</order>
                          <rule>WRONG</rule>
                          <text>&lt;div&gt;$\Omega(2^n)&lt;!-- notionvc: cbbdb942-f586-48f6-887a-cbccd4a8372f --&gt;$&lt;/div&gt;</text>
                          <variableName></variableName>
                          <mcstage reference="25"/>
                        </MCAnswer>
                        <MCAnswer id="74">
                          <order>8</order>
                          <rule>WRONG</rule>
                          <text>&lt;div&gt;$\Omega(n!)$&lt;/div&gt;</text>
                          <variableName></variableName>
                          <mcstage reference="25"/>
                        </MCAnswer>
                      </answerOptions>
                      <randomize>true</randomize>
                      <maxSelections>1</maxSelections>
                      <correctAnswerFeedback>&lt;div&gt;Correct.&lt;/div&gt;</correctAnswerFeedback>
                      <pointMode>MANUAL</pointMode>
                      <feedbackDisplayMode>NON_RULE_BASED</feedbackDisplayMode>
                      <defaultFeedback>&lt;div&gt;Incorrect.&lt;/div&gt;&#xd;
&lt;div&gt;&amp;nbsp;&lt;/div&gt;&#xd;
&lt;div&gt;Solution: $\Omega(n^2 \sqrt{n})$&lt;/div&gt;</defaultFeedback>
                      <defaultResult>0</defaultResult>
                      <extraFeedbacks id="75"/>
                    </targetStage>
                    <type>NEXT_OR_END</type>
                    <extraWeight>0</extraWeight>
                  </defaultTransition>
                  <skipTransitions id="76"/>
                  <stageTransitions id="77"/>
                  <hints id="78"/>
                  <variableUpdatesOnEnter id="79"/>
                  <variableUpdatesBeforeCheck id="80"/>
                  <variableUpdatesAfterCheck id="81"/>
                  <variableUpdatesOnNormalExit id="82"/>
                  <variableUpdatesOnRepeat id="83"/>
                  <variableUpdatesOnSkip id="84"/>
                  <weight>1</weight>
                  <orderIndex>3</orderIndex>
                  <allowSkip>true</allowSkip>
                  <resources id="85"/>
                  <answerOptions id="86">
                    <MCAnswer id="87">
                      <order>0</order>
                      <rule>CORRECT</rule>
                      <text>&lt;div&gt;$\mathcal{O}(n^2 \lg n)$&lt;/div&gt;</text>
                      <variableName></variableName>
                      <mcstage reference="20"/>
                    </MCAnswer>
                    <MCAnswer id="88">
                      <order>1</order>
                      <rule>WRONG</rule>
                      <text>&lt;div&gt;$\mathcal{O}(n)&lt;!-- notionvc: 646fd985-da86-409c-9f4a-50d9cb5592b1 --&gt;$&lt;/div&gt;</text>
                      <variableName></variableName>
                      <mcstage reference="20"/>
                    </MCAnswer>
                    <MCAnswer id="89">
                      <order>2</order>
                      <rule>WRONG</rule>
                      <text>&lt;div&gt;$\mathcal{O}(n \lg n)$&lt;/div&gt;&#xd;
&lt;!-- notionvc: 2deca6bb-d96e-421d-b9b4-79832f3861f5 --&gt;</text>
                      <variableName></variableName>
                      <mcstage reference="20"/>
                    </MCAnswer>
                    <MCAnswer id="90">
                      <order>3</order>
                      <rule>WRONG</rule>
                      <text>&lt;div&gt;$\mathcal{O}(n^2)$&lt;/div&gt;</text>
                      <variableName></variableName>
                      <mcstage reference="20"/>
                    </MCAnswer>
                    <MCAnswer id="91">
                      <order>4</order>
                      <rule>WRONG</rule>
                      <text>&lt;div&gt;$\mathcal{O}(n^3)$&lt;/div&gt;</text>
                      <variableName></variableName>
                      <mcstage reference="20"/>
                    </MCAnswer>
                    <MCAnswer id="92">
                      <order>5</order>
                      <rule>WRONG</rule>
                      <text>&lt;div&gt;$\mathcal{O}(\sqrt{n})$&lt;/div&gt;</text>
                      <variableName></variableName>
                      <mcstage reference="20"/>
                    </MCAnswer>
                    <MCAnswer id="93">
                      <order>6</order>
                      <rule>WRONG</rule>
                      <text>&lt;div&gt;$\mathcal{O}(2^n)$&lt;/div&gt;</text>
                      <variableName></variableName>
                      <mcstage reference="20"/>
                    </MCAnswer>
                    <MCAnswer id="94">
                      <order>7</order>
                      <rule>WRONG</rule>
                      <text>&lt;div&gt;$\mathcal{O}(n!)$&lt;/div&gt;</text>
                      <variableName></variableName>
                      <mcstage reference="20"/>
                    </MCAnswer>
                  </answerOptions>
                  <randomize>true</randomize>
                  <maxSelections>1</maxSelections>
                  <correctAnswerFeedback>&lt;div&gt;Correct.&lt;/div&gt;</correctAnswerFeedback>
                  <pointMode>MANUAL</pointMode>
                  <feedbackDisplayMode>NON_RULE_BASED</feedbackDisplayMode>
                  <defaultFeedback>&lt;div&gt;Incorrect.&lt;/div&gt;&#xd;
&lt;div&gt;&amp;nbsp;&lt;/div&gt;&#xd;
&lt;div&gt;Solution: &lt;span style=&quot;font-family: -apple-system, BlinkMacSystemFont, &apos;Segoe UI&apos;, Roboto, Oxygen, Ubuntu, Cantarell, &apos;Open Sans&apos;, &apos;Helvetica Neue&apos;, sans-serif;&quot;&gt;$\mathcal{O}(n^2 \lg n)$&lt;/span&gt;&lt;/div&gt;</defaultFeedback>
                  <defaultResult>0</defaultResult>
                  <extraFeedbacks id="95"/>
                </targetStage>
                <type>NEXT_OR_END</type>
                <extraWeight>0</extraWeight>
              </defaultTransition>
              <skipTransitions id="96"/>
              <stageTransitions id="97"/>
              <hints id="98"/>
              <variableUpdatesOnEnter id="99"/>
              <variableUpdatesBeforeCheck id="100"/>
              <variableUpdatesAfterCheck id="101"/>
              <variableUpdatesOnNormalExit id="102"/>
              <variableUpdatesOnRepeat id="103"/>
              <variableUpdatesOnSkip id="104"/>
              <weight>1</weight>
              <orderIndex>2</orderIndex>
              <allowSkip>true</allowSkip>
              <resources id="105"/>
              <answerOptions id="106">
                <MCAnswer id="107">
                  <order>0</order>
                  <rule>WRONG</rule>
                  <text>&lt;div&gt;$\mathcal{O}(n)&lt;!-- notionvc: 646fd985-da86-409c-9f4a-50d9cb5592b1 --&gt;$&lt;/div&gt;</text>
                  <variableName></variableName>
                  <mcstage reference="15"/>
                </MCAnswer>
                <MCAnswer id="108">
                  <order>1</order>
                  <rule>WRONG</rule>
                  <text>&lt;div&gt;$\mathcal{O}(n \lg n)$&lt;/div&gt;&#xd;
&lt;!-- notionvc: 2deca6bb-d96e-421d-b9b4-79832f3861f5 --&gt;</text>
                  <variableName></variableName>
                  <mcstage reference="15"/>
                </MCAnswer>
                <MCAnswer id="109">
                  <order>2</order>
                  <rule>WRONG</rule>
                  <text>&lt;div&gt;$\mathcal{O}(n^2)$&lt;/div&gt;</text>
                  <variableName></variableName>
                  <mcstage reference="15"/>
                </MCAnswer>
                <MCAnswer id="110">
                  <order>3</order>
                  <rule>WRONG</rule>
                  <text>&lt;div&gt;$\mathcal{O}(n^3)$&lt;/div&gt;</text>
                  <variableName></variableName>
                  <mcstage reference="15"/>
                </MCAnswer>
                <MCAnswer id="111">
                  <order>4</order>
                  <rule>WRONG</rule>
                  <text>&lt;div&gt;$\mathcal{O}(n^2 \lg n)$&lt;/div&gt;</text>
                  <variableName></variableName>
                  <mcstage reference="15"/>
                </MCAnswer>
                <MCAnswer id="112">
                  <order>5</order>
                  <rule>WRONG</rule>
                  <text>&lt;div&gt;$\mathcal{O}(\sqrt{n})$&lt;/div&gt;</text>
                  <variableName></variableName>
                  <mcstage reference="15"/>
                </MCAnswer>
                <MCAnswer id="113">
                  <order>6</order>
                  <rule>WRONG</rule>
                  <text>&lt;div&gt;$\mathcal{O}(2^n)$&lt;/div&gt;</text>
                  <variableName></variableName>
                  <mcstage reference="15"/>
                </MCAnswer>
                <MCAnswer id="114">
                  <order>7</order>
                  <rule>WRONG</rule>
                  <text>&lt;div&gt;$\mathcal{O}(n!)$&lt;/div&gt;</text>
                  <variableName></variableName>
                  <mcstage reference="15"/>
                </MCAnswer>
                <MCAnswer id="115">
                  <order>8</order>
                  <rule>CORRECT</rule>
                  <text>&lt;div&gt;$\mathcal{O}(n^2 \sqrt{n})$&lt;/div&gt;</text>
                  <variableName></variableName>
                  <mcstage reference="15"/>
                </MCAnswer>
              </answerOptions>
              <randomize>true</randomize>
              <maxSelections>1</maxSelections>
              <correctAnswerFeedback>&lt;div&gt;Correct.&lt;/div&gt;</correctAnswerFeedback>
              <pointMode>MANUAL</pointMode>
              <feedbackDisplayMode>NON_RULE_BASED</feedbackDisplayMode>
              <defaultFeedback>&lt;div&gt;Incorrect.&lt;/div&gt;&#xd;
&lt;div&gt;&amp;nbsp;&lt;/div&gt;&#xd;
&lt;div&gt;Solution: $\mathcal{O}&lt;!-- notionvc: f2680605-20af-4466-bbe1-169e29d71889 --&gt;(n^2 \sqrt{n})$&lt;/div&gt;</defaultFeedback>
              <defaultResult>0</defaultResult>
              <extraFeedbacks id="116"/>
            </targetStage>
            <type>NEXT_OR_END</type>
            <extraWeight>0</extraWeight>
          </defaultTransition>
          <skipTransitions id="117"/>
          <stageTransitions id="118"/>
          <hints id="119"/>
          <variableUpdatesOnEnter id="120"/>
          <variableUpdatesBeforeCheck id="121"/>
          <variableUpdatesAfterCheck id="122"/>
          <variableUpdatesOnNormalExit id="123"/>
          <variableUpdatesOnRepeat id="124"/>
          <variableUpdatesOnSkip id="125"/>
          <weight>1</weight>
          <orderIndex>1</orderIndex>
          <allowSkip>true</allowSkip>
          <resources id="126"/>
          <answerOptions id="127">
            <MCAnswer id="128">
              <order>0</order>
              <rule>CORRECT</rule>
              <text>&lt;div&gt;$\Theta(n^2 \lg n)$&lt;/div&gt;</text>
              <variableName></variableName>
              <mcstage reference="10"/>
            </MCAnswer>
            <MCAnswer id="129">
              <order>1</order>
              <rule>WRONG</rule>
              <text>&lt;div&gt;$\Theta(n)&lt;!-- notionvc: 646fd985-da86-409c-9f4a-50d9cb5592b1 --&gt;$&lt;/div&gt;</text>
              <variableName></variableName>
              <mcstage reference="10"/>
            </MCAnswer>
            <MCAnswer id="130">
              <order>2</order>
              <rule>WRONG</rule>
              <text>&lt;div&gt;$\Theta(n \lg n)$&lt;/div&gt;&#xd;
&lt;!-- notionvc: 2deca6bb-d96e-421d-b9b4-79832f3861f5 --&gt;</text>
              <variableName></variableName>
              <mcstage reference="10"/>
            </MCAnswer>
            <MCAnswer id="131">
              <order>3</order>
              <rule>WRONG</rule>
              <text>$\Theta(n^2)$</text>
              <variableName></variableName>
              <mcstage reference="10"/>
            </MCAnswer>
            <MCAnswer id="132">
              <order>4</order>
              <rule>WRONG</rule>
              <text>$\Theta(n^3)$</text>
              <variableName></variableName>
              <mcstage reference="10"/>
            </MCAnswer>
            <MCAnswer id="133">
              <order>5</order>
              <rule>WRONG</rule>
              <text>$\Theta(\sqrt{n})$</text>
              <variableName></variableName>
              <mcstage reference="10"/>
            </MCAnswer>
            <MCAnswer id="134">
              <order>6</order>
              <rule>WRONG</rule>
              <text>$\Theta(2^n)$</text>
              <variableName></variableName>
              <mcstage reference="10"/>
            </MCAnswer>
            <MCAnswer id="135">
              <order>7</order>
              <rule>WRONG</rule>
              <text>$\Theta(n!)$</text>
              <variableName></variableName>
              <mcstage reference="10"/>
            </MCAnswer>
          </answerOptions>
          <randomize>true</randomize>
          <maxSelections>1</maxSelections>
          <correctAnswerFeedback>&lt;div&gt;Correct.&lt;/div&gt;</correctAnswerFeedback>
          <pointMode>MANUAL</pointMode>
          <feedbackDisplayMode>NON_RULE_BASED</feedbackDisplayMode>
          <defaultFeedback>&lt;div&gt;Incorrect.&lt;/div&gt;&#xd;
&lt;div&gt;&amp;nbsp;&lt;/div&gt;&#xd;
&lt;div&gt;Solution: $\Theta(n^2 \lg n)$&lt;/div&gt;</defaultFeedback>
          <defaultResult>0</defaultResult>
          <extraFeedbacks id="136"/>
        </targetStage>
        <type>NEXT_OR_END</type>
        <extraWeight>0</extraWeight>
      </defaultTransition>
      <skipTransitions id="137"/>
      <stageTransitions id="138"/>
      <hints id="139"/>
      <variableUpdatesOnEnter id="140"/>
      <variableUpdatesBeforeCheck id="141"/>
      <variableUpdatesAfterCheck id="142"/>
      <variableUpdatesOnNormalExit id="143"/>
      <variableUpdatesOnRepeat id="144"/>
      <variableUpdatesOnSkip id="145"/>
      <weight>1</weight>
      <orderIndex>0</orderIndex>
      <allowSkip>true</allowSkip>
      <resources id="146"/>
      <answerOptions id="147">
        <MCAnswer id="148">
          <order>0</order>
          <rule>CORRECT</rule>
          <text>&lt;div&gt;$\Theta(n^2 \sqrt{n})$&lt;/div&gt;</text>
          <variableName></variableName>
          <mcstage reference="5"/>
        </MCAnswer>
        <MCAnswer id="149">
          <order>1</order>
          <rule>WRONG</rule>
          <text>&lt;div&gt;$\Theta(n)&lt;!-- notionvc: 646fd985-da86-409c-9f4a-50d9cb5592b1 --&gt;$&lt;/div&gt;</text>
          <variableName></variableName>
          <mcstage reference="5"/>
        </MCAnswer>
        <MCAnswer id="150">
          <order>2</order>
          <rule>WRONG</rule>
          <text>&lt;div&gt;$\Theta(n \lg n)$&lt;/div&gt;&#xd;
&lt;!-- notionvc: 2deca6bb-d96e-421d-b9b4-79832f3861f5 --&gt;</text>
          <variableName></variableName>
          <mcstage reference="5"/>
        </MCAnswer>
        <MCAnswer id="151">
          <order>3</order>
          <rule>WRONG</rule>
          <text>$\Theta(n^2)$</text>
          <variableName></variableName>
          <mcstage reference="5"/>
        </MCAnswer>
        <MCAnswer id="152">
          <order>4</order>
          <rule>WRONG</rule>
          <text>$\Theta(n^3)$</text>
          <variableName></variableName>
          <mcstage reference="5"/>
        </MCAnswer>
        <MCAnswer id="153">
          <order>5</order>
          <rule>WRONG</rule>
          <text>$\Theta(n^2 \lg n)$</text>
          <variableName></variableName>
          <mcstage reference="5"/>
        </MCAnswer>
        <MCAnswer id="154">
          <order>6</order>
          <rule>WRONG</rule>
          <text>$\Theta(\sqrt{n})$</text>
          <variableName></variableName>
          <mcstage reference="5"/>
        </MCAnswer>
        <MCAnswer id="155">
          <order>7</order>
          <rule>WRONG</rule>
          <text>$\Theta(2^n)$</text>
          <variableName></variableName>
          <mcstage reference="5"/>
        </MCAnswer>
        <MCAnswer id="156">
          <order>8</order>
          <rule>WRONG</rule>
          <text>$\Theta(n!)$</text>
          <variableName></variableName>
          <mcstage reference="5"/>
        </MCAnswer>
      </answerOptions>
      <randomize>true</randomize>
      <maxSelections>1</maxSelections>
      <correctAnswerFeedback>&lt;div&gt;Correct.&lt;/div&gt;</correctAnswerFeedback>
      <pointMode>MANUAL</pointMode>
      <feedbackDisplayMode>NON_RULE_BASED</feedbackDisplayMode>
      <defaultFeedback>&lt;div&gt;Incorrect.&lt;/div&gt;&#xd;
&lt;div&gt;&amp;nbsp;&lt;/div&gt;&#xd;
&lt;div&gt;Solution: $\Theta(n^2 \sqrt{n})$&lt;/div&gt;</defaultFeedback>
      <defaultResult>0</defaultResult>
      <extraFeedbacks id="157"/>
    </MCStage>
    <MCStage reference="10"/>
    <MCStage reference="15"/>
    <MCStage reference="20"/>
    <MCStage reference="25"/>
    <MCStage reference="30"/>
  </stages>
  <startStage class="MCStage" reference="5"/>
  <variableDeclarations id="158"/>
  <jSXGraphs id="159"/>
  <dynamicMolecules id="160"/>
  <resultFeedbackMappings id="161"/>
</Exercise>