<Exercise id="1">
  <name>5_Asymptotic_Notation_34-37</name>
  <internalNotes></internalNotes>
  <language>en</language>
  <difficulty>0</difficulty>
  <tags id="2"/>
  <resources id="3"/>
  <stages id="4">
    <MCStage id="5">
      <internalName>#1</internalName>
      <externalName>Provide Asymptotic Growth Notation 7</externalName>
      <taskDescription>&lt;div&gt;Select all sets of asymptotic growth for $f(n) = 4n^2 \sqrt{n} + 2n^{3/2} - 7$.&lt;/div&gt;</taskDescription>
      <feedbackRules id="6"/>
      <defaultTransition id="7">
        <conditionExpression id="8">
          <domain>MATH</domain>
        </conditionExpression>
        <stageExpression id="9">
          <domain>MATH</domain>
        </stageExpression>
        <targetStage class="MCStage" id="10">
          <internalName>#2</internalName>
          <externalName>Provide Asymptotic Growth Notation 8</externalName>
          <taskDescription>&lt;div&gt;Select all functions that are in $\Omega(n \lg n)$.&lt;/div&gt;</taskDescription>
          <feedbackRules id="11"/>
          <defaultTransition id="12">
            <conditionExpression id="13">
              <domain>MATH</domain>
            </conditionExpression>
            <stageExpression id="14">
              <domain>MATH</domain>
            </stageExpression>
            <targetStage class="MCStage" id="15">
              <internalName>#3</internalName>
              <externalName>Growth Speed 1</externalName>
              <taskDescription>&lt;p class=&quot;p1&quot;&gt;Complete the statement &amp;ldquo;The logarithm function grows asymptotically ______ than every power function&amp;rdquo; so that the result is a correct statement.&lt;/p&gt;</taskDescription>
              <feedbackRules id="16"/>
              <defaultTransition id="17">
                <conditionExpression id="18">
                  <domain>MATH</domain>
                </conditionExpression>
                <stageExpression id="19">
                  <domain>MATH</domain>
                </stageExpression>
                <targetStage class="MCStage" id="20">
                  <internalName>#4</internalName>
                  <externalName>Growth Speed 2</externalName>
                  <taskDescription>&lt;p class=&quot;p1&quot;&gt;Complete the statement &amp;ldquo;The exponential function grows asymptotically ______ than every power function&amp;rdquo; so that the result is a correct statement.&lt;/p&gt;</taskDescription>
                  <feedbackRules id="21"/>
                  <defaultTransition id="22">
                    <conditionExpression id="23">
                      <domain>MATH</domain>
                    </conditionExpression>
                    <stageExpression id="24">
                      <domain>MATH</domain>
                    </stageExpression>
                    <type>NEXT_OR_END</type>
                    <extraWeight>0</extraWeight>
                  </defaultTransition>
                  <skipTransitions id="25"/>
                  <stageTransitions id="26"/>
                  <hints id="27"/>
                  <variableUpdatesOnEnter id="28"/>
                  <variableUpdatesBeforeCheck id="29"/>
                  <variableUpdatesAfterCheck id="30"/>
                  <variableUpdatesOnNormalExit id="31"/>
                  <variableUpdatesOnRepeat id="32"/>
                  <variableUpdatesOnSkip id="33"/>
                  <weight>1</weight>
                  <orderIndex>3</orderIndex>
                  <allowSkip>true</allowSkip>
                  <resources id="34"/>
                  <answerOptions id="35">
                    <MCAnswer id="36">
                      <order>0</order>
                      <rule>WRONG</rule>
                      <text>&lt;div&gt;slower&lt;/div&gt;</text>
                      <variableName></variableName>
                      <mcstage reference="20"/>
                    </MCAnswer>
                    <MCAnswer id="37">
                      <order>1</order>
                      <rule>CORRECT</rule>
                      <text>&lt;div&gt;faster&lt;/div&gt;</text>
                      <variableName></variableName>
                      <mcstage reference="20"/>
                    </MCAnswer>
                  </answerOptions>
                  <randomize>true</randomize>
                  <maxSelections>1</maxSelections>
                  <correctAnswerFeedback>&lt;div&gt;Correct.&lt;/div&gt;</correctAnswerFeedback>
                  <pointMode>MANUAL</pointMode>
                  <feedbackDisplayMode>NON_RULE_BASED</feedbackDisplayMode>
                  <defaultFeedback>&lt;div&gt;Incorrect.&lt;/div&gt;&#xd;
&lt;div&gt;&amp;nbsp;&lt;/div&gt;&#xd;
&lt;div&gt;Solution: faster&lt;/div&gt;</defaultFeedback>
                  <defaultResult>0</defaultResult>
                  <extraFeedbacks id="38"/>
                </targetStage>
                <type>NEXT_OR_END</type>
                <extraWeight>0</extraWeight>
              </defaultTransition>
              <skipTransitions id="39"/>
              <stageTransitions id="40"/>
              <hints id="41"/>
              <variableUpdatesOnEnter id="42"/>
              <variableUpdatesBeforeCheck id="43"/>
              <variableUpdatesAfterCheck id="44"/>
              <variableUpdatesOnNormalExit id="45"/>
              <variableUpdatesOnRepeat id="46"/>
              <variableUpdatesOnSkip id="47"/>
              <weight>1</weight>
              <orderIndex>2</orderIndex>
              <allowSkip>true</allowSkip>
              <resources id="48"/>
              <answerOptions id="49">
                <MCAnswer id="50">
                  <order>0</order>
                  <rule>CORRECT</rule>
                  <text>&lt;div&gt;slower&lt;/div&gt;</text>
                  <variableName></variableName>
                  <mcstage reference="15"/>
                </MCAnswer>
                <MCAnswer id="51">
                  <order>1</order>
                  <rule>WRONG</rule>
                  <text>&lt;div&gt;faster&lt;/div&gt;</text>
                  <variableName></variableName>
                  <mcstage reference="15"/>
                </MCAnswer>
              </answerOptions>
              <randomize>true</randomize>
              <maxSelections>1</maxSelections>
              <correctAnswerFeedback>&lt;div&gt;Correct.&lt;/div&gt;</correctAnswerFeedback>
              <pointMode>MANUAL</pointMode>
              <feedbackDisplayMode>NON_RULE_BASED</feedbackDisplayMode>
              <defaultFeedback>&lt;div&gt;Incorrect.&lt;/div&gt;&#xd;
&lt;div&gt;&amp;nbsp;&lt;/div&gt;&#xd;
&lt;div&gt;Solution: slower&lt;/div&gt;</defaultFeedback>
              <defaultResult>0</defaultResult>
              <extraFeedbacks id="52"/>
            </targetStage>
            <type>NEXT_OR_END</type>
            <extraWeight>0</extraWeight>
          </defaultTransition>
          <skipTransitions id="53"/>
          <stageTransitions id="54"/>
          <hints id="55"/>
          <variableUpdatesOnEnter id="56"/>
          <variableUpdatesBeforeCheck id="57"/>
          <variableUpdatesAfterCheck id="58"/>
          <variableUpdatesOnNormalExit id="59"/>
          <variableUpdatesOnRepeat id="60"/>
          <variableUpdatesOnSkip id="61"/>
          <weight>1</weight>
          <orderIndex>1</orderIndex>
          <allowSkip>true</allowSkip>
          <resources id="62"/>
          <answerOptions id="63">
            <MCAnswer id="64">
              <order>0</order>
              <rule>CORRECT</rule>
              <text>&lt;div&gt;$n^2\sqrt{n}$&lt;/div&gt;</text>
              <variableName></variableName>
              <mcstage reference="10"/>
            </MCAnswer>
            <MCAnswer id="65">
              <order>1</order>
              <rule>CORRECT</rule>
              <text>&lt;div&gt;$n^3$&lt;/div&gt;</text>
              <variableName></variableName>
              <mcstage reference="10"/>
            </MCAnswer>
            <MCAnswer id="66">
              <order>2</order>
              <rule>CORRECT</rule>
              <text>&lt;div&gt;$n \lg n$&lt;/div&gt;</text>
              <variableName></variableName>
              <mcstage reference="10"/>
            </MCAnswer>
            <MCAnswer id="67">
              <order>3</order>
              <rule>CORRECT</rule>
              <text>&lt;div&gt;$n (\lg n)^2$&lt;/div&gt;</text>
              <variableName></variableName>
              <mcstage reference="10"/>
            </MCAnswer>
            <MCAnswer id="68">
              <order>4</order>
              <rule>WRONG</rule>
              <text>$\sqrt{n}$</text>
              <variableName></variableName>
              <mcstage reference="10"/>
            </MCAnswer>
            <MCAnswer id="69">
              <order>5</order>
              <rule>WRONG</rule>
              <text>$n$</text>
              <variableName></variableName>
              <mcstage reference="10"/>
            </MCAnswer>
            <MCAnswer id="70">
              <order>6</order>
              <rule>WRONG</rule>
              <text>$\log n$</text>
              <variableName></variableName>
              <mcstage reference="10"/>
            </MCAnswer>
            <MCAnswer id="71">
              <order>7</order>
              <rule>WRONG</rule>
              <text>$n^{1/2} \log n$</text>
              <variableName></variableName>
              <mcstage reference="10"/>
            </MCAnswer>
            <MCAnswer id="72">
              <order>8</order>
              <rule>WRONG</rule>
              <text>$\log^2 n$</text>
              <variableName></variableName>
              <mcstage reference="10"/>
            </MCAnswer>
            <MCAnswer id="73">
              <order>9</order>
              <rule>WRONG</rule>
              <text>$1$</text>
              <variableName></variableName>
              <mcstage reference="10"/>
            </MCAnswer>
            <MCAnswer id="74">
              <order>10</order>
              <rule>WRONG</rule>
              <text>&lt;div&gt;$\frac{n}{\log n}$&lt;/div&gt;</text>
              <variableName></variableName>
              <mcstage reference="10"/>
            </MCAnswer>
            <MCAnswer id="75">
              <order>11</order>
              <rule>WRONG</rule>
              <text>$\sqrt{n \log n}$</text>
              <variableName></variableName>
              <mcstage reference="10"/>
            </MCAnswer>
            <MCAnswer id="76">
              <order>12</order>
              <rule>WRONG</rule>
              <text>$\log(\log n)$</text>
              <variableName></variableName>
              <mcstage reference="10"/>
            </MCAnswer>
            <MCAnswer id="77">
              <order>13</order>
              <rule>WRONG</rule>
              <text>$n^{0.9}$</text>
              <variableName></variableName>
              <mcstage reference="10"/>
            </MCAnswer>
          </answerOptions>
          <randomize>true</randomize>
          <correctAnswerFeedback>&lt;div&gt;Correct.&lt;/div&gt;</correctAnswerFeedback>
          <pointMode>MANUAL</pointMode>
          <feedbackDisplayMode>NON_RULE_BASED</feedbackDisplayMode>
          <defaultFeedback>&lt;div&gt;Incorrect.&lt;/div&gt;&#xd;
&lt;div&gt;&amp;nbsp;&lt;/div&gt;&#xd;
&lt;div&gt;Solution:&amp;nbsp;&lt;/div&gt;&#xd;
&lt;ul&gt;&#xd;
&lt;li&gt;$n^2\sqrt{n}$&lt;/li&gt;&#xd;
&lt;li&gt;$n^3$&lt;/li&gt;&#xd;
&lt;li&gt;$n \lg n$&lt;/li&gt;&#xd;
&lt;li&gt;$n (\lg n)^2$&lt;/li&gt;&#xd;
&lt;/ul&gt;</defaultFeedback>
          <defaultResult>0</defaultResult>
          <extraFeedbacks id="78"/>
        </targetStage>
        <type>NEXT_OR_END</type>
        <extraWeight>0</extraWeight>
      </defaultTransition>
      <skipTransitions id="79"/>
      <stageTransitions id="80"/>
      <hints id="81"/>
      <variableUpdatesOnEnter id="82"/>
      <variableUpdatesBeforeCheck id="83"/>
      <variableUpdatesAfterCheck id="84"/>
      <variableUpdatesOnNormalExit id="85"/>
      <variableUpdatesOnRepeat id="86"/>
      <variableUpdatesOnSkip id="87"/>
      <weight>1</weight>
      <orderIndex>0</orderIndex>
      <allowSkip>true</allowSkip>
      <resources id="88"/>
      <answerOptions id="89">
        <MCAnswer id="90">
          <order>0</order>
          <rule>CORRECT</rule>
          <text>&lt;div&gt;$\Theta(n^2 \sqrt{n})$&lt;/div&gt;</text>
          <variableName></variableName>
          <mcstage reference="5"/>
        </MCAnswer>
        <MCAnswer id="91">
          <order>1</order>
          <rule>CORRECT</rule>
          <text>&lt;div&gt;$\mathcal{O}(n^3)$&lt;/div&gt;</text>
          <variableName></variableName>
          <mcstage reference="5"/>
        </MCAnswer>
        <MCAnswer id="92">
          <order>2</order>
          <rule>CORRECT</rule>
          <text>&lt;div&gt;$\Omega(n \lg n)$&lt;/div&gt;</text>
          <variableName></variableName>
          <mcstage reference="5"/>
        </MCAnswer>
        <MCAnswer id="93">
          <order>3</order>
          <rule>WRONG</rule>
          <text>$\Theta(n^2)$</text>
          <variableName></variableName>
          <mcstage reference="5"/>
        </MCAnswer>
        <MCAnswer id="94">
          <order>4</order>
          <rule>WRONG</rule>
          <text>$\Theta(n^3)$</text>
          <variableName></variableName>
          <mcstage reference="5"/>
        </MCAnswer>
        <MCAnswer id="95">
          <order>5</order>
          <rule>WRONG</rule>
          <text>$\mathcal{O}(n)$</text>
          <variableName></variableName>
          <mcstage reference="5"/>
        </MCAnswer>
        <MCAnswer id="96">
          <order>6</order>
          <rule>WRONG</rule>
          <text>$\mathcal{O}(\sqrt{n})$</text>
          <variableName></variableName>
          <mcstage reference="5"/>
        </MCAnswer>
        <MCAnswer id="97">
          <order>7</order>
          <rule>WRONG</rule>
          <text>$\mathcal{O}(n \log n)$</text>
          <variableName></variableName>
          <mcstage reference="5"/>
        </MCAnswer>
        <MCAnswer id="98">
          <order>8</order>
          <rule>WRONG</rule>
          <text>$\Omega(n^3)$</text>
          <variableName></variableName>
          <mcstage reference="5"/>
        </MCAnswer>
        <MCAnswer id="99">
          <order>9</order>
          <rule>WRONG</rule>
          <text>$\Omega(n^4)$</text>
          <variableName></variableName>
          <mcstage reference="5"/>
        </MCAnswer>
        <MCAnswer id="100">
          <order>10</order>
          <rule>WRONG</rule>
          <text>$\Omega(2^n)$</text>
          <variableName></variableName>
          <mcstage reference="5"/>
        </MCAnswer>
        <MCAnswer id="101">
          <order>11</order>
          <rule>WRONG</rule>
          <text>$\Omega(n!)$</text>
          <variableName></variableName>
          <mcstage reference="5"/>
        </MCAnswer>
      </answerOptions>
      <randomize>true</randomize>
      <correctAnswerFeedback>&lt;div&gt;Correct.&lt;/div&gt;</correctAnswerFeedback>
      <pointMode>MANUAL</pointMode>
      <feedbackDisplayMode>NON_RULE_BASED</feedbackDisplayMode>
      <defaultFeedback>&lt;div&gt;Incorrect.&lt;/div&gt;&#xd;
&lt;div&gt;&amp;nbsp;&lt;/div&gt;&#xd;
&lt;div&gt;Solution:&amp;nbsp;&lt;/div&gt;&#xd;
&lt;ul&gt;&#xd;
&lt;li&gt;&#xd;
&lt;div&gt;$\Theta(n^2 \sqrt{n})$&lt;/div&gt;&#xd;
&lt;/li&gt;&#xd;
&lt;li&gt;&#xd;
&lt;div&gt;$\mathcal{O}(n^3)$&lt;/div&gt;&#xd;
&lt;/li&gt;&#xd;
&lt;li&gt;&#xd;
&lt;div&gt;$\Omega(n \lg n)$&lt;/div&gt;&#xd;
&lt;/li&gt;&#xd;
&lt;/ul&gt;</defaultFeedback>
      <defaultResult>0</defaultResult>
      <extraFeedbacks id="102"/>
    </MCStage>
    <MCStage reference="10"/>
    <MCStage reference="15"/>
    <MCStage reference="20"/>
  </stages>
  <startStage class="MCStage" reference="5"/>
  <variableDeclarations id="103"/>
  <jSXGraphs id="104"/>
  <dynamicMolecules id="105"/>
  <resultFeedbackMappings id="106"/>
</Exercise>