<Exercise id="1">
  <name>4_Asymptotic_Notation_19-27</name>
  <internalNotes></internalNotes>
  <language>en</language>
  <difficulty>0</difficulty>
  <tags id="2"/>
  <resources id="3"/>
  <stages id="4">
    <MCStage id="5">
      <internalName>#1</internalName>
      <externalName>Complete Asymptotic Behavior 1</externalName>
      <taskDescription>&lt;div&gt;
&lt;p class=&quot;p1&quot;&gt;Complete the statement $n \lg n + n^{2}\sqrt{n} \in$ ____ $(n^{4})$ so that the result is a correct statement regarding the asymptotic behavior.&lt;/p&gt;
&lt;/div&gt;</taskDescription>
      <feedbackRules id="6"/>
      <defaultTransition id="7">
        <conditionExpression id="8">
          <domain>MATH</domain>
        </conditionExpression>
        <stageExpression id="9">
          <domain>MATH</domain>
        </stageExpression>
        <targetStage class="MCStage" id="10">
          <internalName>#2</internalName>
          <externalName>Complete Asymptotic Behavior 2</externalName>
          <taskDescription>&lt;div&gt;
&lt;p class=&quot;p1&quot;&gt;Complete the statement $(\lg n)^2 \in$ ____ $(n)$ so that the result is a correct statement regarding the asymptotic behavior.&lt;/p&gt;
&lt;/div&gt;</taskDescription>
          <feedbackRules id="11"/>
          <defaultTransition id="12">
            <conditionExpression id="13">
              <domain>MATH</domain>
            </conditionExpression>
            <stageExpression id="14">
              <domain>MATH</domain>
            </stageExpression>
            <targetStage class="MCStage" id="15">
              <internalName>#3</internalName>
              <externalName>Complete Asymptotic Behavior 3</externalName>
              <taskDescription>&lt;div&gt;
&lt;p class=&quot;p1&quot;&gt;Complete the statement $n^2 \lg n + 42 \in$ ____ $(\sqrt n^5)$ so that the result is a correct statement regarding the asymptotic behavior.&lt;/p&gt;
&lt;/div&gt;</taskDescription>
              <feedbackRules id="16"/>
              <defaultTransition id="17">
                <conditionExpression id="18">
                  <domain>MATH</domain>
                </conditionExpression>
                <stageExpression id="19">
                  <domain>MATH</domain>
                </stageExpression>
                <targetStage class="MCStage" id="20">
                  <internalName>#4</internalName>
                  <externalName>Complete Asymptotic Behavior 4</externalName>
                  <taskDescription>&lt;div&gt;
&lt;p class=&quot;p1&quot;&gt;Complete the statement $\omega (n \lg n) \subseteq$ ____ $(n \lg n)$ so that the result is a correct statement regarding the asymptotic behavior.&lt;/p&gt;
&lt;/div&gt;</taskDescription>
                  <feedbackRules id="21"/>
                  <defaultTransition id="22">
                    <conditionExpression id="23">
                      <domain>MATH</domain>
                    </conditionExpression>
                    <stageExpression id="24">
                      <domain>MATH</domain>
                    </stageExpression>
                    <targetStage class="MCStage" id="25">
                      <internalName>#5</internalName>
                      <externalName>Complete Asymptotic Behavior 5</externalName>
                      <taskDescription>&lt;div&gt;
&lt;p class=&quot;p1&quot;&gt;Complete the statement $n^2 \lg n + n^2 \sqrt{n} \in \mathcal{O}$(____) so that the result is a correct statement regarding the asymptotic behavior.&lt;/p&gt;
&lt;/div&gt;</taskDescription>
                      <feedbackRules id="26"/>
                      <defaultTransition id="27">
                        <conditionExpression id="28">
                          <domain>MATH</domain>
                        </conditionExpression>
                        <stageExpression id="29">
                          <domain>MATH</domain>
                        </stageExpression>
                        <targetStage class="MCStage" id="30">
                          <internalName>#6</internalName>
                          <externalName>Complete Asymptotic Behavior 6</externalName>
                          <taskDescription>&lt;div&gt;
&lt;p class=&quot;p1&quot;&gt;Complete the statement $n^2 \lg n + n^2 \sqrt{n} \in \Omega$(____) so that the result is a correct statement regarding the asymptotic behavior.&lt;/p&gt;
&lt;/div&gt;</taskDescription>
                          <feedbackRules id="31"/>
                          <defaultTransition id="32">
                            <conditionExpression id="33">
                              <domain>MATH</domain>
                            </conditionExpression>
                            <stageExpression id="34">
                              <domain>MATH</domain>
                            </stageExpression>
                            <targetStage class="MCStage" id="35">
                              <internalName>#7</internalName>
                              <externalName>Complete Asymptotic Behavior 7</externalName>
                              <taskDescription>&lt;div&gt;
&lt;p class=&quot;p1&quot;&gt;Complete the statement $n^4$ ____ $\mathcal{O}(n^3 \lg n)$ so that the result is a correct statement regarding the asymptotic behavior.&lt;/p&gt;
&lt;/div&gt;</taskDescription>
                              <feedbackRules id="36"/>
                              <defaultTransition id="37">
                                <conditionExpression id="38">
                                  <domain>MATH</domain>
                                </conditionExpression>
                                <stageExpression id="39">
                                  <domain>MATH</domain>
                                </stageExpression>
                                <targetStage class="MCStage" id="40">
                                  <internalName>#8</internalName>
                                  <externalName>Complete Asymptotic Behavior 8</externalName>
                                  <taskDescription>&lt;div&gt;
&lt;p class=&quot;p1&quot;&gt;Complete the statement $n^3 \lg n + n^3 \sqrt{n} \in \mathcal{O}$(____) so that the result is a correct statement regarding the asymptotic behavior.&lt;/p&gt;
&lt;/div&gt;</taskDescription>
                                  <feedbackRules id="41"/>
                                  <defaultTransition id="42">
                                    <conditionExpression id="43">
                                      <domain>MATH</domain>
                                    </conditionExpression>
                                    <stageExpression id="44">
                                      <domain>MATH</domain>
                                    </stageExpression>
                                    <targetStage class="MCStage" id="45">
                                      <internalName>#9</internalName>
                                      <externalName>Complete Asymptotic Behavior 9</externalName>
                                      <taskDescription>&lt;div&gt;
&lt;p class=&quot;p1&quot;&gt;Complete the statement $n^3 \lg n + n^3 \sqrt{n} \in \Omega$ (____) so that the result is a correct statement regarding the asymptotic behavior.&lt;/p&gt;
&lt;/div&gt;</taskDescription>
                                      <feedbackRules id="46"/>
                                      <defaultTransition id="47">
                                        <conditionExpression id="48">
                                          <domain>MATH</domain>
                                        </conditionExpression>
                                        <stageExpression id="49">
                                          <domain>MATH</domain>
                                        </stageExpression>
                                        <type>NEXT_OR_END</type>
                                        <extraWeight>0</extraWeight>
                                      </defaultTransition>
                                      <skipTransitions id="50"/>
                                      <stageTransitions id="51"/>
                                      <hints id="52"/>
                                      <variableUpdatesOnEnter id="53"/>
                                      <variableUpdatesBeforeCheck id="54"/>
                                      <variableUpdatesAfterCheck id="55"/>
                                      <variableUpdatesOnNormalExit id="56"/>
                                      <variableUpdatesOnRepeat id="57"/>
                                      <variableUpdatesOnSkip id="58"/>
                                      <weight>1</weight>
                                      <orderIndex>8</orderIndex>
                                      <allowSkip>true</allowSkip>
                                      <resources id="59"/>
                                      <answerOptions id="60">
                                        <MCAnswer id="61">
                                          <order>0</order>
                                          <rule>WRONG</rule>
                                          <text>&lt;div&gt;$n$&lt;/div&gt;</text>
                                          <variableName></variableName>
                                          <mcstage reference="45"/>
                                        </MCAnswer>
                                        <MCAnswer id="62">
                                          <order>1</order>
                                          <rule>WRONG</rule>
                                          <text>&lt;div&gt;$n^2$&lt;/div&gt;</text>
                                          <variableName></variableName>
                                          <mcstage reference="45"/>
                                        </MCAnswer>
                                        <MCAnswer id="63">
                                          <order>2</order>
                                          <rule>WRONG</rule>
                                          <text>&lt;div&gt;$\sqrt{&lt;!-- notionvc: e96fe4a1-4c61-4951-a350-c26d9201f11a --&gt;n}$&lt;/div&gt;&#xd;
&lt;!-- notionvc: 275a6ab1-4e76-455f-8be0-a905aaf89d1c --&gt;</text>
                                          <variableName></variableName>
                                          <mcstage reference="45"/>
                                        </MCAnswer>
                                        <MCAnswer id="64">
                                          <order>3</order>
                                          <rule>WRONG</rule>
                                          <text>&lt;div&gt;$\lg n$&lt;/div&gt;</text>
                                          <variableName></variableName>
                                          <mcstage reference="45"/>
                                        </MCAnswer>
                                        <MCAnswer id="65">
                                          <order>4</order>
                                          <rule>WRONG</rule>
                                          <text>&lt;div&gt;$n \lg n$&lt;/div&gt;&#xd;
&lt;!-- notionvc: 698aed05-126f-4760-b8fa-5d0f716cb2b0 --&gt;</text>
                                          <variableName></variableName>
                                          <mcstage reference="45"/>
                                        </MCAnswer>
                                        <MCAnswer id="66">
                                          <order>5</order>
                                          <rule>CORRECT</rule>
                                          <text>&lt;div&gt;$n^3$&lt;/div&gt;</text>
                                          <variableName></variableName>
                                          <mcstage reference="45"/>
                                        </MCAnswer>
                                        <MCAnswer id="67">
                                          <order>6</order>
                                          <rule>WRONG</rule>
                                          <text>&lt;div&gt;$n^4$&lt;/div&gt;</text>
                                          <variableName></variableName>
                                          <mcstage reference="45"/>
                                        </MCAnswer>
                                        <MCAnswer id="68">
                                          <order>7</order>
                                          <rule>WRONG</rule>
                                          <text>&lt;div&gt;$2^n$&lt;/div&gt;</text>
                                          <variableName></variableName>
                                          <mcstage reference="45"/>
                                        </MCAnswer>
                                        <MCAnswer id="69">
                                          <order>8</order>
                                          <rule>WRONG</rule>
                                          <text>&lt;div&gt;$n!$&lt;/div&gt;</text>
                                          <variableName></variableName>
                                          <mcstage reference="45"/>
                                        </MCAnswer>
                                      </answerOptions>
                                      <randomize>true</randomize>
                                      <maxSelections>1</maxSelections>
                                      <correctAnswerFeedback>&lt;div&gt;Correct.&lt;/div&gt;</correctAnswerFeedback>
                                      <pointMode>MANUAL</pointMode>
                                      <feedbackDisplayMode>NON_RULE_BASED</feedbackDisplayMode>
                                      <defaultFeedback>&lt;div&gt;&#xd;
&lt;p&gt;Incorrect.&lt;/p&gt;&#xd;
&lt;p&gt;&amp;nbsp;&lt;/p&gt;&#xd;
&lt;p&gt;Solution: $n^3$&lt;/p&gt;&#xd;
&lt;/div&gt;</defaultFeedback>
                                      <defaultResult>0</defaultResult>
                                      <extraFeedbacks id="70"/>
                                    </targetStage>
                                    <type>NEXT_OR_END</type>
                                    <extraWeight>0</extraWeight>
                                  </defaultTransition>
                                  <skipTransitions id="71"/>
                                  <stageTransitions id="72"/>
                                  <hints id="73"/>
                                  <variableUpdatesOnEnter id="74"/>
                                  <variableUpdatesBeforeCheck id="75"/>
                                  <variableUpdatesAfterCheck id="76"/>
                                  <variableUpdatesOnNormalExit id="77"/>
                                  <variableUpdatesOnRepeat id="78"/>
                                  <variableUpdatesOnSkip id="79"/>
                                  <weight>1</weight>
                                  <orderIndex>7</orderIndex>
                                  <allowSkip>true</allowSkip>
                                  <resources id="80"/>
                                  <answerOptions id="81">
                                    <MCAnswer id="82">
                                      <order>0</order>
                                      <rule>WRONG</rule>
                                      <text>&lt;div&gt;$n$&lt;/div&gt;</text>
                                      <variableName></variableName>
                                      <mcstage reference="40"/>
                                    </MCAnswer>
                                    <MCAnswer id="83">
                                      <order>1</order>
                                      <rule>WRONG</rule>
                                      <text>&lt;div&gt;$n^2$&lt;/div&gt;</text>
                                      <variableName></variableName>
                                      <mcstage reference="40"/>
                                    </MCAnswer>
                                    <MCAnswer id="84">
                                      <order>2</order>
                                      <rule>WRONG</rule>
                                      <text>&lt;div&gt;$\sqrt{&lt;!-- notionvc: e96fe4a1-4c61-4951-a350-c26d9201f11a --&gt;n}$&lt;/div&gt;&#xd;
&lt;!-- notionvc: 275a6ab1-4e76-455f-8be0-a905aaf89d1c --&gt;</text>
                                      <variableName></variableName>
                                      <mcstage reference="40"/>
                                    </MCAnswer>
                                    <MCAnswer id="85">
                                      <order>3</order>
                                      <rule>WRONG</rule>
                                      <text>&lt;div&gt;$\lg n$&lt;/div&gt;</text>
                                      <variableName></variableName>
                                      <mcstage reference="40"/>
                                    </MCAnswer>
                                    <MCAnswer id="86">
                                      <order>4</order>
                                      <rule>WRONG</rule>
                                      <text>&lt;div&gt;$n \lg n$&lt;/div&gt;&#xd;
&lt;!-- notionvc: 698aed05-126f-4760-b8fa-5d0f716cb2b0 --&gt;</text>
                                      <variableName></variableName>
                                      <mcstage reference="40"/>
                                    </MCAnswer>
                                    <MCAnswer id="87">
                                      <order>5</order>
                                      <rule>CORRECT</rule>
                                      <text>&lt;div&gt;$n^3$&lt;/div&gt;</text>
                                      <variableName></variableName>
                                      <mcstage reference="40"/>
                                    </MCAnswer>
                                    <MCAnswer id="88">
                                      <order>6</order>
                                      <rule>WRONG</rule>
                                      <text>&lt;div&gt;$n^4$&lt;/div&gt;</text>
                                      <variableName></variableName>
                                      <mcstage reference="40"/>
                                    </MCAnswer>
                                    <MCAnswer id="89">
                                      <order>7</order>
                                      <rule>WRONG</rule>
                                      <text>&lt;div&gt;$2^n$&lt;/div&gt;</text>
                                      <variableName></variableName>
                                      <mcstage reference="40"/>
                                    </MCAnswer>
                                    <MCAnswer id="90">
                                      <order>8</order>
                                      <rule>WRONG</rule>
                                      <text>&lt;div&gt;$n!$&lt;/div&gt;</text>
                                      <variableName></variableName>
                                      <mcstage reference="40"/>
                                    </MCAnswer>
                                  </answerOptions>
                                  <randomize>true</randomize>
                                  <maxSelections>1</maxSelections>
                                  <correctAnswerFeedback>&lt;div&gt;Correct.&lt;/div&gt;</correctAnswerFeedback>
                                  <pointMode>MANUAL</pointMode>
                                  <feedbackDisplayMode>NON_RULE_BASED</feedbackDisplayMode>
                                  <defaultFeedback>&lt;div&gt;&#xd;
&lt;p&gt;Incorrect.&lt;/p&gt;&#xd;
&lt;p&gt;&amp;nbsp;&lt;/p&gt;&#xd;
&lt;p&gt;Solution: $n^3$&lt;/p&gt;&#xd;
&lt;/div&gt;</defaultFeedback>
                                  <defaultResult>0</defaultResult>
                                  <extraFeedbacks id="91"/>
                                </targetStage>
                                <type>NEXT_OR_END</type>
                                <extraWeight>0</extraWeight>
                              </defaultTransition>
                              <skipTransitions id="92"/>
                              <stageTransitions id="93"/>
                              <hints id="94"/>
                              <variableUpdatesOnEnter id="95"/>
                              <variableUpdatesBeforeCheck id="96"/>
                              <variableUpdatesAfterCheck id="97"/>
                              <variableUpdatesOnNormalExit id="98"/>
                              <variableUpdatesOnRepeat id="99"/>
                              <variableUpdatesOnSkip id="100"/>
                              <weight>1</weight>
                              <orderIndex>6</orderIndex>
                              <allowSkip>true</allowSkip>
                              <resources id="101"/>
                              <answerOptions id="102">
                                <MCAnswer id="103">
                                  <order>0</order>
                                  <rule>WRONG</rule>
                                  <text>&lt;div&gt;$\in$&lt;/div&gt;</text>
                                  <variableName></variableName>
                                  <mcstage reference="35"/>
                                </MCAnswer>
                                <MCAnswer id="104">
                                  <order>1</order>
                                  <rule>CORRECT</rule>
                                  <text>&lt;div&gt;$\notin$&lt;/div&gt;</text>
                                  <variableName></variableName>
                                  <mcstage reference="35"/>
                                </MCAnswer>
                              </answerOptions>
                              <randomize>true</randomize>
                              <maxSelections>1</maxSelections>
                              <correctAnswerFeedback>&lt;div&gt;Correct.&lt;/div&gt;</correctAnswerFeedback>
                              <pointMode>MANUAL</pointMode>
                              <feedbackDisplayMode>NON_RULE_BASED</feedbackDisplayMode>
                              <defaultFeedback>&lt;div&gt;&#xd;
&lt;p&gt;Incorrect.&lt;/p&gt;&#xd;
&lt;p&gt;&amp;nbsp;&lt;/p&gt;&#xd;
&lt;p&gt;Solution: $\notin$&lt;/p&gt;&#xd;
&lt;/div&gt;</defaultFeedback>
                              <defaultResult>0</defaultResult>
                              <extraFeedbacks id="105"/>
                            </targetStage>
                            <type>NEXT_OR_END</type>
                            <extraWeight>0</extraWeight>
                          </defaultTransition>
                          <skipTransitions id="106"/>
                          <stageTransitions id="107"/>
                          <hints id="108"/>
                          <variableUpdatesOnEnter id="109"/>
                          <variableUpdatesBeforeCheck id="110"/>
                          <variableUpdatesAfterCheck id="111"/>
                          <variableUpdatesOnNormalExit id="112"/>
                          <variableUpdatesOnRepeat id="113"/>
                          <variableUpdatesOnSkip id="114"/>
                          <weight>1</weight>
                          <orderIndex>5</orderIndex>
                          <allowSkip>true</allowSkip>
                          <resources id="115"/>
                          <answerOptions id="116">
                            <MCAnswer id="117">
                              <order>0</order>
                              <rule>WRONG</rule>
                              <text>&lt;div&gt;$n$&lt;/div&gt;</text>
                              <variableName></variableName>
                              <mcstage reference="30"/>
                            </MCAnswer>
                            <MCAnswer id="118">
                              <order>1</order>
                              <rule>CORRECT</rule>
                              <text>&lt;div&gt;$n^2$&lt;/div&gt;</text>
                              <variableName></variableName>
                              <mcstage reference="30"/>
                            </MCAnswer>
                            <MCAnswer id="119">
                              <order>2</order>
                              <rule>WRONG</rule>
                              <text>&lt;div&gt;$\sqrt{&lt;!-- notionvc: e96fe4a1-4c61-4951-a350-c26d9201f11a --&gt;n}$&lt;/div&gt;&#xd;
&lt;!-- notionvc: 275a6ab1-4e76-455f-8be0-a905aaf89d1c --&gt;</text>
                              <variableName></variableName>
                              <mcstage reference="30"/>
                            </MCAnswer>
                            <MCAnswer id="120">
                              <order>3</order>
                              <rule>WRONG</rule>
                              <text>&lt;div&gt;$\lg n$&lt;/div&gt;</text>
                              <variableName></variableName>
                              <mcstage reference="30"/>
                            </MCAnswer>
                            <MCAnswer id="121">
                              <order>4</order>
                              <rule>WRONG</rule>
                              <text>&lt;div&gt;$n \lg n$&lt;/div&gt;&#xd;
&lt;!-- notionvc: 698aed05-126f-4760-b8fa-5d0f716cb2b0 --&gt;</text>
                              <variableName></variableName>
                              <mcstage reference="30"/>
                            </MCAnswer>
                            <MCAnswer id="122">
                              <order>5</order>
                              <rule>WRONG</rule>
                              <text>&lt;div&gt;$n^3$&lt;/div&gt;</text>
                              <variableName></variableName>
                              <mcstage reference="30"/>
                            </MCAnswer>
                            <MCAnswer id="123">
                              <order>6</order>
                              <rule>WRONG</rule>
                              <text>&lt;div&gt;$n^4$&lt;/div&gt;</text>
                              <variableName></variableName>
                              <mcstage reference="30"/>
                            </MCAnswer>
                            <MCAnswer id="124">
                              <order>7</order>
                              <rule>WRONG</rule>
                              <text>&lt;div&gt;$2^n$&lt;/div&gt;</text>
                              <variableName></variableName>
                              <mcstage reference="30"/>
                            </MCAnswer>
                            <MCAnswer id="125">
                              <order>8</order>
                              <rule>WRONG</rule>
                              <text>&lt;div&gt;$n!$&lt;/div&gt;</text>
                              <variableName></variableName>
                              <mcstage reference="30"/>
                            </MCAnswer>
                          </answerOptions>
                          <randomize>true</randomize>
                          <maxSelections>1</maxSelections>
                          <correctAnswerFeedback>&lt;div&gt;Correct.&lt;/div&gt;</correctAnswerFeedback>
                          <pointMode>MANUAL</pointMode>
                          <feedbackDisplayMode>NON_RULE_BASED</feedbackDisplayMode>
                          <defaultFeedback>&lt;div&gt;&#xd;
&lt;p&gt;Incorrect.&lt;/p&gt;&#xd;
&lt;p&gt;&amp;nbsp;&lt;/p&gt;&#xd;
&lt;p&gt;Solution: $n^2$&lt;/p&gt;&#xd;
&lt;/div&gt;</defaultFeedback>
                          <defaultResult>0</defaultResult>
                          <extraFeedbacks id="126"/>
                        </targetStage>
                        <type>NEXT_OR_END</type>
                        <extraWeight>0</extraWeight>
                      </defaultTransition>
                      <skipTransitions id="127"/>
                      <stageTransitions id="128"/>
                      <hints id="129"/>
                      <variableUpdatesOnEnter id="130"/>
                      <variableUpdatesBeforeCheck id="131"/>
                      <variableUpdatesAfterCheck id="132"/>
                      <variableUpdatesOnNormalExit id="133"/>
                      <variableUpdatesOnRepeat id="134"/>
                      <variableUpdatesOnSkip id="135"/>
                      <weight>1</weight>
                      <orderIndex>4</orderIndex>
                      <allowSkip>true</allowSkip>
                      <resources id="136"/>
                      <answerOptions id="137">
                        <MCAnswer id="138">
                          <order>0</order>
                          <rule>WRONG</rule>
                          <text>&lt;div&gt;$n$&lt;/div&gt;</text>
                          <variableName></variableName>
                          <mcstage reference="25"/>
                        </MCAnswer>
                        <MCAnswer id="139">
                          <order>1</order>
                          <rule>CORRECT</rule>
                          <text>&lt;div&gt;$n^2$&lt;/div&gt;</text>
                          <variableName></variableName>
                          <mcstage reference="25"/>
                        </MCAnswer>
                        <MCAnswer id="140">
                          <order>2</order>
                          <rule>WRONG</rule>
                          <text>&lt;div&gt;$\sqrt{&lt;!-- notionvc: e96fe4a1-4c61-4951-a350-c26d9201f11a --&gt;n}$&lt;/div&gt;&#xd;
&lt;!-- notionvc: 275a6ab1-4e76-455f-8be0-a905aaf89d1c --&gt;</text>
                          <variableName></variableName>
                          <mcstage reference="25"/>
                        </MCAnswer>
                        <MCAnswer id="141">
                          <order>3</order>
                          <rule>WRONG</rule>
                          <text>&lt;div&gt;$\lg n$&lt;/div&gt;</text>
                          <variableName></variableName>
                          <mcstage reference="25"/>
                        </MCAnswer>
                        <MCAnswer id="142">
                          <order>4</order>
                          <rule>WRONG</rule>
                          <text>&lt;div&gt;$n \lg n$&lt;/div&gt;&#xd;
&lt;!-- notionvc: 698aed05-126f-4760-b8fa-5d0f716cb2b0 --&gt;</text>
                          <variableName></variableName>
                          <mcstage reference="25"/>
                        </MCAnswer>
                        <MCAnswer id="143">
                          <order>5</order>
                          <rule>WRONG</rule>
                          <text>&lt;div&gt;$n^3$&lt;/div&gt;</text>
                          <variableName></variableName>
                          <mcstage reference="25"/>
                        </MCAnswer>
                        <MCAnswer id="144">
                          <order>6</order>
                          <rule>WRONG</rule>
                          <text>&lt;div&gt;$n^4$&lt;/div&gt;</text>
                          <variableName></variableName>
                          <mcstage reference="25"/>
                        </MCAnswer>
                        <MCAnswer id="145">
                          <order>7</order>
                          <rule>WRONG</rule>
                          <text>&lt;div&gt;$2^n$&lt;/div&gt;</text>
                          <variableName></variableName>
                          <mcstage reference="25"/>
                        </MCAnswer>
                        <MCAnswer id="146">
                          <order>8</order>
                          <rule>WRONG</rule>
                          <text>&lt;div&gt;$n!$&lt;/div&gt;</text>
                          <variableName></variableName>
                          <mcstage reference="25"/>
                        </MCAnswer>
                      </answerOptions>
                      <randomize>true</randomize>
                      <maxSelections>1</maxSelections>
                      <correctAnswerFeedback>&lt;div&gt;Correct.&lt;/div&gt;</correctAnswerFeedback>
                      <pointMode>MANUAL</pointMode>
                      <feedbackDisplayMode>NON_RULE_BASED</feedbackDisplayMode>
                      <defaultFeedback>&lt;div&gt;&#xd;
&lt;p&gt;Incorrect.&lt;/p&gt;&#xd;
&lt;p&gt;&amp;nbsp;&lt;/p&gt;&#xd;
&lt;p&gt;Solution: $n^2$&lt;/p&gt;&#xd;
&lt;/div&gt;</defaultFeedback>
                      <defaultResult>0</defaultResult>
                      <extraFeedbacks id="147"/>
                    </targetStage>
                    <type>NEXT_OR_END</type>
                    <extraWeight>0</extraWeight>
                  </defaultTransition>
                  <skipTransitions id="148"/>
                  <stageTransitions id="149"/>
                  <hints id="150"/>
                  <variableUpdatesOnEnter id="151"/>
                  <variableUpdatesBeforeCheck id="152"/>
                  <variableUpdatesAfterCheck id="153"/>
                  <variableUpdatesOnNormalExit id="154"/>
                  <variableUpdatesOnRepeat id="155"/>
                  <variableUpdatesOnSkip id="156"/>
                  <weight>1</weight>
                  <orderIndex>3</orderIndex>
                  <allowSkip>true</allowSkip>
                  <resources id="157"/>
                  <answerOptions id="158">
                    <MCAnswer id="159">
                      <order>0</order>
                      <rule>WRONG</rule>
                      <text>&lt;div&gt;$\mathcal{O}$&lt;/div&gt;</text>
                      <variableName></variableName>
                      <mcstage reference="20"/>
                    </MCAnswer>
                    <MCAnswer id="160">
                      <order>1</order>
                      <rule>CORRECT</rule>
                      <text>&lt;div&gt;$\Omega&lt;!-- notionvc: aa1f2d97-4a22-4a75-bfcf-e1f2b3ff173e --&gt;$&lt;/div&gt;</text>
                      <variableName></variableName>
                      <mcstage reference="20"/>
                    </MCAnswer>
                    <MCAnswer id="161">
                      <order>2</order>
                      <rule>WRONG</rule>
                      <text>&lt;div&gt;$\Theta$&lt;/div&gt;&#xd;
&lt;!-- notionvc: 275a6ab1-4e76-455f-8be0-a905aaf89d1c --&gt;</text>
                      <variableName></variableName>
                      <mcstage reference="20"/>
                    </MCAnswer>
                    <MCAnswer id="162">
                      <order>3</order>
                      <rule>WRONG</rule>
                      <text>&lt;div&gt;$o$&lt;/div&gt;</text>
                      <variableName></variableName>
                      <mcstage reference="20"/>
                    </MCAnswer>
                    <MCAnswer id="163">
                      <order>4</order>
                      <rule>WRONG</rule>
                      <text>&lt;div&gt;$\omega$&lt;/div&gt;&#xd;
&lt;!-- notionvc: 698aed05-126f-4760-b8fa-5d0f716cb2b0 --&gt;</text>
                      <variableName></variableName>
                      <mcstage reference="20"/>
                    </MCAnswer>
                    <MCAnswer id="164">
                      <order>5</order>
                      <rule>WRONG</rule>
                      <text>&lt;div&gt;$\theta$&lt;/div&gt;</text>
                      <variableName></variableName>
                      <mcstage reference="20"/>
                    </MCAnswer>
                  </answerOptions>
                  <randomize>true</randomize>
                  <maxSelections>1</maxSelections>
                  <correctAnswerFeedback>&lt;div&gt;Correct.&lt;/div&gt;</correctAnswerFeedback>
                  <pointMode>MANUAL</pointMode>
                  <feedbackDisplayMode>NON_RULE_BASED</feedbackDisplayMode>
                  <defaultFeedback>&lt;div&gt;&#xd;
&lt;p&gt;Incorrect.&lt;/p&gt;&#xd;
&lt;p&gt;&amp;nbsp;&lt;/p&gt;&#xd;
&lt;p&gt;Solution: $\Omega&lt;!-- notionvc: aa1f2d97-4a22-4a75-bfcf-e1f2b3ff173e --&gt;$&lt;/p&gt;&#xd;
&lt;/div&gt;</defaultFeedback>
                  <defaultResult>0</defaultResult>
                  <extraFeedbacks id="165"/>
                </targetStage>
                <type>NEXT_OR_END</type>
                <extraWeight>0</extraWeight>
              </defaultTransition>
              <skipTransitions id="166"/>
              <stageTransitions id="167"/>
              <hints id="168"/>
              <variableUpdatesOnEnter id="169"/>
              <variableUpdatesBeforeCheck id="170"/>
              <variableUpdatesAfterCheck id="171"/>
              <variableUpdatesOnNormalExit id="172"/>
              <variableUpdatesOnRepeat id="173"/>
              <variableUpdatesOnSkip id="174"/>
              <weight>1</weight>
              <orderIndex>2</orderIndex>
              <allowSkip>true</allowSkip>
              <resources id="175"/>
              <answerOptions id="176">
                <MCAnswer id="177">
                  <order>0</order>
                  <rule>WRONG</rule>
                  <text>&lt;div&gt;$\mathcal{O}$&lt;/div&gt;</text>
                  <variableName></variableName>
                  <mcstage reference="15"/>
                </MCAnswer>
                <MCAnswer id="178">
                  <order>1</order>
                  <rule>CORRECT</rule>
                  <text>&lt;div&gt;$\Omega&lt;!-- notionvc: aa1f2d97-4a22-4a75-bfcf-e1f2b3ff173e --&gt;$&lt;/div&gt;</text>
                  <variableName></variableName>
                  <mcstage reference="15"/>
                </MCAnswer>
                <MCAnswer id="179">
                  <order>2</order>
                  <rule>WRONG</rule>
                  <text>&lt;div&gt;$\Theta$&lt;/div&gt;&#xd;
&lt;!-- notionvc: 275a6ab1-4e76-455f-8be0-a905aaf89d1c --&gt;</text>
                  <variableName></variableName>
                  <mcstage reference="15"/>
                </MCAnswer>
                <MCAnswer id="180">
                  <order>3</order>
                  <rule>WRONG</rule>
                  <text>&lt;div&gt;$o$&lt;/div&gt;</text>
                  <variableName></variableName>
                  <mcstage reference="15"/>
                </MCAnswer>
                <MCAnswer id="181">
                  <order>4</order>
                  <rule>WRONG</rule>
                  <text>&lt;div&gt;$\omega$&lt;/div&gt;&#xd;
&lt;!-- notionvc: 698aed05-126f-4760-b8fa-5d0f716cb2b0 --&gt;</text>
                  <variableName></variableName>
                  <mcstage reference="15"/>
                </MCAnswer>
                <MCAnswer id="182">
                  <order>5</order>
                  <rule>WRONG</rule>
                  <text>&lt;div&gt;$\theta$&lt;/div&gt;</text>
                  <variableName></variableName>
                  <mcstage reference="15"/>
                </MCAnswer>
              </answerOptions>
              <randomize>true</randomize>
              <maxSelections>1</maxSelections>
              <correctAnswerFeedback>&lt;div&gt;Correct.&lt;/div&gt;</correctAnswerFeedback>
              <pointMode>MANUAL</pointMode>
              <feedbackDisplayMode>NON_RULE_BASED</feedbackDisplayMode>
              <defaultFeedback>&lt;div&gt;&#xd;
&lt;p&gt;Incorrect.&lt;/p&gt;&#xd;
&lt;p&gt;&amp;nbsp;&lt;/p&gt;&#xd;
&lt;p&gt;Solution: $\Omega&lt;!-- notionvc: aa1f2d97-4a22-4a75-bfcf-e1f2b3ff173e --&gt;$&lt;/p&gt;&#xd;
&lt;/div&gt;</defaultFeedback>
              <defaultResult>0</defaultResult>
              <extraFeedbacks id="183"/>
            </targetStage>
            <type>NEXT_OR_END</type>
            <extraWeight>0</extraWeight>
          </defaultTransition>
          <skipTransitions id="184"/>
          <stageTransitions id="185"/>
          <hints id="186"/>
          <variableUpdatesOnEnter id="187"/>
          <variableUpdatesBeforeCheck id="188"/>
          <variableUpdatesAfterCheck id="189"/>
          <variableUpdatesOnNormalExit id="190"/>
          <variableUpdatesOnRepeat id="191"/>
          <variableUpdatesOnSkip id="192"/>
          <weight>1</weight>
          <orderIndex>1</orderIndex>
          <allowSkip>true</allowSkip>
          <resources id="193"/>
          <answerOptions id="194">
            <MCAnswer id="195">
              <order>0</order>
              <rule>CORRECT</rule>
              <text>&lt;div&gt;$\mathcal{O}$&lt;/div&gt;</text>
              <variableName></variableName>
              <mcstage reference="10"/>
            </MCAnswer>
            <MCAnswer id="196">
              <order>1</order>
              <rule>WRONG</rule>
              <text>&lt;div&gt;$\Omega&lt;!-- notionvc: aa1f2d97-4a22-4a75-bfcf-e1f2b3ff173e --&gt;$&lt;/div&gt;</text>
              <variableName></variableName>
              <mcstage reference="10"/>
            </MCAnswer>
            <MCAnswer id="197">
              <order>2</order>
              <rule>WRONG</rule>
              <text>&lt;div&gt;$\Theta$&lt;/div&gt;&#xd;
&lt;!-- notionvc: 275a6ab1-4e76-455f-8be0-a905aaf89d1c --&gt;</text>
              <variableName></variableName>
              <mcstage reference="10"/>
            </MCAnswer>
            <MCAnswer id="198">
              <order>3</order>
              <rule>WRONG</rule>
              <text>&lt;div&gt;$o$&lt;/div&gt;</text>
              <variableName></variableName>
              <mcstage reference="10"/>
            </MCAnswer>
            <MCAnswer id="199">
              <order>4</order>
              <rule>WRONG</rule>
              <text>&lt;div&gt;$\omega$&lt;/div&gt;&#xd;
&lt;!-- notionvc: 698aed05-126f-4760-b8fa-5d0f716cb2b0 --&gt;</text>
              <variableName></variableName>
              <mcstage reference="10"/>
            </MCAnswer>
            <MCAnswer id="200">
              <order>5</order>
              <rule>WRONG</rule>
              <text>&lt;div&gt;$\theta$&lt;/div&gt;</text>
              <variableName></variableName>
              <mcstage reference="10"/>
            </MCAnswer>
          </answerOptions>
          <randomize>true</randomize>
          <maxSelections>1</maxSelections>
          <correctAnswerFeedback>&lt;div&gt;Correct.&lt;/div&gt;</correctAnswerFeedback>
          <pointMode>MANUAL</pointMode>
          <feedbackDisplayMode>NON_RULE_BASED</feedbackDisplayMode>
          <defaultFeedback>&lt;div&gt;&#xd;
&lt;p&gt;Incorrect.&lt;/p&gt;&#xd;
&lt;p&gt;&amp;nbsp;&lt;/p&gt;&#xd;
&lt;p&gt;Solution: $\mathcal{O}&lt;!-- notionvc: 5573339a-67ca-4b7b-b129-9a81a8db4a96 --&gt;$&lt;/p&gt;&#xd;
&lt;/div&gt;</defaultFeedback>
          <defaultResult>0</defaultResult>
          <extraFeedbacks id="201"/>
        </targetStage>
        <type>NEXT_OR_END</type>
        <extraWeight>0</extraWeight>
      </defaultTransition>
      <skipTransitions id="202"/>
      <stageTransitions id="203"/>
      <hints id="204"/>
      <variableUpdatesOnEnter id="205"/>
      <variableUpdatesBeforeCheck id="206"/>
      <variableUpdatesAfterCheck id="207"/>
      <variableUpdatesOnNormalExit id="208"/>
      <variableUpdatesOnRepeat id="209"/>
      <variableUpdatesOnSkip id="210"/>
      <weight>1</weight>
      <orderIndex>0</orderIndex>
      <allowSkip>true</allowSkip>
      <resources id="211"/>
      <answerOptions id="212">
        <MCAnswer id="213">
          <order>0</order>
          <rule>CORRECT</rule>
          <text>&lt;div&gt;$\mathcal{O}$&lt;/div&gt;</text>
          <variableName></variableName>
          <mcstage reference="5"/>
        </MCAnswer>
        <MCAnswer id="214">
          <order>1</order>
          <rule>WRONG</rule>
          <text>&lt;div&gt;$\Omega&lt;!-- notionvc: aa1f2d97-4a22-4a75-bfcf-e1f2b3ff173e --&gt;$&lt;/div&gt;</text>
          <variableName></variableName>
          <mcstage reference="5"/>
        </MCAnswer>
        <MCAnswer id="215">
          <order>2</order>
          <rule>WRONG</rule>
          <text>&lt;div&gt;$\Theta$&lt;/div&gt;&#xd;
&lt;!-- notionvc: 275a6ab1-4e76-455f-8be0-a905aaf89d1c --&gt;</text>
          <variableName></variableName>
          <mcstage reference="5"/>
        </MCAnswer>
        <MCAnswer id="216">
          <order>3</order>
          <rule>WRONG</rule>
          <text>&lt;div&gt;$o$&lt;/div&gt;</text>
          <variableName></variableName>
          <mcstage reference="5"/>
        </MCAnswer>
        <MCAnswer id="217">
          <order>4</order>
          <rule>WRONG</rule>
          <text>&lt;div&gt;$\omega$&lt;/div&gt;&#xd;
&lt;!-- notionvc: 698aed05-126f-4760-b8fa-5d0f716cb2b0 --&gt;</text>
          <variableName></variableName>
          <mcstage reference="5"/>
        </MCAnswer>
        <MCAnswer id="218">
          <order>5</order>
          <rule>WRONG</rule>
          <text>&lt;div&gt;$\theta$&lt;/div&gt;</text>
          <variableName></variableName>
          <mcstage reference="5"/>
        </MCAnswer>
      </answerOptions>
      <randomize>true</randomize>
      <maxSelections>1</maxSelections>
      <correctAnswerFeedback>&lt;div&gt;Correct.&lt;/div&gt;</correctAnswerFeedback>
      <pointMode>MANUAL</pointMode>
      <feedbackDisplayMode>NON_RULE_BASED</feedbackDisplayMode>
      <defaultFeedback>&lt;div&gt;&#xd;
&lt;p&gt;Incorrect.&lt;/p&gt;&#xd;
&lt;p&gt;&amp;nbsp;&lt;/p&gt;&#xd;
&lt;p&gt;Solution: $\mathcal{O}&lt;!-- notionvc: 5573339a-67ca-4b7b-b129-9a81a8db4a96 --&gt;$&lt;/p&gt;&#xd;
&lt;/div&gt;</defaultFeedback>
      <defaultResult>0</defaultResult>
      <extraFeedbacks id="219"/>
    </MCStage>
    <MCStage reference="10"/>
    <MCStage reference="15"/>
    <MCStage reference="20"/>
    <MCStage reference="25"/>
    <MCStage reference="30"/>
    <MCStage reference="35"/>
    <MCStage reference="40"/>
    <MCStage reference="45"/>
  </stages>
  <startStage class="MCStage" reference="5"/>
  <variableDeclarations id="220"/>
  <jSXGraphs id="221"/>
  <dynamicMolecules id="222"/>
  <resultFeedbackMappings id="223"/>
</Exercise>