<Exercise id="1">
  <name>Hamiltonian Theorems – Dirac and Ore Conditions</name>
  <publicDescription>&lt;div&gt;In this section, you will learn how to determine whether a graph is Hamiltonian by using mathematical conditions. You will discover &lt;strong data-start=&quot;1346&quot; data-end=&quot;1365&quot;&gt;Dirac&amp;rsquo;s theorem&lt;/strong&gt;, &lt;strong data-start=&quot;1367&quot; data-end=&quot;1384&quot;&gt;Ore&amp;rsquo;s theorem&lt;/strong&gt;, and other useful properties that help identify Hamiltonian graphs.&lt;/div&gt;</publicDescription>
  <internalNotes></internalNotes>
  <language>en</language>
  <difficulty>0</difficulty>
  <tags id="2"/>
  <resources id="3"/>
  <stages id="4">
    <MCStage id="5">
      <internalName>#1</internalName>
      <externalName>Understanding Dirac’s Theorem</externalName>
      <taskDescription>&lt;div&gt;What does Dirac&amp;rsquo;s theorem say about Hamiltonian cycles?&lt;/div&gt;
&lt;div&gt;&amp;nbsp;&lt;/div&gt;
&lt;div&gt;Dirac&amp;rsquo;s theorem gives a simple condition that guarantees the existence of a Hamiltonian cycle in a graph.&lt;br data-start=&quot;800&quot; data-end=&quot;803&quot;&gt;Which of the following statements are &lt;strong data-start=&quot;841&quot; data-end=&quot;849&quot;&gt;true&lt;/strong&gt; according to Dirac&amp;rsquo;s theorem?&lt;/div&gt;</taskDescription>
      <feedbackRules id="6"/>
      <defaultTransition id="7">
        <conditionExpression id="8">
          <domain>MATH</domain>
        </conditionExpression>
        <stageExpression id="9">
          <domain>MATH</domain>
        </stageExpression>
        <targetStage class="MCStage" id="10">
          <internalName>#2</internalName>
          <externalName>Understanding Ore’s Theorem</externalName>
          <taskDescription>&lt;div&gt;Ore&amp;rsquo;s theorem is another sufficient condition to guarantee the existence of a Hamiltonian cycle in a simple graph.&lt;br data-start=&quot;712&quot; data-end=&quot;715&quot;&gt;Select all statements that are &lt;strong data-start=&quot;746&quot; data-end=&quot;754&quot;&gt;true&lt;/strong&gt; about Ore&amp;rsquo;s theorem.&lt;/div&gt;</taskDescription>
          <feedbackRules id="11"/>
          <defaultTransition id="12">
            <conditionExpression id="13">
              <domain>MATH</domain>
            </conditionExpression>
            <stageExpression id="14">
              <domain>MATH</domain>
            </stageExpression>
            <targetStage class="FillInStage" id="15">
              <internalName>#3</internalName>
              <externalName>Dirac’s Theorem</externalName>
              <taskDescription>&lt;div&gt;For a &lt;strong data-start=&quot;196&quot; data-end=&quot;206&quot;&gt;simple&lt;/strong&gt; graph with &lt;strong data-start=&quot;218&quot; data-end=&quot;227&quot;&gt;n &amp;ge; 3&lt;/strong&gt; vertices, Dirac&amp;rsquo;s theorem says:&lt;br data-start=&quot;259&quot; data-end=&quot;262&quot;&gt;&amp;ldquo;If &lt;strong data-start=&quot;266&quot; data-end=&quot;282&quot;&gt;every vertex&lt;/strong&gt; has degree at least &lt;strong data-start=&quot;303&quot; data-end=&quot;312&quot;&gt;&amp;nbsp;&lt;input name=&quot;formula&quot; size=&quot;10&quot; type=&quot;text&quot; value=&quot;formula&quot; /&gt;&amp;nbsp;&lt;/strong&gt;, then the graph has a Hamiltonian cycle.&amp;rdquo;&lt;/div&gt;</taskDescription>
              <feedbackRules id="16"/>
              <defaultTransition id="17">
                <conditionExpression id="18">
                  <domain>MATH</domain>
                </conditionExpression>
                <stageExpression id="19">
                  <domain>MATH</domain>
                </stageExpression>
                <targetStage class="MCTableStage" id="20">
                  <internalName>#4</internalName>
                  <externalName>Comparing Dirac’s and Ore’s Theorems</externalName>
                  <taskDescription>&lt;div&gt;Read each statement carefully and decide whether it is &lt;strong data-start=&quot;615&quot; data-end=&quot;623&quot;&gt;true&lt;/strong&gt; or &lt;strong data-start=&quot;627&quot; data-end=&quot;636&quot;&gt;false&lt;/strong&gt; according to &lt;strong data-start=&quot;650&quot; data-end=&quot;661&quot;&gt;Dirac&amp;rsquo;s&lt;/strong&gt; or &lt;strong data-start=&quot;665&quot; data-end=&quot;674&quot;&gt;Ore&amp;rsquo;s&lt;/strong&gt; theorems.&lt;br data-start=&quot;684&quot; data-end=&quot;687&quot;&gt;Some statements may sound similar &amp;mdash; think precisely about what each theorem says.&lt;/div&gt;</taskDescription>
                  <feedbackRules id="21"/>
                  <defaultTransition id="22">
                    <conditionExpression id="23">
                      <domain>MATH</domain>
                    </conditionExpression>
                    <stageExpression id="24">
                      <domain>MATH</domain>
                    </stageExpression>
                    <targetStage class="FillInStage" id="25">
                      <internalName>#5</internalName>
                      <externalName>Dirac therorem in python</externalName>
                      <taskDescription>&lt;div&gt;
&lt;p&gt;&lt;strong&gt;&amp;nbsp;&lt;/strong&gt;Complete the missing line in the Python function below so that it correctly checks Dirac&amp;rsquo;s condition.&lt;/p&gt;
&lt;pre style=&quot;background: #f8f8f8; padding: 10px; border-radius: 8px; font-size: 15px; font-family: monospace;&quot;&gt;def check_dirac_condition(graph):
    n = len(graph)
    for vertex in graph:
        degree = len(graph[vertex])
&amp;nbsp; &amp;nbsp; &amp;nbsp; &amp;nbsp; &lt;select name=&quot;dropdown2&quot;&gt;
&lt;option value=&quot;0&quot;&gt;dropdown2&lt;/option&gt;


&lt;/select&gt; 
&amp;nbsp; &amp;nbsp; return True
&lt;/pre&gt;
&lt;/div&gt;</taskDescription>
                      <feedbackRules id="26"/>
                      <defaultTransition id="27">
                        <conditionExpression id="28">
                          <domain>MATH</domain>
                        </conditionExpression>
                        <stageExpression id="29">
                          <domain>MATH</domain>
                        </stageExpression>
                        <targetStage class="MCStage" id="30">
                          <internalName>#6</internalName>
                          <externalName>Guessing what will be the output of dirac&apos;s python code </externalName>
                          <taskDescription>&lt;div&gt;What will this Python code print?&lt;/div&gt;
&lt;div&gt;&amp;nbsp;&lt;/div&gt;
&lt;div&gt;The following Python function checks &lt;strong data-start=&quot;643&quot; data-end=&quot;664&quot;&gt;Dirac&amp;rsquo;s condition&lt;/strong&gt; for a graph and prints whether the graph is Hamiltonian (based on that rule).&lt;br data-start=&quot;742&quot; data-end=&quot;745&quot;&gt;Read the code carefully and choose what it will print for the given input.&lt;/div&gt;
&lt;details style=&quot;border-radius: 5px; display: inline-block; max-width: 100%; width: 100%;&quot;&gt;
&lt;summary style=&quot;cursor: pointer; font-size: 16px; display: inline-block; padding: 10px 15px; background-color: #ccc; border-radius: 5px;&quot;&gt;Toggle Code&lt;/summary&gt;
&lt;div style=&quot;background-color: #f0f0f0; border-radius: 5px; margin-top: 5px; padding: 10px; max-width: 100%; max-height: 50vh; width: fit-content; overflow: auto;&quot;&gt;
&lt;div class=&quot;highlight&quot; style=&quot;background: #f0f0f0;&quot;&gt;
&lt;table class=&quot;highlighttable&quot;&gt;
&lt;tbody&gt;
&lt;tr&gt;
&lt;td class=&quot;linenos&quot;&gt;
&lt;div class=&quot;linenodiv&quot;&gt;
&lt;pre style=&quot;line-height: 125%;&quot;&gt;&lt;span style=&quot;color: #666666; background-color: transparent; padding-left: 5px; padding-right: 5px;&quot;&gt; 1&lt;/span&gt;
&lt;span style=&quot;color: #666666; background-color: transparent; padding-left: 5px; padding-right: 5px;&quot;&gt; 2&lt;/span&gt;
&lt;span style=&quot;color: #666666; background-color: transparent; padding-left: 5px; padding-right: 5px;&quot;&gt; 3&lt;/span&gt;
&lt;span style=&quot;color: #666666; background-color: transparent; padding-left: 5px; padding-right: 5px;&quot;&gt; 4&lt;/span&gt;
&lt;span style=&quot;color: #666666; background-color: transparent; padding-left: 5px; padding-right: 5px;&quot;&gt; 5&lt;/span&gt;
&lt;span style=&quot;color: #666666; background-color: transparent; padding-left: 5px; padding-right: 5px;&quot;&gt; 6&lt;/span&gt;
&lt;span style=&quot;color: #666666; background-color: transparent; padding-left: 5px; padding-right: 5px;&quot;&gt; 7&lt;/span&gt;
&lt;span style=&quot;color: #666666; background-color: transparent; padding-left: 5px; padding-right: 5px;&quot;&gt; 8&lt;/span&gt;
&lt;span style=&quot;color: #666666; background-color: transparent; padding-left: 5px; padding-right: 5px;&quot;&gt; 9&lt;/span&gt;
&lt;span style=&quot;color: #666666; background-color: transparent; padding-left: 5px; padding-right: 5px;&quot;&gt;10&lt;/span&gt;
&lt;span style=&quot;color: #666666; background-color: transparent; padding-left: 5px; padding-right: 5px;&quot;&gt;11&lt;/span&gt;
&lt;span style=&quot;color: #666666; background-color: transparent; padding-left: 5px; padding-right: 5px;&quot;&gt;12&lt;/span&gt;
&lt;span style=&quot;color: #666666; background-color: transparent; padding-left: 5px; padding-right: 5px;&quot;&gt;13&lt;/span&gt;
&lt;span style=&quot;color: #666666; background-color: transparent; padding-left: 5px; padding-right: 5px;&quot;&gt;14&lt;/span&gt;
&lt;span style=&quot;color: #666666; background-color: transparent; padding-left: 5px; padding-right: 5px;&quot;&gt;15&lt;/span&gt;
&lt;span style=&quot;color: #666666; background-color: transparent; padding-left: 5px; padding-right: 5px;&quot;&gt;16&lt;/span&gt;
&lt;span style=&quot;color: #666666; background-color: transparent; padding-left: 5px; padding-right: 5px;&quot;&gt;17&lt;/span&gt;
&lt;span style=&quot;color: #666666; background-color: transparent; padding-left: 5px; padding-right: 5px;&quot;&gt;18&lt;/span&gt;&lt;/pre&gt;
&lt;/div&gt;
&lt;/td&gt;
&lt;td class=&quot;code&quot;&gt;
&lt;div&gt;
&lt;pre style=&quot;line-height: 125%;&quot;&gt;&lt;span style=&quot;color: #007020; font-weight: bold;&quot;&gt;def&lt;/span&gt; &lt;span style=&quot;color: #06287e;&quot;&gt;check_dirac&lt;/span&gt;(graph):
  n &lt;span style=&quot;color: #666666;&quot;&gt;=&lt;/span&gt; &lt;span style=&quot;color: #007020;&quot;&gt;len&lt;/span&gt;(graph)
  &lt;span style=&quot;color: #007020; font-weight: bold;&quot;&gt;for&lt;/span&gt; vertex &lt;span style=&quot;color: #007020; font-weight: bold;&quot;&gt;in&lt;/span&gt; graph:
    degree &lt;span style=&quot;color: #666666;&quot;&gt;=&lt;/span&gt; &lt;span style=&quot;color: #007020;&quot;&gt;len&lt;/span&gt;(graph[vertex])
    &lt;span style=&quot;color: #007020; font-weight: bold;&quot;&gt;if&lt;/span&gt; degree &lt;span style=&quot;color: #666666;&quot;&gt;&amp;lt;&lt;/span&gt; n &lt;span style=&quot;color: #666666;&quot;&gt;/&lt;/span&gt; &lt;span style=&quot;color: #40a070;&quot;&gt;2&lt;/span&gt;:
      &lt;span style=&quot;color: #007020;&quot;&gt;print&lt;/span&gt;(&lt;span style=&quot;color: #4070a0;&quot;&gt;&quot;Not Hamiltonian&quot;&lt;/span&gt;)
      &lt;span style=&quot;color: #007020; font-weight: bold;&quot;&gt;return&lt;/span&gt;
  &lt;span style=&quot;color: #007020;&quot;&gt;print&lt;/span&gt;(&lt;span style=&quot;color: #4070a0;&quot;&gt;&quot;Possibly Hamiltonian&quot;&lt;/span&gt;)


graph &lt;span style=&quot;color: #666666;&quot;&gt;=&lt;/span&gt; {
    &lt;span style=&quot;color: #4070a0;&quot;&gt;&quot;A&quot;&lt;/span&gt;: [&lt;span style=&quot;color: #4070a0;&quot;&gt;&quot;B&quot;&lt;/span&gt;, &lt;span style=&quot;color: #4070a0;&quot;&gt;&quot;C&quot;&lt;/span&gt;, &lt;span style=&quot;color: #4070a0;&quot;&gt;&quot;D&quot;&lt;/span&gt;],
    &lt;span style=&quot;color: #4070a0;&quot;&gt;&quot;B&quot;&lt;/span&gt;: [&lt;span style=&quot;color: #4070a0;&quot;&gt;&quot;A&quot;&lt;/span&gt;, &lt;span style=&quot;color: #4070a0;&quot;&gt;&quot;C&quot;&lt;/span&gt;, &lt;span style=&quot;color: #4070a0;&quot;&gt;&quot;D&quot;&lt;/span&gt;],
    &lt;span style=&quot;color: #4070a0;&quot;&gt;&quot;C&quot;&lt;/span&gt;: [&lt;span style=&quot;color: #4070a0;&quot;&gt;&quot;A&quot;&lt;/span&gt;, &lt;span style=&quot;color: #4070a0;&quot;&gt;&quot;B&quot;&lt;/span&gt;, &lt;span style=&quot;color: #4070a0;&quot;&gt;&quot;D&quot;&lt;/span&gt;],
    &lt;span style=&quot;color: #4070a0;&quot;&gt;&quot;D&quot;&lt;/span&gt;: [&lt;span style=&quot;color: #4070a0;&quot;&gt;&quot;A&quot;&lt;/span&gt;, &lt;span style=&quot;color: #4070a0;&quot;&gt;&quot;B&quot;&lt;/span&gt;, &lt;span style=&quot;color: #4070a0;&quot;&gt;&quot;C&quot;&lt;/span&gt;]
}

check_dirac(graph)
&lt;/pre&gt;
&lt;/div&gt;
&lt;/td&gt;
&lt;/tr&gt;
&lt;/tbody&gt;
&lt;/table&gt;
&lt;/div&gt;
&lt;/div&gt;
&lt;/details&gt;</taskDescription>
                          <feedbackRules id="31"/>
                          <defaultTransition id="32">
                            <conditionExpression id="33">
                              <domain>MATH</domain>
                            </conditionExpression>
                            <stageExpression id="34">
                              <domain>MATH</domain>
                            </stageExpression>
                            <type>NEXT_OR_END</type>
                            <extraWeight>0</extraWeight>
                          </defaultTransition>
                          <skipTransitions id="35"/>
                          <stageTransitions id="36"/>
                          <hints id="37"/>
                          <variableUpdatesOnEnter id="38"/>
                          <variableUpdatesBeforeCheck id="39"/>
                          <variableUpdatesAfterCheck id="40"/>
                          <variableUpdatesOnNormalExit id="41"/>
                          <variableUpdatesOnRepeat id="42"/>
                          <variableUpdatesOnSkip id="43"/>
                          <weight>1</weight>
                          <orderIndex>5</orderIndex>
                          <allowSkip>true</allowSkip>
                          <resources id="44"/>
                          <answerOptions id="45">
                            <MCAnswer id="46">
                              <order>0</order>
                              <rule>WRONG</rule>
                              <text>&lt;div&gt;Not Hamiltonian&lt;/div&gt;</text>
                              <variableName></variableName>
                              <mcstage reference="30"/>
                            </MCAnswer>
                            <MCAnswer id="47">
                              <order>1</order>
                              <rule>CORRECT</rule>
                              <text>&lt;div&gt;Possibly Hamiltonian&lt;/div&gt;</text>
                              <variableName></variableName>
                              <mcstage reference="30"/>
                            </MCAnswer>
                            <MCAnswer id="48">
                              <order>2</order>
                              <rule>WRONG</rule>
                              <text>&lt;div&gt;Error: &lt;strong&gt;&apos;graph&apos; is not defined&lt;/strong&gt;&lt;/div&gt;</text>
                              <variableName></variableName>
                              <mcstage reference="30"/>
                            </MCAnswer>
                            <MCAnswer id="49">
                              <order>3</order>
                              <rule>WRONG</rule>
                              <text>&lt;div&gt;&lt;strong&gt;&lt;code data-start=&quot;1425&quot; data-end=&quot;1447&quot;&gt;Possibly Hamiltonian&lt;/code&gt;&lt;/strong&gt; followed by &lt;code data-start=&quot;1460&quot; data-end=&quot;1477&quot;&gt;&lt;strong&gt;Not Hamiltonian&lt;/strong&gt;&lt;/code&gt;&lt;/div&gt;</text>
                              <variableName></variableName>
                              <mcstage reference="30"/>
                            </MCAnswer>
                          </answerOptions>
                          <randomize>true</randomize>
                          <correctAnswerFeedback>&lt;div&gt;&#xd;
&lt;div&gt;Correct.&lt;/div&gt;&#xd;
&lt;div&gt;&amp;nbsp;&lt;/div&gt;&#xd;
&lt;div&gt;Solution:&lt;br&gt;Each vertex has degree 3 in a 4-vertex graph. &amp;nbsp;&lt;br&gt;Since 3 &amp;ge; 4/2, Dirac&amp;rsquo;s condition is satisfied. &amp;nbsp;&lt;br&gt;Therefore, the function prints:&lt;br&gt;Possibly Hamiltonian&lt;/div&gt;&#xd;
&lt;/div&gt;</correctAnswerFeedback>
                          <pointMode>MANUAL</pointMode>
                          <feedbackDisplayMode>FIRST</feedbackDisplayMode>
                          <defaultFeedback>&lt;div&gt;&#xd;
&lt;div&gt;Incorrect.&lt;/div&gt;&#xd;
&lt;div&gt;&amp;nbsp;&lt;/div&gt;&#xd;
&lt;div&gt;Solution:&lt;br&gt;Check the logic carefully. &amp;nbsp;&lt;br&gt;The function prints &quot;Possibly Hamiltonian&quot; only if no vertex has a degree less than n/2. &amp;nbsp;&lt;br&gt;If any vertex violates Dirac&amp;rsquo;s condition (degree &amp;lt; n/2), the function prints &quot;Not Hamiltonian&quot; and stops immediately.&lt;/div&gt;&#xd;
&lt;/div&gt;</defaultFeedback>
                          <defaultResult>0</defaultResult>
                          <extraFeedbacks id="50">
                            <de.uni__due.s3.jack3.entities.stagetypes.mc.MCFeedback id="51">
                              <feedback__order>0</feedback__order>
                              <stage reference="30"/>
                              <expression id="52">
                                <code>[input=mcindex_0]</code>
                                <domain>MATH</domain>
                              </expression>
                              <condition id="53">
                                <code></code>
                                <domain>MATH</domain>
                              </condition>
                              <result>0</result>
                              <feedbackText>&lt;div&gt;&#xd;
&lt;div&gt;Incorrect.&lt;/div&gt;&#xd;
&lt;div&gt;&amp;nbsp;&lt;/div&gt;&#xd;
&lt;div&gt;Solution:&lt;br&gt;The function prints &quot;Not Hamiltonian&quot; only when at least one vertex has a degree less than n/2. &amp;nbsp;&lt;br&gt;In this graph, all vertices have degree 3, which is greater than or equal to n/2 = 2. &amp;nbsp;&lt;br&gt;So &amp;ldquo;Not Hamiltonian&amp;rdquo; is never printed.&lt;/div&gt;&#xd;
&lt;/div&gt;</feedbackText>
                            </de.uni__due.s3.jack3.entities.stagetypes.mc.MCFeedback>
                            <de.uni__due.s3.jack3.entities.stagetypes.mc.MCFeedback id="54">
                              <feedback__order>1</feedback__order>
                              <stage reference="30"/>
                              <expression id="55">
                                <code>[input=mcindex_2]</code>
                                <domain>MATH</domain>
                              </expression>
                              <condition id="56">
                                <code></code>
                                <domain>MATH</domain>
                              </condition>
                              <result>0</result>
                              <feedbackText>&lt;div&gt;&#xd;
&lt;div&gt;Incorrect.&lt;/div&gt;&#xd;
&lt;div&gt;&amp;nbsp;&lt;/div&gt;&#xd;
&lt;div&gt;Solution:&lt;br&gt;The graph is defined correctly before the function call. &amp;nbsp;&lt;br&gt;There is no syntax or reference issue; the function runs normally.&lt;/div&gt;&#xd;
&lt;/div&gt;</feedbackText>
                            </de.uni__due.s3.jack3.entities.stagetypes.mc.MCFeedback>
                            <de.uni__due.s3.jack3.entities.stagetypes.mc.MCFeedback id="57">
                              <feedback__order>2</feedback__order>
                              <stage reference="30"/>
                              <expression id="58">
                                <code>[input=mcindex_3]</code>
                                <domain>MATH</domain>
                              </expression>
                              <condition id="59">
                                <code></code>
                                <domain>MATH</domain>
                              </condition>
                              <result>0</result>
                              <feedbackText>&lt;div&gt;&#xd;
&lt;div&gt;Incorrect.&lt;/div&gt;&#xd;
&lt;div&gt;&amp;nbsp;&lt;/div&gt;&#xd;
&lt;div&gt;Solution:&lt;br&gt;The function exits immediately after printing &quot;Not Hamiltonian&quot; because of the return statement. &amp;nbsp;&lt;br&gt;Therefore, it cannot print both &amp;ldquo;Not Hamiltonian&amp;rdquo; and &amp;ldquo;Possibly Hamiltonian&amp;rdquo;.&lt;/div&gt;&#xd;
&lt;/div&gt;</feedbackText>
                            </de.uni__due.s3.jack3.entities.stagetypes.mc.MCFeedback>
                          </extraFeedbacks>
                        </targetStage>
                        <type>NEXT_OR_END</type>
                        <extraWeight>0</extraWeight>
                      </defaultTransition>
                      <skipTransitions id="60"/>
                      <stageTransitions id="61"/>
                      <hints id="62"/>
                      <variableUpdatesOnEnter id="63"/>
                      <variableUpdatesBeforeCheck id="64"/>
                      <variableUpdatesAfterCheck id="65"/>
                      <variableUpdatesOnNormalExit id="66"/>
                      <variableUpdatesOnRepeat id="67"/>
                      <variableUpdatesOnSkip id="68"/>
                      <weight>1</weight>
                      <orderIndex>4</orderIndex>
                      <allowSkip>true</allowSkip>
                      <resources id="69"/>
                      <fillInFields id="70">
                        <FillInField id="71">
                          <name>code_line</name>
                          <orderIndex>0</orderIndex>
                          <editorType>TEXT</editorType>
                          <size>10</size>
                          <maxInputSize>9999</maxInputSize>
                        </FillInField>
                      </fillInFields>
                      <dropDownFields id="72">
                        <de.uni__due.s3.jack3.entities.stagetypes.fillin.DropDownField id="73">
                          <name>dropdown2</name>
                          <orderIndex>1</orderIndex>
                          <randomize>true</randomize>
                          <items id="74">
                            <string>if degree &lt; n / 2: return False</string>
                            <string>if degree &gt; n / 2: return False</string>
                            <string>if degree &lt;= n / 2: return False</string>
                            <string>if degree &lt; n: return False</string>
                            <string>if degree == n / 2: return False</string>
                          </items>
                          <resultType>VALUE</resultType>
                        </de.uni__due.s3.jack3.entities.stagetypes.fillin.DropDownField>
                      </dropDownFields>
                      <kekuleFields id="75"/>
                      <formulaEditorPalette>INVISIBLE_MATH</formulaEditorPalette>
                      <defaultFeedback>&lt;div&gt;&#xd;
&lt;div&gt;Incorrect.&lt;/div&gt;&#xd;
&lt;div&gt;&amp;nbsp;&lt;/div&gt;&#xd;
&lt;div&gt;Solution: The missing line should check the minimum degree condition $\deg(v) \ge n/2$. &amp;nbsp;&lt;br&gt;If this is not met, the graph does not satisfy Dirac&amp;rsquo;s theorem.&lt;/div&gt;&#xd;
&lt;/div&gt;</defaultFeedback>
                      <correctAnswerRules id="76">
                        <FeedbackRule id="77">
                          <name>Feedback 1</name>
                          <orderIndex>1</orderIndex>
                          <validationExpression id="78">
                            <code>equals([input=dropdown2], &quot;if degree &lt; n / 2: return False&quot;)</code>
                            <domain>MATH</domain>
                          </validationExpression>
                          <points>0</points>
                          <terminal>false</terminal>
                          <fieldsToBeMarked id="79"/>
                        </FeedbackRule>
                      </correctAnswerRules>
                      <correctAnswerFeedback>&lt;div&gt;&#xd;
&lt;div&gt;Correct.&lt;/div&gt;&#xd;
&lt;div&gt;&amp;nbsp;&lt;/div&gt;&#xd;
&lt;div&gt;Solution: Dirac&amp;rsquo;s theorem requires that each vertex has degree &amp;ge; n/2. &amp;nbsp;&lt;br&gt;If any vertex has degree less than n/2, the function must return False.&lt;/div&gt;&#xd;
&lt;/div&gt;</correctAnswerFeedback>
                      <defaultResult>1</defaultResult>
                      <kekuleEditorConfigurations id="80">
                        <configs id="81">
                          <kekuleConfiguration id="82">
                            <name>commonToolButtons</name>
                            <selectedOption id="83">
                              <name>default</name>
                              <value></value>
                            </selectedOption>
                          </kekuleConfiguration>
                          <kekuleConfiguration id="84">
                            <name>chemToolButtons</name>
                            <selectedOption id="85">
                              <name>default</name>
                              <value></value>
                            </selectedOption>
                          </kekuleConfiguration>
                          <kekuleConfiguration id="86">
                            <name>allowedObjModifierCategories</name>
                            <selectedOption id="87">
                              <name>default</name>
                              <value></value>
                            </selectedOption>
                          </kekuleConfiguration>
                          <kekuleConfiguration id="88">
                            <name>availableBondForms</name>
                            <selectedOption id="89">
                              <name>default</name>
                              <value></value>
                            </selectedOption>
                          </kekuleConfiguration>
                          <kekuleConfiguration id="90">
                            <name>availableNonAtomTypes</name>
                            <selectedOption id="91">
                              <name>default</name>
                              <value></value>
                            </selectedOption>
                          </kekuleConfiguration>
                          <kekuleConfiguration id="92">
                            <name>defHydrogenDisplayLevel</name>
                            <selectedOption id="93">
                              <name>default</name>
                              <value></value>
                            </selectedOption>
                          </kekuleConfiguration>
                        </configs>
                      </kekuleEditorConfigurations>
                    </targetStage>
                    <type>NEXT_OR_END</type>
                    <extraWeight>0</extraWeight>
                  </defaultTransition>
                  <skipTransitions id="94"/>
                  <stageTransitions id="95"/>
                  <hints id="96"/>
                  <variableUpdatesOnEnter id="97"/>
                  <variableUpdatesBeforeCheck id="98"/>
                  <variableUpdatesAfterCheck id="99"/>
                  <variableUpdatesOnNormalExit id="100"/>
                  <variableUpdatesOnRepeat id="101"/>
                  <variableUpdatesOnSkip id="102"/>
                  <weight>1</weight>
                  <orderIndex>3</orderIndex>
                  <allowSkip>true</allowSkip>
                  <resources id="103"/>
                  <rows id="104">
                    <MCTableRow id="105">
                      <order>0</order>
                      <mctablestage reference="20"/>
                      <rowText>&lt;div&gt;Dirac&amp;rsquo;s theorem applies only to &lt;strong data-start=&quot;897&quot; data-end=&quot;914&quot;&gt;simple graphs&lt;/strong&gt; with &lt;strong data-start=&quot;920&quot; data-end=&quot;929&quot;&gt;n &amp;ge; 3&lt;/strong&gt; vertices.&lt;/div&gt;</rowText>
                    </MCTableRow>
                    <MCTableRow id="106">
                      <order>1</order>
                      <mctablestage reference="20"/>
                      <rowText>&lt;div&gt;Ore&amp;rsquo;s theorem says that if every vertex has degree &amp;ge; n/2, the graph is Hamiltonian.&lt;/div&gt;</rowText>
                    </MCTableRow>
                    <MCTableRow id="107">
                      <order>2</order>
                      <mctablestage reference="20"/>
                      <rowText>&lt;div&gt;In Ore&amp;rsquo;s theorem, the condition involves &lt;strong data-start=&quot;1081&quot; data-end=&quot;1115&quot;&gt;pairs of non-adjacent vertices&lt;/strong&gt;.&lt;/div&gt;</rowText>
                    </MCTableRow>
                    <MCTableRow id="108">
                      <order>3</order>
                      <mctablestage reference="20"/>
                      <rowText>&lt;div&gt;Dirac&amp;rsquo;s theorem can be seen as a &lt;strong data-start=&quot;1158&quot; data-end=&quot;1174&quot;&gt;special case&lt;/strong&gt; of Ore&amp;rsquo;s theorem.&lt;/div&gt;</rowText>
                    </MCTableRow>
                    <MCTableRow id="109">
                      <order>4</order>
                      <mctablestage reference="20"/>
                      <rowText>&lt;div&gt;Both theorems apply to &lt;strong data-start=&quot;1224&quot; data-end=&quot;1243&quot;&gt;directed graphs&lt;/strong&gt; as well.&lt;/div&gt;</rowText>
                    </MCTableRow>
                  </rows>
                  <columns id="110">
                    <MCTableColumn id="111">
                      <order>0</order>
                      <mctablestage reference="20"/>
                      <columnText>True ?</columnText>
                    </MCTableColumn>
                  </columns>
                  <entries id="112">
                    <MCTableEntry id="113">
                      <mctablestage reference="20"/>
                      <row reference="105"/>
                      <column reference="111"/>
                      <rule>CORRECT</rule>
                      <variableName></variableName>
                    </MCTableEntry>
                    <MCTableEntry id="114">
                      <mctablestage reference="20"/>
                      <row reference="106"/>
                      <column reference="111"/>
                      <rule>WRONG</rule>
                      <variableName></variableName>
                    </MCTableEntry>
                    <MCTableEntry id="115">
                      <mctablestage reference="20"/>
                      <row reference="107"/>
                      <column reference="111"/>
                      <rule>CORRECT</rule>
                      <variableName></variableName>
                    </MCTableEntry>
                    <MCTableEntry id="116">
                      <mctablestage reference="20"/>
                      <row reference="108"/>
                      <column reference="111"/>
                      <rule>CORRECT</rule>
                      <variableName></variableName>
                    </MCTableEntry>
                    <MCTableEntry id="117">
                      <mctablestage reference="20"/>
                      <row reference="109"/>
                      <column reference="111"/>
                      <rule>WRONG</rule>
                      <variableName></variableName>
                    </MCTableEntry>
                  </entries>
                  <correctSubmissionFeedback>&lt;div&gt;&#xd;
&lt;div&gt;Correct.&lt;/div&gt;&#xd;
&lt;div&gt;&amp;nbsp;&lt;/div&gt;&#xd;
&lt;div&gt;Solution: Dirac&amp;rsquo;s theorem uses the degree condition $\deg(v) \ge n/2$ for all vertices. &amp;nbsp;&lt;br&gt;Ore&amp;rsquo;s theorem generalizes it by requiring that for every pair of non-adjacent vertices $(u, v)$, &amp;nbsp;&lt;br&gt;$\deg(u) + \deg(v) \ge n$. &amp;nbsp;&lt;/div&gt;&#xd;
&lt;div&gt;Both theorems apply to *simple, undirected graphs* with $n \ge 3$.&lt;/div&gt;&#xd;
&lt;/div&gt;</correctSubmissionFeedback>
                  <pointMode>FIELDS</pointMode>
                  <feedbackDisplayMode>FIRST</feedbackDisplayMode>
                  <globalWrongSubmissionFeedback>&lt;div&gt;&#xd;
&lt;div&gt;Incorrect.&lt;/div&gt;&#xd;
&lt;div&gt;&amp;nbsp;&lt;/div&gt;&#xd;
&lt;div&gt;Solution: Remember the distinction between Dirac&amp;rsquo;s and Ore&amp;rsquo;s theorems. &amp;nbsp;&lt;/div&gt;&#xd;
&lt;div&gt;&amp;nbsp; &amp;nbsp; &amp;nbsp; &amp;nbsp;&amp;bull; Dirac &amp;rarr; condition on *each vertex*: $\deg(v) \ge n/2$ &amp;nbsp;&lt;br&gt;&amp;nbsp; &amp;nbsp; &amp;nbsp; &amp;nbsp;&amp;bull; Ore &amp;rarr; condition on *pairs of non-adjacent vertices*: $\deg(u) + \deg(v) \ge n$ &amp;nbsp;&lt;/div&gt;&#xd;
&lt;div&gt;Both apply only to *undirected simple graphs*.&lt;/div&gt;&#xd;
&lt;/div&gt;</globalWrongSubmissionFeedback>
                  <defaultWrongSubmissionPoints>0</defaultWrongSubmissionPoints>
                  <extraFeedbacks id="118">
                    <MCTableFeedback id="119">
                      <order>0</order>
                      <stage reference="20"/>
                      <validationExpression id="120">
                        <code>[input=mctableentry_1_0]</code>
                        <domain>MATH</domain>
                      </validationExpression>
                      <validationCondition id="121">
                        <code></code>
                        <domain>MATH</domain>
                      </validationCondition>
                      <result>0</result>
                      <feedbackText>&lt;div&gt;Incorrect. &lt;br&gt;&lt;br&gt;Solution: That&amp;rsquo;s Dirac&amp;rsquo;s theorem, not Ore&amp;rsquo;s. Ore&amp;rsquo;s theorem involves &lt;em data-start=&quot;2635&quot; data-end=&quot;2662&quot;&gt;non-adjacent vertex pairs&lt;/em&gt;.&lt;/div&gt;</feedbackText>
                    </MCTableFeedback>
                    <MCTableFeedback id="122">
                      <order>1</order>
                      <stage reference="20"/>
                      <validationExpression id="123">
                        <code>[input=mctableentry_4_0]</code>
                        <domain>MATH</domain>
                      </validationExpression>
                      <validationCondition id="124">
                        <code></code>
                        <domain>MATH</domain>
                      </validationCondition>
                      <result>0</result>
                      <feedbackText>&lt;div&gt;&#xd;
&lt;div&gt;Incorrect.&lt;/div&gt;&#xd;
&lt;div&gt;&amp;nbsp;&lt;/div&gt;&#xd;
&lt;div&gt;Solution: Both theorems are defined only for undirected simple graphs.&lt;/div&gt;&#xd;
&lt;/div&gt;</feedbackText>
                    </MCTableFeedback>
                  </extraFeedbacks>
                  <firstCellOfMCTableText></firstCellOfMCTableText>
                  <randomizeRows>true</randomizeRows>
                  <randomizeColumns>false</randomizeColumns>
                  <mode>NONE_LIMITED</mode>
                </targetStage>
                <type>NEXT_OR_END</type>
                <extraWeight>0</extraWeight>
              </defaultTransition>
              <skipTransitions id="125"/>
              <stageTransitions id="126"/>
              <hints id="127"/>
              <variableUpdatesOnEnter id="128"/>
              <variableUpdatesBeforeCheck id="129"/>
              <variableUpdatesAfterCheck id="130"/>
              <variableUpdatesOnNormalExit id="131"/>
              <variableUpdatesOnRepeat id="132"/>
              <variableUpdatesOnSkip id="133"/>
              <weight>1</weight>
              <orderIndex>2</orderIndex>
              <allowSkip>true</allowSkip>
              <resources id="134"/>
              <fillInFields id="135">
                <FillInField id="136">
                  <name>formula</name>
                  <orderIndex>0</orderIndex>
                  <editorType>FORMULA_EDITOR</editorType>
                  <size>10</size>
                  <maxInputSize>9999</maxInputSize>
                </FillInField>
              </fillInFields>
              <dropDownFields id="137"/>
              <kekuleFields id="138"/>
              <formulaEditorPalette>INVISIBLE_MATH</formulaEditorPalette>
              <defaultFeedback>&lt;div&gt;&#xd;
&lt;div&gt;Incorrect.&lt;/div&gt;&#xd;
&lt;div&gt;&amp;nbsp;&lt;/div&gt;&#xd;
&lt;div&gt;Solution: Remember, Dirac&amp;rsquo;s theorem provides a sufficient condition for a Hamiltonian cycle:&amp;nbsp;&lt;br&gt;if every vertex in a simple graph with $n \ge 3$ has degree at least $n/2$,&amp;nbsp;&lt;br&gt;then the graph must be Hamiltonian.&lt;/div&gt;&#xd;
&lt;/div&gt;</defaultFeedback>
              <correctAnswerRules id="139">
                <FeedbackRule id="140">
                  <name>Feedback 1</name>
                  <orderIndex>1</orderIndex>
                  <validationExpression id="141">
                    <code>equalsExpr([input=formula], n/2)</code>
                    <domain>MATH</domain>
                  </validationExpression>
                  <points>0</points>
                  <terminal>false</terminal>
                  <fieldsToBeMarked id="142"/>
                </FeedbackRule>
              </correctAnswerRules>
              <correctAnswerFeedback>&lt;div&gt;&#xd;
&lt;div&gt;Correct.&lt;/div&gt;&#xd;
&lt;div&gt;&amp;nbsp;&lt;/div&gt;&#xd;
&lt;div&gt;Solution: Dirac&amp;rsquo;s theorem states that for every simple graph with $n \ge 3$,&amp;nbsp;&lt;br&gt;if each vertex has a degree of at least $n/2$, then the graph is Hamiltonian &amp;mdash;&amp;nbsp;&lt;br&gt;it contains at least one Hamiltonian cycle.&lt;/div&gt;&#xd;
&lt;/div&gt;</correctAnswerFeedback>
              <defaultResult>1</defaultResult>
              <kekuleEditorConfigurations id="143">
                <configs id="144">
                  <kekuleConfiguration id="145">
                    <name>commonToolButtons</name>
                    <selectedOption id="146">
                      <name>default</name>
                      <value></value>
                    </selectedOption>
                  </kekuleConfiguration>
                  <kekuleConfiguration id="147">
                    <name>chemToolButtons</name>
                    <selectedOption id="148">
                      <name>default</name>
                      <value></value>
                    </selectedOption>
                  </kekuleConfiguration>
                  <kekuleConfiguration id="149">
                    <name>allowedObjModifierCategories</name>
                    <selectedOption id="150">
                      <name>default</name>
                      <value></value>
                    </selectedOption>
                  </kekuleConfiguration>
                  <kekuleConfiguration id="151">
                    <name>availableBondForms</name>
                    <selectedOption id="152">
                      <name>default</name>
                      <value></value>
                    </selectedOption>
                  </kekuleConfiguration>
                  <kekuleConfiguration id="153">
                    <name>availableNonAtomTypes</name>
                    <selectedOption id="154">
                      <name>default</name>
                      <value></value>
                    </selectedOption>
                  </kekuleConfiguration>
                  <kekuleConfiguration id="155">
                    <name>defHydrogenDisplayLevel</name>
                    <selectedOption id="156">
                      <name>default</name>
                      <value></value>
                    </selectedOption>
                  </kekuleConfiguration>
                </configs>
              </kekuleEditorConfigurations>
            </targetStage>
            <type>NEXT_OR_END</type>
            <extraWeight>0</extraWeight>
          </defaultTransition>
          <skipTransitions id="157"/>
          <stageTransitions id="158"/>
          <hints id="159"/>
          <variableUpdatesOnEnter id="160"/>
          <variableUpdatesBeforeCheck id="161"/>
          <variableUpdatesAfterCheck id="162"/>
          <variableUpdatesOnNormalExit id="163"/>
          <variableUpdatesOnRepeat id="164"/>
          <variableUpdatesOnSkip id="165"/>
          <weight>1</weight>
          <orderIndex>1</orderIndex>
          <allowSkip>true</allowSkip>
          <resources id="166"/>
          <answerOptions id="167">
            <MCAnswer id="168">
              <order>0</order>
              <rule>CORRECT</rule>
              <text>&lt;div&gt;Ore&amp;rsquo;s theorem applies to &lt;strong data-start=&quot;919&quot; data-end=&quot;936&quot;&gt;simple graphs&lt;/strong&gt; with at least &lt;strong data-start=&quot;951&quot; data-end=&quot;965&quot;&gt;3 &lt;/strong&gt;&lt;strong&gt;vertices.&lt;/strong&gt;&lt;/div&gt;</text>
              <variableName></variableName>
              <mcstage reference="10"/>
            </MCAnswer>
            <MCAnswer id="169">
              <order>1</order>
              <rule>CORRECT</rule>
              <text>&lt;div&gt;For every &lt;strong data-start=&quot;989&quot; data-end=&quot;1030&quot;&gt;pair of non-adjacent vertices u and v&lt;/strong&gt;, we must have &lt;strong data-start=&quot;1045&quot; data-end=&quot;1068&quot;&gt;deg(u) + deg(v) &amp;ge; n&lt;/strong&gt;.&lt;/div&gt;</text>
              <variableName></variableName>
              <mcstage reference="10"/>
            </MCAnswer>
            <MCAnswer id="170">
              <order>2</order>
              <rule>WRONG</rule>
              <text>&lt;div&gt;Ore&amp;rsquo;s theorem applies to &lt;strong&gt;directed graphs&lt;/strong&gt;.&lt;/div&gt;</text>
              <variableName></variableName>
              <mcstage reference="10"/>
            </MCAnswer>
            <MCAnswer id="171">
              <order>3</order>
              <rule>WRONG</rule>
              <text>&lt;div&gt;Every vertex must have &lt;strong&gt;degree &amp;ge; n/2&lt;/strong&gt;.&lt;/div&gt;</text>
              <variableName></variableName>
              <mcstage reference="10"/>
            </MCAnswer>
            <MCAnswer id="172">
              <order>4</order>
              <rule>WRONG</rule>
              <text>&lt;div&gt;The graph must be &lt;strong&gt;complete&lt;/strong&gt;.&lt;/div&gt;</text>
              <variableName></variableName>
              <mcstage reference="10"/>
            </MCAnswer>
            <MCAnswer id="173">
              <order>5</order>
              <rule>WRONG</rule>
              <text>&lt;div&gt;It applies to graphs with &lt;strong&gt;loops&lt;/strong&gt;.&lt;/div&gt;</text>
              <variableName></variableName>
              <mcstage reference="10"/>
            </MCAnswer>
          </answerOptions>
          <randomize>true</randomize>
          <correctAnswerFeedback>&lt;div&gt;&#xd;
&lt;div&gt;Correct.&lt;/div&gt;&#xd;
&lt;div&gt;&amp;nbsp;&lt;/div&gt;&#xd;
&lt;div&gt;Solution: Ore&amp;rsquo;s theorem applies to simple graphs with $n \ge 3$ vertices.&amp;nbsp;&lt;br&gt;It states that for every pair of non-adjacent vertices $u$ and $v$, if $\deg(u) + \deg(v) \ge n$,&amp;nbsp;&lt;br&gt;then the graph is Hamiltonian &amp;mdash; it contains at least one Hamiltonian cycle.&lt;/div&gt;&#xd;
&lt;/div&gt;</correctAnswerFeedback>
          <pointMode>MANUAL</pointMode>
          <feedbackDisplayMode>FIRST</feedbackDisplayMode>
          <defaultFeedback>&lt;div&gt;&#xd;
&lt;div&gt;Incorrect.&lt;/div&gt;&#xd;
&lt;div&gt;&amp;nbsp;&lt;/div&gt;&#xd;
&lt;div&gt;Solution: Ore&amp;rsquo;s theorem applies only to simple, undirected graphs with at least three vertices.&amp;nbsp;&lt;br&gt;If for every pair of non-adjacent vertices $u$ and $v$ the sum $\deg(u) + \deg(v)$ is at least $n$,&amp;nbsp;&lt;br&gt;then the graph must contain a Hamiltonian cycle.&lt;/div&gt;&#xd;
&lt;/div&gt;</defaultFeedback>
          <defaultResult>0</defaultResult>
          <extraFeedbacks id="174">
            <de.uni__due.s3.jack3.entities.stagetypes.mc.MCFeedback id="175">
              <feedback__order>0</feedback__order>
              <stage reference="10"/>
              <expression id="176">
                <code>![input=mcindex_0]</code>
                <domain>MATH</domain>
              </expression>
              <condition id="177">
                <code></code>
                <domain>MATH</domain>
              </condition>
              <result>0</result>
              <feedbackText>&lt;div&gt;&#xd;
&lt;div&gt;Correct.&lt;/div&gt;&#xd;
&lt;div&gt;&amp;nbsp;&lt;/div&gt;&#xd;
&lt;div&gt;Solution: Ore&amp;rsquo;s theorem applies only to simple graphs with $n \ge 3$.&amp;nbsp;&lt;br&gt;This restriction ensures that the degree condition $\deg(u) + \deg(v) \ge n$ is meaningful.&lt;/div&gt;&#xd;
&lt;/div&gt;</feedbackText>
            </de.uni__due.s3.jack3.entities.stagetypes.mc.MCFeedback>
            <de.uni__due.s3.jack3.entities.stagetypes.mc.MCFeedback id="178">
              <feedback__order>1</feedback__order>
              <stage reference="10"/>
              <expression id="179">
                <code>![input=mcindex_1]</code>
                <domain>MATH</domain>
              </expression>
              <condition id="180">
                <code></code>
                <domain>MATH</domain>
              </condition>
              <result>0</result>
              <feedbackText>&lt;div&gt;&#xd;
&lt;div&gt;Correct.&lt;/div&gt;&#xd;
&lt;div&gt;&amp;nbsp;&lt;/div&gt;&#xd;
&lt;div&gt;Solution: This is the main condition of Ore&amp;rsquo;s theorem.&amp;nbsp;&lt;br&gt;It ensures that even if $u$ and $v$ are not directly connected,&amp;nbsp;&lt;br&gt;their combined degrees guarantee the existence of a Hamiltonian cycle.&lt;/div&gt;&#xd;
&lt;/div&gt;</feedbackText>
            </de.uni__due.s3.jack3.entities.stagetypes.mc.MCFeedback>
            <de.uni__due.s3.jack3.entities.stagetypes.mc.MCFeedback id="181">
              <feedback__order>2</feedback__order>
              <stage reference="10"/>
              <expression id="182">
                <code>[input=mcindex_2]</code>
                <domain>MATH</domain>
              </expression>
              <condition id="183">
                <code></code>
                <domain>MATH</domain>
              </condition>
              <result>0</result>
              <feedbackText>&lt;div&gt;&#xd;
&lt;div&gt;Incorrect.&lt;/div&gt;&#xd;
&lt;div&gt;&amp;nbsp;&lt;/div&gt;&#xd;
&lt;div&gt;Solution: Ore&amp;rsquo;s theorem applies only to undirected simple graphs, not to directed graphs.&lt;/div&gt;&#xd;
&lt;/div&gt;</feedbackText>
            </de.uni__due.s3.jack3.entities.stagetypes.mc.MCFeedback>
            <de.uni__due.s3.jack3.entities.stagetypes.mc.MCFeedback id="184">
              <feedback__order>3</feedback__order>
              <stage reference="10"/>
              <expression id="185">
                <code>[input=mcindex_3]</code>
                <domain>MATH</domain>
              </expression>
              <condition id="186">
                <code></code>
                <domain>MATH</domain>
              </condition>
              <result>0</result>
              <feedbackText>&lt;div&gt;&#xd;
&lt;div&gt;Incorrect.&lt;/div&gt;&#xd;
&lt;div&gt;&amp;nbsp;&lt;/div&gt;&#xd;
&lt;div&gt;Solution: This condition belongs to Dirac&amp;rsquo;s theorem, not Ore&amp;rsquo;s.&amp;nbsp;&lt;br&gt;Ore&amp;rsquo;s theorem focuses on pairs of non-adjacent vertices instead of individual vertex degrees.&lt;/div&gt;&#xd;
&lt;/div&gt;</feedbackText>
            </de.uni__due.s3.jack3.entities.stagetypes.mc.MCFeedback>
            <de.uni__due.s3.jack3.entities.stagetypes.mc.MCFeedback id="187">
              <feedback__order>4</feedback__order>
              <stage reference="10"/>
              <expression id="188">
                <code>[input=mcindex_4]</code>
                <domain>MATH</domain>
              </expression>
              <condition id="189">
                <code></code>
                <domain>MATH</domain>
              </condition>
              <result>0</result>
              <feedbackText>&lt;div&gt;&#xd;
&lt;div&gt;Incorrect.&lt;/div&gt;&#xd;
&lt;div&gt;&amp;nbsp;&lt;/div&gt;&#xd;
&lt;div&gt;Solution: A complete graph trivially satisfies Ore&amp;rsquo;s condition,&amp;nbsp;&lt;br&gt;but completeness is not required &amp;mdash; the theorem also applies to incomplete graphs&amp;nbsp;&lt;br&gt;as long as the degree-sum condition is met for every pair of non-adjacent vertices.&lt;/div&gt;&#xd;
&lt;/div&gt;</feedbackText>
            </de.uni__due.s3.jack3.entities.stagetypes.mc.MCFeedback>
            <de.uni__due.s3.jack3.entities.stagetypes.mc.MCFeedback id="190">
              <feedback__order>5</feedback__order>
              <stage reference="10"/>
              <expression id="191">
                <code>[input=mcindex_5]</code>
                <domain>MATH</domain>
              </expression>
              <condition id="192">
                <code></code>
                <domain>MATH</domain>
              </condition>
              <result>0</result>
              <feedbackText>&lt;div&gt;&#xd;
&lt;div&gt;Incorrect.&lt;/div&gt;&#xd;
&lt;div&gt;&amp;nbsp;&lt;/div&gt;&#xd;
&lt;div&gt;Solution: Ore&amp;rsquo;s theorem applies only to simple graphs,&amp;nbsp;&lt;br&gt;which means graphs with no loops or multiple edges.&lt;/div&gt;&#xd;
&lt;/div&gt;</feedbackText>
            </de.uni__due.s3.jack3.entities.stagetypes.mc.MCFeedback>
          </extraFeedbacks>
        </targetStage>
        <type>NEXT_OR_END</type>
        <extraWeight>0</extraWeight>
      </defaultTransition>
      <skipTransitions id="193"/>
      <stageTransitions id="194"/>
      <hints id="195"/>
      <variableUpdatesOnEnter id="196"/>
      <variableUpdatesBeforeCheck id="197"/>
      <variableUpdatesAfterCheck id="198"/>
      <variableUpdatesOnNormalExit id="199"/>
      <variableUpdatesOnRepeat id="200"/>
      <variableUpdatesOnSkip id="201"/>
      <weight>1</weight>
      <orderIndex>0</orderIndex>
      <allowSkip>true</allowSkip>
      <resources id="202"/>
      <answerOptions id="203">
        <MCAnswer id="204">
          <order>0</order>
          <rule>CORRECT</rule>
          <text>&lt;div&gt;The graph must be &lt;strong data-start=&quot;1016&quot; data-end=&quot;1026&quot;&gt;simple&lt;/strong&gt; (no loops or multiple edges).&lt;/div&gt;</text>
          <variableName></variableName>
          <mcstage reference="5"/>
        </MCAnswer>
        <MCAnswer id="205">
          <order>1</order>
          <rule>CORRECT</rule>
          <text>&lt;div&gt;The graph must have at least &lt;strong data-start=&quot;1098&quot; data-end=&quot;1112&quot;&gt;3 vertices&lt;/strong&gt;.&lt;/div&gt;</text>
          <variableName></variableName>
          <mcstage reference="5"/>
        </MCAnswer>
        <MCAnswer id="206">
          <order>2</order>
          <rule>CORRECT</rule>
          <text>&lt;div&gt;Every vertex must have a &lt;strong data-start=&quot;1151&quot; data-end=&quot;1167&quot;&gt;degree &amp;ge; n/2&lt;/strong&gt;, where&amp;nbsp;&lt;em data-start=&quot;1175&quot; data-end=&quot;1178&quot;&gt;n&lt;/em&gt;&amp;nbsp;is the number of vertices.&lt;/div&gt;</text>
          <variableName></variableName>
          <mcstage reference="5"/>
        </MCAnswer>
        <MCAnswer id="207">
          <order>3</order>
          <rule>WRONG</rule>
          <text>&lt;div&gt;The graph must be &lt;strong data-start=&quot;1236&quot; data-end=&quot;1248&quot;&gt;complete&lt;/strong&gt; to have a Hamiltonian cycle.&lt;/div&gt;</text>
          <variableName></variableName>
          <mcstage reference="5"/>
        </MCAnswer>
        <MCAnswer id="208">
          <order>4</order>
          <rule>WRONG</rule>
          <text>&lt;div&gt;The theorem applies only to &lt;strong data-start=&quot;1318&quot; data-end=&quot;1330&quot;&gt;directed&lt;/strong&gt; graphs.&lt;/div&gt;</text>
          <variableName></variableName>
          <mcstage reference="5"/>
        </MCAnswer>
      </answerOptions>
      <randomize>true</randomize>
      <correctAnswerFeedback>&lt;div&gt;&#xd;
&lt;div&gt;Correct.&lt;/div&gt;&#xd;
&lt;div&gt;&amp;nbsp;&lt;/div&gt;&#xd;
&lt;div&gt;Solution: Dirac&amp;rsquo;s theorem applies to simple graphs with $n \ge 3$ vertices.&amp;nbsp;&lt;br&gt;It states that if every vertex has a degree of at least $n/2$, then the graph is Hamiltonian &amp;mdash; it contains at least one Hamiltonian cycle.&lt;/div&gt;&#xd;
&lt;/div&gt;</correctAnswerFeedback>
      <pointMode>MANUAL</pointMode>
      <feedbackDisplayMode>FIRST</feedbackDisplayMode>
      <defaultFeedback>&lt;div&gt;&#xd;
&lt;div&gt;Incorrect.&lt;/div&gt;&#xd;
&lt;div&gt;&amp;nbsp;&lt;/div&gt;&#xd;
&lt;div&gt;Solution: Dirac&amp;rsquo;s theorem applies only to simple, undirected graphs with at least three vertices.&amp;nbsp;&lt;br&gt;It guarantees a Hamiltonian cycle if every vertex has a degree of at least half the number of vertices ($\deg(v) \ge n/2$).&lt;/div&gt;&#xd;
&lt;/div&gt;</defaultFeedback>
      <defaultResult>0</defaultResult>
      <extraFeedbacks id="209">
        <de.uni__due.s3.jack3.entities.stagetypes.mc.MCFeedback id="210">
          <feedback__order>0</feedback__order>
          <stage reference="5"/>
          <expression id="211">
            <code>[input=mcindex_3]</code>
            <domain>MATH</domain>
          </expression>
          <condition id="212">
            <code></code>
            <domain>MATH</domain>
          </condition>
          <result>0</result>
          <feedbackText>&lt;div&gt;&#xd;
&lt;div&gt;Incorrect.&lt;/div&gt;&#xd;
&lt;div&gt;&amp;nbsp;&lt;/div&gt;&#xd;
&lt;div&gt;Solution: The theorem does not require the graph to be complete &amp;mdash; only that each vertex connects to at least half of the others.&amp;nbsp;&lt;br&gt;A complete graph is a stronger condition than Dirac&amp;rsquo;s requirement.&lt;/div&gt;&#xd;
&lt;/div&gt;</feedbackText>
        </de.uni__due.s3.jack3.entities.stagetypes.mc.MCFeedback>
        <de.uni__due.s3.jack3.entities.stagetypes.mc.MCFeedback id="213">
          <feedback__order>1</feedback__order>
          <stage reference="5"/>
          <expression id="214">
            <code>[input=mcindex_4]</code>
            <domain>MATH</domain>
          </expression>
          <condition id="215">
            <code></code>
            <domain>MATH</domain>
          </condition>
          <result>0</result>
          <feedbackText>&lt;div&gt;&#xd;
&lt;div&gt;Incorrect.&lt;/div&gt;&#xd;
&lt;div&gt;&amp;nbsp;&lt;/div&gt;&#xd;
&lt;div&gt;Solution: Dirac&amp;rsquo;s theorem applies only to undirected simple graphs, not to directed ones.&lt;/div&gt;&#xd;
&lt;/div&gt;</feedbackText>
        </de.uni__due.s3.jack3.entities.stagetypes.mc.MCFeedback>
      </extraFeedbacks>
    </MCStage>
    <MCStage reference="10"/>
    <FillInStage reference="15"/>
    <MCTableStage reference="20"/>
    <FillInStage reference="25"/>
    <MCStage reference="30"/>
  </stages>
  <startStage class="MCStage" reference="5"/>
  <variableDeclarations id="216"/>
  <jSXGraphs id="217"/>
  <dynamicMolecules id="218"/>
  <resultFeedbackMappings id="219"/>
</Exercise>