<Exercise id="1">
  <name>Dynamic-Hamiltonian Drones</name>
  <internalNotes></internalNotes>
  <language>en</language>
  <difficulty>0</difficulty>
  <tags id="2"/>
  <resources id="3"/>
  <stages id="4">
    <DNDTextStage id="5">
      <internalName>#2</internalName>
      <externalName>Hamiltonian Drone</externalName>
      <taskDescription>&lt;div&gt;
&lt;p&gt;[var=graph]&lt;/p&gt;
&lt;p&gt;A delivery company is testing a new autonomous drone.&lt;/p&gt;
&lt;p&gt;The drone must start at the start rooftop station (node [var=start_node]), visit each station exactly once without repeats, and finally return to its starting station to complete the cycle.&lt;/p&gt;
&lt;p&gt;Which path should the drone take? If there is no possible path leave the box empty. There may be multiple possible solutions.&lt;!-- notionvc: 0e861048-d742-4db7-9d10-6ec67caa1526 --&gt;&lt;/p&gt;
&lt;p&gt;&lt;input style=&quot;width: 100%; height: 50px;&quot; disabled=&quot;disabled&quot; name=&quot;drop-area&quot; type=&quot;text&quot; value=&quot;drop_area_1&quot;&gt;&lt;input style=&quot;width: 100%; height: 50px;&quot; disabled=&quot;disabled&quot; name=&quot;draggable-pool&quot; type=&quot;text&quot; value=&quot;draggable_pool_1&quot;&gt;&lt;/p&gt;
&lt;!-- notionvc: eda99d91-9932-434b-9ef2-e831ff46626d --&gt;&lt;/div&gt;</taskDescription>
      <feedbackRules id="6">
        <FeedbackRule id="7">
          <name>Feedback </name>
          <orderIndex>1</orderIndex>
          <validationExpression id="8">
            <code>1</code>
            <domain>MATH</domain>
          </validationExpression>
          <feedbackText>&lt;div&gt;&#xd;
&lt;div&gt;Incorrect.&lt;/div&gt;&#xd;
&lt;div&gt;&amp;nbsp;&lt;/div&gt;&#xd;
&lt;div&gt;Solution: [var=feedback_solutions]&lt;/div&gt;&#xd;
&lt;/div&gt;</feedbackText>
          <points>0</points>
          <terminal>false</terminal>
          <fieldsToBeMarked id="9"/>
        </FeedbackRule>
        <FeedbackRule id="10">
          <name>Feedback </name>
          <orderIndex>0</orderIndex>
          <validationExpression id="11">
            <code>evaluateInR(&quot;any(sapply([var=active_solutions], identical, y = [input=drop_area_1]))&quot;)</code>
            <domain>MATH</domain>
          </validationExpression>
          <feedbackText>&lt;div&gt;Correct.&lt;/div&gt;</feedbackText>
          <points>0</points>
          <terminal>true</terminal>
          <fieldsToBeMarked id="12"/>
        </FeedbackRule>
      </feedbackRules>
      <defaultTransition id="13">
        <conditionExpression id="14">
          <domain>MATH</domain>
        </conditionExpression>
        <stageExpression id="15">
          <domain>MATH</domain>
        </stageExpression>
        <type>NEXT_OR_END</type>
        <extraWeight>0</extraWeight>
      </defaultTransition>
      <skipTransitions id="16"/>
      <stageTransitions id="17"/>
      <hints id="18"/>
      <variableUpdatesOnEnter id="19"/>
      <variableUpdatesBeforeCheck id="20"/>
      <variableUpdatesAfterCheck id="21"/>
      <variableUpdatesOnNormalExit id="22"/>
      <variableUpdatesOnRepeat id="23"/>
      <variableUpdatesOnSkip id="24"/>
      <weight>1</weight>
      <orderIndex>0</orderIndex>
      <allowSkip>true</allowSkip>
      <resources id="25"/>
      <draggables id="26">
        <Draggable id="27">
          <variableName>e</variableName>
          <htmlContent>&lt;div&gt;e&lt;/div&gt;</htmlContent>
          <pool id="28">
            <variableName>draggable_pool_1</variableName>
            <width>400</width>
            <height>50</height>
            <label></label>
            <fullWidth>true</fullWidth>
            <shuffleDraggables>false</shuffleDraggables>
            <dndTextStage reference="5"/>
          </pool>
          <dragDirection>BOTH</dragDirection>
          <numberOfDraggables>1</numberOfDraggables>
          <infiniteDraggables>true</infiniteDraggables>
          <dndTextStage reference="5"/>
        </Draggable>
        <Draggable id="29">
          <variableName>d</variableName>
          <htmlContent>&lt;div&gt;d&lt;/div&gt;</htmlContent>
          <pool reference="28"/>
          <dragDirection>BOTH</dragDirection>
          <numberOfDraggables>1</numberOfDraggables>
          <infiniteDraggables>true</infiniteDraggables>
          <dndTextStage reference="5"/>
        </Draggable>
        <Draggable id="30">
          <variableName>g</variableName>
          <htmlContent>&lt;div&gt;g&lt;/div&gt;</htmlContent>
          <pool reference="28"/>
          <dragDirection>BOTH</dragDirection>
          <numberOfDraggables>1</numberOfDraggables>
          <infiniteDraggables>true</infiniteDraggables>
          <dndTextStage reference="5"/>
        </Draggable>
        <Draggable id="31">
          <variableName>f</variableName>
          <htmlContent>&lt;div&gt;f&lt;/div&gt;</htmlContent>
          <pool reference="28"/>
          <dragDirection>BOTH</dragDirection>
          <numberOfDraggables>1</numberOfDraggables>
          <infiniteDraggables>true</infiniteDraggables>
          <dndTextStage reference="5"/>
        </Draggable>
        <Draggable id="32">
          <variableName>a</variableName>
          <htmlContent>&lt;div&gt;a&lt;/div&gt;</htmlContent>
          <pool reference="28"/>
          <dragDirection>BOTH</dragDirection>
          <numberOfDraggables>1</numberOfDraggables>
          <infiniteDraggables>true</infiniteDraggables>
          <dndTextStage reference="5"/>
        </Draggable>
        <Draggable id="33">
          <variableName>c</variableName>
          <htmlContent>&lt;div&gt;c&lt;/div&gt;</htmlContent>
          <pool reference="28"/>
          <dragDirection>BOTH</dragDirection>
          <numberOfDraggables>1</numberOfDraggables>
          <infiniteDraggables>true</infiniteDraggables>
          <dndTextStage reference="5"/>
        </Draggable>
        <Draggable id="34">
          <variableName>b</variableName>
          <htmlContent>&lt;div&gt;b&lt;/div&gt;</htmlContent>
          <pool reference="28"/>
          <dragDirection>BOTH</dragDirection>
          <numberOfDraggables>1</numberOfDraggables>
          <infiniteDraggables>true</infiniteDraggables>
          <dndTextStage reference="5"/>
        </Draggable>
        <Draggable id="35">
          <variableName>i</variableName>
          <htmlContent>&lt;div&gt;i&lt;/div&gt;</htmlContent>
          <pool reference="28"/>
          <dragDirection>BOTH</dragDirection>
          <numberOfDraggables>1</numberOfDraggables>
          <infiniteDraggables>true</infiniteDraggables>
          <dndTextStage reference="5"/>
        </Draggable>
        <Draggable id="36">
          <variableName>h</variableName>
          <htmlContent>&lt;div&gt;h&lt;/div&gt;</htmlContent>
          <pool reference="28"/>
          <dragDirection>BOTH</dragDirection>
          <numberOfDraggables>1</numberOfDraggables>
          <infiniteDraggables>true</infiniteDraggables>
          <dndTextStage reference="5"/>
        </Draggable>
        <Draggable id="37">
          <variableName>j</variableName>
          <htmlContent>&lt;div&gt;j&lt;/div&gt;</htmlContent>
          <pool reference="28"/>
          <dragDirection>BOTH</dragDirection>
          <numberOfDraggables>1</numberOfDraggables>
          <infiniteDraggables>true</infiniteDraggables>
          <dndTextStage reference="5"/>
        </Draggable>
      </draggables>
      <dropAreas id="38">
        <DropArea id="39">
          <variableName>drop_area_1</variableName>
          <width>400</width>
          <height>50</height>
          <numberOfDraggables>1</numberOfDraggables>
          <infiniteDraggables>true</infiniteDraggables>
          <label></label>
          <fullWidth>true</fullWidth>
          <horizontalDraggableAlignment>true</horizontalDraggableAlignment>
          <dndTextStage reference="5"/>
        </DropArea>
      </dropAreas>
      <draggablePools id="40">
        <DraggablePool reference="28"/>
      </draggablePools>
    </DNDTextStage>
  </stages>
  <startStage class="DNDTextStage" reference="5"/>
  <variableDeclarations id="41">
    <VariableDeclaration id="42">
      <name>all_solutions</name>
      <initializationCode id="43">
        <code>list(list(list()),list(list(&apos;a&apos;,&apos;d&apos;,&apos;h&apos;,&apos;i&apos;,&apos;g&apos;,&apos;e&apos;,&apos;b&apos;),list(&apos;b&apos;,&apos;e&apos;,&apos;g&apos;,&apos;i&apos;,&apos;h&apos;,&apos;d&apos;,&apos;a&apos;)),list(list(&apos;a&apos;,&apos;f&apos;,&apos;j&apos;,&apos;i&apos;,&apos;h&apos;,&apos;g&apos;,&apos;b&apos;),list(&apos;b&apos;,&apos;d&apos;,&apos;f&apos;,&apos;j&apos;,&apos;i&apos;,&apos;h&apos;,&apos;c&apos;),list(&apos;b&apos;,&apos;g&apos;,&apos;h&apos;,&apos;i&apos;,&apos;j&apos;,&apos;f&apos;,&apos;a&apos;),list(&apos;c&apos;,&apos;h&apos;,&apos;i&apos;,&apos;j&apos;,&apos;f&apos;,&apos;d&apos;,&apos;b&apos;)),list(list()),list(list()),list(list()),list(list(&apos;a&apos;,&apos;d&apos;,&apos;f&apos;,&apos;h&apos;,&apos;i&apos;,&apos;j&apos;,&apos;b&apos;),list(&apos;a&apos;,&apos;e&apos;,&apos;h&apos;,&apos;f&apos;,&apos;g&apos;,&apos;j&apos;,&apos;b&apos;),list(&apos;b&apos;,&apos;j&apos;,&apos;i&apos;,&apos;h&apos;,&apos;f&apos;,&apos;d&apos;,&apos;a&apos;),list(&apos;b&apos;,&apos;j&apos;,&apos;i&apos;,&apos;e&apos;,&apos;d&apos;,&apos;f&apos;,&apos;c&apos;),list(&apos;b&apos;,&apos;j&apos;,&apos;g&apos;,&apos;d&apos;,&apos;e&apos;,&apos;h&apos;,&apos;c&apos;),list(&apos;b&apos;,&apos;j&apos;,&apos;g&apos;,&apos;f&apos;,&apos;h&apos;,&apos;e&apos;,&apos;a&apos;),list(&apos;c&apos;,&apos;f&apos;,&apos;d&apos;,&apos;e&apos;,&apos;i&apos;,&apos;j&apos;,&apos;b&apos;),list(&apos;c&apos;,&apos;h&apos;,&apos;e&apos;,&apos;d&apos;,&apos;g&apos;,&apos;j&apos;,&apos;b&apos;)),list(list()),list(list(&apos;a&apos;,&apos;e&apos;,&apos;h&apos;,&apos;i&apos;,&apos;g&apos;,&apos;f&apos;,&apos;b&apos;),list(&apos;b&apos;,&apos;f&apos;,&apos;d&apos;,&apos;e&apos;,&apos;j&apos;,&apos;i&apos;,&apos;c&apos;),list(&apos;b&apos;,&apos;f&apos;,&apos;g&apos;,&apos;i&apos;,&apos;h&apos;,&apos;e&apos;,&apos;a&apos;),list(&apos;c&apos;,&apos;i&apos;,&apos;j&apos;,&apos;e&apos;,&apos;d&apos;,&apos;f&apos;,&apos;b&apos;)),list(list()))</code>
        <domain>MATH</domain>
      </initializationCode>
    </VariableDeclaration>
    <VariableDeclaration id="44">
      <name>variant</name>
      <initializationCode id="45">
        <code>randomIntegerBetween(0,sizeOfList([var=all_solutions]))</code>
        <domain>MATH</domain>
      </initializationCode>
    </VariableDeclaration>
    <VariableDeclaration id="46">
      <name>active_solutions</name>
      <initializationCode id="47">
        <code>getFromList([var=variant], [var=all_solutions])</code>
        <domain>MATH</domain>
      </initializationCode>
    </VariableDeclaration>
    <VariableDeclaration id="48">
      <name>graphs</name>
      <initializationCode id="49">
        <code>list(&quot;&lt;img src=data:image/svg+xml,%3Csvg%20width%3D%27406pt%27%20height%3D%27659pt%27%20viewBox%3D%270.00%200.00%20406.00%20659.00%27%20xmlns%3D%27http://www.w3.org/2000/svg%27%20xmlns:xlink%3D%27http://www.w3.org/1999/xlink%27%3E%20%3Cg%20id%3D%27graph0%27%20class%3D%27graph%27%20transform%3D%27scale(1%201)%20rotate(0)%20translate(4%20655.04)%27%3E%20%3Cpolygon%20fill%3D%27white%27%20stroke%3D%27none%27%20points%3D%27-4,4%20-4,-655.04%20401.72,-655.04%20401.72,4%20-4,4%27/%3E%20%3C%21--%201%20--%3E%20%3Cg%20id%3D%27node1%27%20class%3D%27node%27%3E%20%3Ctitle%3E1%3C/title%3E%20%3Cellipse%20fill%3D%27none%27%20stroke%3D%27black%27%20stroke-width%3D%274%27%20cx%3D%27113.21%27%20cy%3D%27-27%27%20rx%3D%2727%27%20ry%3D%2727%27/%3E%20%3Ctext%20xml:space%3D%27preserve%27%20text-anchor%3D%27middle%27%20x%3D%27113.21%27%20y%3D%27-30.2%27%20font-family%3D%27Times,serif%27%20font-size%3D%2714.00%27%3EA%3C/text%3E%20%3Ctext%20xml:space%3D%27preserve%27%20text-anchor%3D%27middle%27%20x%3D%27113.21%27%20y%3D%27-13.7%27%20font-family%3D%27Times,serif%27%20font-size%3D%2714.00%27%3E(Start)%3C/text%3E%20%3C/g%3E%20%3C%21--%202%20--%3E%20%3Cg%20id%3D%27node2%27%20class%3D%27node%27%3E%20%3Ctitle%3E2%3C/title%3E%20%3Cellipse%20fill%3D%27none%27%20stroke%3D%27black%27%20cx%3D%27151.27%27%20cy%3D%27-198.91%27%20rx%3D%2727%27%20ry%3D%2727%27/%3E%20%3Ctext%20xml:space%3D%27preserve%27%20text-anchor%3D%27middle%27%20x%3D%27151.27%27%20y%3D%27-193.86%27%20font-family%3D%27Times,serif%27%20font-size%3D%2714.00%27%3EB%3C/text%3E%20%3C/g%3E%20%3C%21--%201%26%2345%3B%26%2345%3B2%20--%3E%20%3Cg%20id%3D%27edge1%27%20class%3D%27edge%27%3E%20%3Ctitle%3E1%26%2345%3B%26%2345%3B2%3C/title%3E%20%3Cpath%20fill%3D%27none%27%20stroke%3D%27black%27%20d%3D%27M119.41,-55C126.59,-87.45%20138.34,-140.51%20145.39,-172.33%27/%3E%20%3Ctext%20xml:space%3D%27preserve%27%20text-anchor%3D%27middle%27%20x%3D%27128.54%27%20y%3D%27-61.86%27%20font-family%3D%27Times,serif%27%20font-size%3D%2714.00%27%3Ea%3C/text%3E%20%3C/g%3E%20%3C%21--%203%20--%3E%20%3Cg%20id%3D%27node3%27%20class%3D%27node%27%3E%20%3Ctitle%3E3%3C/title%3E%20%3Cellipse%20fill%3D%27none%27%20stroke%3D%27black%27%20cx%3D%27182.01%27%20cy%3D%27-382.22%27%20rx%3D%2727%27%20ry%3D%2727%27/%3E%20%3Ctext%20xml:space%3D%27preserve%27%20text-anchor%3D%27middle%27%20x%3D%27182.01%27%20y%3D%27-377.17%27%20font-family%3D%27Times,serif%27%20font-size%3D%2714.00%27%3EC%3C/text%3E%20%3C/g%3E%20%3C%21--%202%26%2345%3B%26%2345%3B3%20--%3E%20%3Cg%20id%3D%27edge2%27%20class%3D%27edge%27%3E%20%3Ctitle%3E2%26%2345%3B%26%2345%3B3%3C/title%3E%20%3Cpath%20fill%3D%27none%27%20stroke%3D%27black%27%20d%3D%27M155.81,-225.96C161.63,-260.71%20171.69,-320.69%20177.5,-355.36%27/%3E%20%3Ctext%20xml:space%3D%27preserve%27%20text-anchor%3D%27middle%27%20x%3D%27164.31%27%20y%3D%27-233.26%27%20font-family%3D%27Times,serif%27%20font-size%3D%2714.00%27%3Eb%3C/text%3E%20%3C/g%3E%20%3C%21--%204%20--%3E%20%3Cg%20id%3D%27node4%27%20class%3D%27node%27%3E%20%3Ctitle%3E4%3C/title%3E%20%3Cellipse%20fill%3D%27none%27%20stroke%3D%27black%27%20cx%3D%27370.72%27%20cy%3D%27-439.05%27%20rx%3D%2727%27%20ry%3D%2727%27/%3E%20%3Ctext%20xml:space%3D%27preserve%27%20text-anchor%3D%27middle%27%20x%3D%27370.72%27%20y%3D%27-434%27%20font-family%3D%27Times,serif%27%20font-size%3D%2714.00%27%3ED%3C/text%3E%20%3C/g%3E%20%3C%21--%203%26%2345%3B%26%2345%3B4%20--%3E%20%3Cg%20id%3D%27edge3%27%20class%3D%27edge%27%3E%20%3Ctitle%3E3%26%2345%3B%26%2345%3B4%3C/title%3E%20%3Cpath%20fill%3D%27none%27%20stroke%3D%27black%27%20d%3D%27M208.25,-390.12C244.2,-400.95%20308.4,-420.28%20344.4,-431.12%27/%3E%20%3Ctext%20xml:space%3D%27preserve%27%20text-anchor%3D%27middle%27%20x%3D%27223.09%27%20y%3D%27-382.92%27%20font-family%3D%27Times,serif%27%20font-size%3D%2714.00%27%3Ec%3C/text%3E%20%3C/g%3E%20%3C%21--%206%20--%3E%20%3Cg%20id%3D%27node6%27%20class%3D%27node%27%3E%20%3Ctitle%3E6%3C/title%3E%20%3Cellipse%20fill%3D%27none%27%20stroke%3D%27black%27%20cx%3D%2727%27%20cy%3D%27-485.8%27%20rx%3D%2727%27%20ry%3D%2727%27/%3E%20%3Ctext%20xml:space%3D%27preserve%27%20text-anchor%3D%27middle%27%20x%3D%2727%27%20y%3D%27-480.75%27%20font-family%3D%27Times,serif%27%20font-size%3D%2714.00%27%3EF%3C/text%3E%20%3C/g%3E%20%3C%21--%203%26%2345%3B%26%2345%3B6%20--%3E%20%3Cg%20id%3D%27edge4%27%20class%3D%27edge%27%3E%20%3Ctitle%3E3%26%2345%3B%26%2345%3B6%3C/title%3E%20%3Cpath%20fill%3D%27none%27%20stroke%3D%27black%27%20d%3D%27M159.47,-397.28C130.16,-416.86%2079.26,-450.88%2049.82,-470.55%27/%3E%20%3Ctext%20xml:space%3D%27preserve%27%20text-anchor%3D%27middle%27%20x%3D%27151.69%27%20y%3D%27-405.05%27%20font-family%3D%27Times,serif%27%20font-size%3D%2714.00%27%3Ed%3C/text%3E%20%3C/g%3E%20%3C%21--%207%20--%3E%20%3Cg%20id%3D%27node7%27%20class%3D%27node%27%3E%20%3Ctitle%3E7%3C/title%3E%20%3Cellipse%20fill%3D%27none%27%20stroke%3D%27black%27%20cx%3D%27167.14%27%20cy%3D%27-567.57%27%20rx%3D%2727%27%20ry%3D%2727%27/%3E%20%3Ctext%20xml:space%3D%27preserve%27%20text-anchor%3D%27middle%27%20x%3D%27167.14%27%20y%3D%27-562.52%27%20font-family%3D%27Times,serif%27%20font-size%3D%2714.00%27%3EG%3C/text%3E%20%3C/g%3E%20%3C%21--%203%26%2345%3B%26%2345%3B7%20--%3E%20%3Cg%20id%3D%27edge5%27%20class%3D%27edge%27%3E%20%3Ctitle%3E3%26%2345%3B%26%2345%3B7%3C/title%3E%20%3Cpath%20fill%3D%27none%27%20stroke%3D%27black%27%20d%3D%27M179.81,-409.57C176.99,-444.71%20172.13,-505.36%20169.32,-540.41%27/%3E%20%3Ctext%20xml:space%3D%27preserve%27%20text-anchor%3D%27middle%27%20x%3D%27185.05%27%20y%3D%27-418.58%27%20font-family%3D%27Times,serif%27%20font-size%3D%2714.00%27%3Ee%3C/text%3E%20%3C/g%3E%20%3C%21--%205%20--%3E%20%3Cg%20id%3D%27node5%27%20class%3D%27node%27%3E%20%3Ctitle%3E5%3C/title%3E%20%3Cellipse%20fill%3D%27none%27%20stroke%3D%27black%27%20cx%3D%27343.83%27%20cy%3D%27-624.04%27%20rx%3D%2727%27%20ry%3D%2727%27/%3E%20%3Ctext%20xml:space%3D%27preserve%27%20text-anchor%3D%27middle%27%20x%3D%27343.83%27%20y%3D%27-618.99%27%20font-family%3D%27Times,serif%27%20font-size%3D%2714.00%27%3EE%3C/text%3E%20%3C/g%3E%20%3C%21--%204%26%2345%3B%26%2345%3B5%20--%3E%20%3Cg%20id%3D%27edge6%27%20class%3D%27edge%27%3E%20%3Ctitle%3E4%26%2345%3B%26%2345%3B5%3C/title%3E%20%3Cpath%20fill%3D%27none%27%20stroke%3D%27black%27%20d%3D%27M366.81,-465.95C361.71,-501.02%20352.85,-562.02%20347.75,-597.11%27/%3E%20%3Ctext%20xml:space%3D%27preserve%27%20text-anchor%3D%27middle%27%20x%3D%27371.13%27%20y%3D%27-475.26%27%20font-family%3D%27Times,serif%27%20font-size%3D%2714.00%27%3Ef%3C/text%3E%20%3C/g%3E%20%3C%21--%205%26%2345%3B%26%2345%3B7%20--%3E%20%3Cg%20id%3D%27edge7%27%20class%3D%27edge%27%3E%20%3Ctitle%3E5%26%2345%3B%26%2345%3B7%3C/title%3E%20%3Cpath%20fill%3D%27none%27%20stroke%3D%27black%27%20d%3D%27M317.76,-615.71C284.35,-605.03%20226.77,-586.63%20193.31,-575.94%27/%3E%20%3Ctext%20xml:space%3D%27preserve%27%20text-anchor%3D%27middle%27%20x%3D%27302.88%27%20y%3D%27-612.56%27%20font-family%3D%27Times,serif%27%20font-size%3D%2714.00%27%3Eg%3C/text%3E%20%3C/g%3E%20%3C%21--%206%26%2345%3B%26%2345%3B7%20--%3E%20%3Cg%20id%3D%27edge8%27%20class%3D%27edge%27%3E%20%3Ctitle%3E6%26%2345%3B%26%2345%3B7%3C/title%3E%20%3Cpath%20fill%3D%27none%27%20stroke%3D%27black%27%20d%3D%27M50.46,-499.48C76.32,-514.58%20117.7,-538.73%20143.6,-553.84%27/%3E%20%3Ctext%20xml:space%3D%27preserve%27%20text-anchor%3D%27middle%27%20x%3D%2765.39%27%20y%3D%27-495.81%27%20font-family%3D%27Times,serif%27%20font-size%3D%2714.00%27%3Eh%3C/text%3E%20%3C/g%3E%20%3C/g%3E%20%3C/svg%3E&gt;&quot;,&quot;&lt;img src=data:image/svg+xml,%3Csvg%20width%3D%27562pt%27%20height%3D%27329pt%27%20viewBox%3D%270.00%200.00%20562.00%20329.00%27%20xmlns%3D%27http://www.w3.org/2000/svg%27%20xmlns:xlink%3D%27http://www.w3.org/1999/xlink%27%3E%20%3Cg%20id%3D%27graph0%27%20class%3D%27graph%27%20transform%3D%27scale(1%201)%20rotate(0)%20translate(4%20325.08)%27%3E%20%3Cpolygon%20fill%3D%27white%27%20stroke%3D%27none%27%20points%3D%27-4,4%20-4,-325.08%20558.02,-325.08%20558.02,4%20-4,4%27/%3E%20%3C%21--%201%20--%3E%20%3Cg%20id%3D%27node1%27%20class%3D%27node%27%3E%20%3Ctitle%3E1%3C/title%3E%20%3Cellipse%20fill%3D%27none%27%20stroke%3D%27black%27%20stroke-width%3D%274%27%20cx%3D%27527.02%27%20cy%3D%27-220.58%27%20rx%3D%2727%27%20ry%3D%2727%27/%3E%20%3Ctext%20xml:space%3D%27preserve%27%20text-anchor%3D%27middle%27%20x%3D%27527.02%27%20y%3D%27-223.78%27%20font-family%3D%27Times,serif%27%20font-size%3D%2714.00%27%3EA%3C/text%3E%20%3Ctext%20xml:space%3D%27preserve%27%20text-anchor%3D%27middle%27%20x%3D%27527.02%27%20y%3D%27-207.28%27%20font-family%3D%27Times,serif%27%20font-size%3D%2714.00%27%3E(Start)%3C/text%3E%20%3C/g%3E%20%3C%21--%202%20--%3E%20%3Cg%20id%3D%27node2%27%20class%3D%27node%27%3E%20%3Ctitle%3E2%3C/title%3E%20%3Cellipse%20fill%3D%27none%27%20stroke%3D%27black%27%20cx%3D%27381.11%27%20cy%3D%27-131.9%27%20rx%3D%2727%27%20ry%3D%2727%27/%3E%20%3Ctext%20xml:space%3D%27preserve%27%20text-anchor%3D%27middle%27%20x%3D%27381.11%27%20y%3D%27-126.85%27%20font-family%3D%27Times,serif%27%20font-size%3D%2714.00%27%3EB%3C/text%3E%20%3C/g%3E%20%3C%21--%201%26%2345%3B%26%2345%3B2%20--%3E%20%3Cg%20id%3D%27edge1%27%20class%3D%27edge%27%3E%20%3Ctitle%3E1%26%2345%3B%26%2345%3B2%3C/title%3E%20%3Cpath%20fill%3D%27none%27%20stroke%3D%27black%27%20d%3D%27M502.27,-205.54C474.95,-188.93%20431.31,-162.41%20404.53,-146.13%27/%3E%20%3Ctext%20xml:space%3D%27preserve%27%20text-anchor%3D%27middle%27%20x%3D%27487.36%27%20y%3D%27-198.85%27%20font-family%3D%27Times,serif%27%20font-size%3D%2714.00%27%3Ea%3C/text%3E%20%3C/g%3E%20%3C%21--%204%20--%3E%20%3Cg%20id%3D%27node4%27%20class%3D%27node%27%3E%20%3Ctitle%3E4%3C/title%3E%20%3Cellipse%20fill%3D%27none%27%20stroke%3D%27black%27%20cx%3D%27384.53%27%20cy%3D%27-294.08%27%20rx%3D%2727%27%20ry%3D%2727%27/%3E%20%3Ctext%20xml:space%3D%27preserve%27%20text-anchor%3D%27middle%27%20x%3D%27384.53%27%20y%3D%27-289.03%27%20font-family%3D%27Times,serif%27%20font-size%3D%2714.00%27%3ED%3C/text%3E%20%3C/g%3E%20%3C%21--%201%26%2345%3B%26%2345%3B4%20--%3E%20%3Cg%20id%3D%27edge2%27%20class%3D%27edge%27%3E%20%3Ctitle%3E1%26%2345%3B%26%2345%3B4%3C/title%3E%20%3Cpath%20fill%3D%27none%27%20stroke%3D%27black%27%20d%3D%27M501.55,-233.72C475.29,-247.27%20434.65,-268.23%20408.83,-281.54%27/%3E%20%3Ctext%20xml:space%3D%27preserve%27%20text-anchor%3D%27middle%27%20x%3D%27492.37%27%20y%3D%27-240.54%27%20font-family%3D%27Times,serif%27%20font-size%3D%2714.00%27%3Eb%3C/text%3E%20%3C/g%3E%20%3C%21--%203%20--%3E%20%3Cg%20id%3D%27node3%27%20class%3D%27node%27%3E%20%3Ctitle%3E3%3C/title%3E%20%3Cellipse%20fill%3D%27none%27%20stroke%3D%27black%27%20cx%3D%27260.88%27%20cy%3D%27-120.04%27%20rx%3D%2727%27%20ry%3D%2727%27/%3E%20%3Ctext%20xml:space%3D%27preserve%27%20text-anchor%3D%27middle%27%20x%3D%27260.88%27%20y%3D%27-114.99%27%20font-family%3D%27Times,serif%27%20font-size%3D%2714.00%27%3EC%3C/text%3E%20%3C/g%3E%20%3C%21--%202%26%2345%3B%26%2345%3B3%20--%3E%20%3Cg%20id%3D%27edge3%27%20class%3D%27edge%27%3E%20%3Ctitle%3E2%26%2345%3B%26%2345%3B3%3C/title%3E%20%3Cpath%20fill%3D%27none%27%20stroke%3D%27black%27%20d%3D%27M353.82,-129.21C334.15,-127.26%20307.7,-124.66%20288.05,-122.72%27/%3E%20%3Ctext%20xml:space%3D%27preserve%27%20text-anchor%3D%27middle%27%20x%3D%27339.67%27%20y%3D%27-129.13%27%20font-family%3D%27Times,serif%27%20font-size%3D%2714.00%27%3Ec%3C/text%3E%20%3C/g%3E%20%3C%21--%205%20--%3E%20%3Cg%20id%3D%27node5%27%20class%3D%27node%27%3E%20%3Ctitle%3E5%3C/title%3E%20%3Cellipse%20fill%3D%27none%27%20stroke%3D%27black%27%20cx%3D%27194.25%27%20cy%3D%27-240.07%27%20rx%3D%2727%27%20ry%3D%2727%27/%3E%20%3Ctext%20xml:space%3D%27preserve%27%20text-anchor%3D%27middle%27%20x%3D%27194.25%27%20y%3D%27-235.02%27%20font-family%3D%27Times,serif%27%20font-size%3D%2714.00%27%3EE%3C/text%3E%20%3C/g%3E%20%3C%21--%202%26%2345%3B%26%2345%3B5%20--%3E%20%3Cg%20id%3D%27edge4%27%20class%3D%27edge%27%3E%20%3Ctitle%3E2%26%2345%3B%26%2345%3B5%3C/title%3E%20%3Cpath%20fill%3D%27none%27%20stroke%3D%27black%27%20d%3D%27M357.44,-145.6C321.6,-166.35%20253.92,-205.53%20218.01,-226.31%27/%3E%20%3Ctext%20xml:space%3D%27preserve%27%20text-anchor%3D%27middle%27%20x%3D%27348.85%27%20y%3D%27-152.84%27%20font-family%3D%27Times,serif%27%20font-size%3D%2714.00%27%3Ed%3C/text%3E%20%3C/g%3E%20%3C%21--%203%26%2345%3B%26%2345%3B4%20--%3E%20%3Cg%20id%3D%27edge5%27%20class%3D%27edge%27%3E%20%3Ctitle%3E3%26%2345%3B%26%2345%3B4%3C/title%3E%20%3Cpath%20fill%3D%27none%27%20stroke%3D%27black%27%20d%3D%27M276.79,-142.43C300.53,-175.85%20344.97,-238.4%20368.68,-271.77%27/%3E%20%3Ctext%20xml:space%3D%27preserve%27%20text-anchor%3D%27middle%27%20x%3D%27289.83%27%20y%3D%27-144.79%27%20font-family%3D%27Times,serif%27%20font-size%3D%2714.00%27%3Ee%3C/text%3E%20%3C/g%3E%20%3C%21--%203%26%2345%3B%26%2345%3B5%20--%3E%20%3Cg%20id%3D%27edge6%27%20class%3D%27edge%27%3E%20%3Ctitle%3E3%26%2345%3B%26%2345%3B5%3C/title%3E%20%3Cpath%20fill%3D%27none%27%20stroke%3D%27black%27%20d%3D%27M247.55,-144.04C235.93,-164.97%20219.16,-195.19%20207.55,-216.11%27/%3E%20%3Ctext%20xml:space%3D%27preserve%27%20text-anchor%3D%27middle%27%20x%3D%27246.5%27%20y%3D%27-153.95%27%20font-family%3D%27Times,serif%27%20font-size%3D%2714.00%27%3Ef%3C/text%3E%20%3C/g%3E%20%3C%21--%207%20--%3E%20%3Cg%20id%3D%27node7%27%20class%3D%27node%27%3E%20%3Ctitle%3E7%3C/title%3E%20%3Cellipse%20fill%3D%27none%27%20stroke%3D%27black%27%20cx%3D%27110.76%27%20cy%3D%27-27%27%20rx%3D%2727%27%20ry%3D%2727%27/%3E%20%3Ctext%20xml:space%3D%27preserve%27%20text-anchor%3D%27middle%27%20x%3D%27110.76%27%20y%3D%27-21.95%27%20font-family%3D%27Times,serif%27%20font-size%3D%2714.00%27%3EG%3C/text%3E%20%3C/g%3E%20%3C%21--%203%26%2345%3B%26%2345%3B7%20--%3E%20%3Cg%20id%3D%27edge7%27%20class%3D%27edge%27%3E%20%3Ctitle%3E3%26%2345%3B%26%2345%3B7%3C/title%3E%20%3Cpath%20fill%3D%27none%27%20stroke%3D%27black%27%20d%3D%27M237.75,-105.7C209.46,-88.17%20161.86,-58.67%20133.67,-41.2%27/%3E%20%3Ctext%20xml:space%3D%27preserve%27%20text-anchor%3D%27middle%27%20x%3D%27222.86%27%20y%3D%27-98.88%27%20font-family%3D%27Times,serif%27%20font-size%3D%2714.00%27%3Eg%3C/text%3E%20%3C/g%3E%20%3C%21--%206%20--%3E%20%3Cg%20id%3D%27node6%27%20class%3D%27node%27%3E%20%3Ctitle%3E6%3C/title%3E%20%3Cellipse%20fill%3D%27none%27%20stroke%3D%27black%27%20cx%3D%2727%27%20cy%3D%27-174.81%27%20rx%3D%2727%27%20ry%3D%2727%27/%3E%20%3Ctext%20xml:space%3D%27preserve%27%20text-anchor%3D%27middle%27%20x%3D%2727%27%20y%3D%27-169.76%27%20font-family%3D%27Times,serif%27%20font-size%3D%2714.00%27%3EF%3C/text%3E%20%3C/g%3E%20%3C%21--%205%26%2345%3B%26%2345%3B6%20--%3E%20%3Cg%20id%3D%27edge8%27%20class%3D%27edge%27%3E%20%3Ctitle%3E5%26%2345%3B%26%2345%3B6%3C/title%3E%20%3Cpath%20fill%3D%27none%27%20stroke%3D%27black%27%20d%3D%27M168.85,-230.16C137.32,-217.86%2083.88,-197.01%2052.37,-184.71%27/%3E%20%3Ctext%20xml:space%3D%27preserve%27%20text-anchor%3D%27middle%27%20x%3D%27153.88%27%20y%3D%27-226.07%27%20font-family%3D%27Times,serif%27%20font-size%3D%2714.00%27%3Eh%3C/text%3E%20%3C/g%3E%20%3C%21--%206%26%2345%3B%26%2345%3B7%20--%3E%20%3Cg%20id%3D%27edge9%27%20class%3D%27edge%27%3E%20%3Ctitle%3E6%26%2345%3B%26%2345%3B7%3C/title%3E%20%3Cpath%20fill%3D%27none%27%20stroke%3D%27black%27%20d%3D%27M40.46,-151.07C56.09,-123.48%2081.72,-78.25%2097.34,-50.69%27/%3E%20%3Ctext%20xml:space%3D%27preserve%27%20text-anchor%3D%27middle%27%20x%3D%2741.65%27%20y%3D%27-131.06%27%20font-family%3D%27Times,serif%27%20font-size%3D%2714.00%27%3Ei%3C/text%3E%20%3C/g%3E%20%3C/g%3E%20%3C/svg%3E&gt;&quot;,&quot;&lt;img src=data:image/svg+xml,%3Csvg%20width%3D%27337pt%27%20height%3D%27451pt%27%20viewBox%3D%270.00%200.00%20337.00%20451.00%27%20xmlns%3D%27http://www.w3.org/2000/svg%27%20xmlns:xlink%3D%27http://www.w3.org/1999/xlink%27%3E%20%3Cg%20id%3D%27graph0%27%20class%3D%27graph%27%20transform%3D%27scale(1%201)%20rotate(0)%20translate(4%20447.36)%27%3E%20%3Cpolygon%20fill%3D%27white%27%20stroke%3D%27none%27%20points%3D%27-4,4%20-4,-447.36%20333.15,-447.36%20333.15,4%20-4,4%27/%3E%20%3C%21--%201%20--%3E%20%3Cg%20id%3D%27node1%27%20class%3D%27node%27%3E%20%3Ctitle%3E1%3C/title%3E%20%3Cellipse%20fill%3D%27none%27%20stroke%3D%27black%27%20stroke-width%3D%274%27%20cx%3D%27190.06%27%20cy%3D%27-27%27%20rx%3D%2727%27%20ry%3D%2727%27/%3E%20%3Ctext%20xml:space%3D%27preserve%27%20text-anchor%3D%27middle%27%20x%3D%27190.06%27%20y%3D%27-30.2%27%20font-family%3D%27Times,serif%27%20font-size%3D%2714.00%27%3EA%3C/text%3E%20%3Ctext%20xml:space%3D%27preserve%27%20text-anchor%3D%27middle%27%20x%3D%27190.06%27%20y%3D%27-13.7%27%20font-family%3D%27Times,serif%27%20font-size%3D%2714.00%27%3E(Start)%3C/text%3E%20%3C/g%3E%20%3C%21--%202%20--%3E%20%3Cg%20id%3D%27node2%27%20class%3D%27node%27%3E%20%3Ctitle%3E2%3C/title%3E%20%3Cellipse%20fill%3D%27none%27%20stroke%3D%27black%27%20cx%3D%27133.93%27%20cy%3D%27-141.59%27%20rx%3D%2727%27%20ry%3D%2727%27/%3E%20%3Ctext%20xml:space%3D%27preserve%27%20text-anchor%3D%27middle%27%20x%3D%27133.93%27%20y%3D%27-136.54%27%20font-family%3D%27Times,serif%27%20font-size%3D%2714.00%27%3EB%3C/text%3E%20%3C/g%3E%20%3C%21--%201%26%2345%3B%26%2345%3B2%20--%3E%20%3Cg%20id%3D%27edge1%27%20class%3D%27edge%27%3E%20%3Ctitle%3E1%26%2345%3B%26%2345%3B2%3C/title%3E%20%3Cpath%20fill%3D%27none%27%20stroke%3D%27black%27%20d%3D%27M177.32,-53C167.88,-72.29%20155.09,-98.39%20145.85,-117.26%27/%3E%20%3Ctext%20xml:space%3D%27preserve%27%20text-anchor%3D%27middle%27%20x%3D%27177.03%27%20y%3D%27-62.95%27%20font-family%3D%27Times,serif%27%20font-size%3D%2714.00%27%3Ea%3C/text%3E%20%3C/g%3E%20%3C%21--%203%20--%3E%20%3Cg%20id%3D%27node3%27%20class%3D%27node%27%3E%20%3Ctitle%3E3%3C/title%3E%20%3Cellipse%20fill%3D%27none%27%20stroke%3D%27black%27%20cx%3D%27302.15%27%20cy%3D%27-69.07%27%20rx%3D%2727%27%20ry%3D%2727%27/%3E%20%3Ctext%20xml:space%3D%27preserve%27%20text-anchor%3D%27middle%27%20x%3D%27302.15%27%20y%3D%27-64.02%27%20font-family%3D%27Times,serif%27%20font-size%3D%2714.00%27%3EC%3C/text%3E%20%3C/g%3E%20%3C%21--%201%26%2345%3B%26%2345%3B3%20--%3E%20%3Cg%20id%3D%27edge2%27%20class%3D%27edge%27%3E%20%3Ctitle%3E1%26%2345%3B%26%2345%3B3%3C/title%3E%20%3Cpath%20fill%3D%27none%27%20stroke%3D%27black%27%20d%3D%27M217.19,-37.18C235.21,-43.95%20258.71,-52.77%20276.42,-59.42%27/%3E%20%3Ctext%20xml:space%3D%27preserve%27%20text-anchor%3D%27middle%27%20x%3D%27232.15%27%20y%3D%27-30.98%27%20font-family%3D%27Times,serif%27%20font-size%3D%2714.00%27%3Eb%3C/text%3E%20%3C/g%3E%20%3C%21--%204%20--%3E%20%3Cg%20id%3D%27node4%27%20class%3D%27node%27%3E%20%3Ctitle%3E4%3C/title%3E%20%3Cellipse%20fill%3D%27none%27%20stroke%3D%27black%27%20cx%3D%27269.33%27%20cy%3D%27-193.03%27%20rx%3D%2727%27%20ry%3D%2727%27/%3E%20%3Ctext%20xml:space%3D%27preserve%27%20text-anchor%3D%27middle%27%20x%3D%27269.33%27%20y%3D%27-187.98%27%20font-family%3D%27Times,serif%27%20font-size%3D%2714.00%27%3ED%3C/text%3E%20%3C/g%3E%20%3C%21--%201%26%2345%3B%26%2345%3B4%20--%3E%20%3Cg%20id%3D%27edge3%27%20class%3D%27edge%27%3E%20%3Ctitle%3E1%26%2345%3B%26%2345%3B4%3C/title%3E%20%3Cpath%20fill%3D%27none%27%20stroke%3D%27black%27%20d%3D%27M202.44,-52.94C217.51,-84.5%20242.76,-137.38%20257.55,-168.36%27/%3E%20%3Ctext%20xml:space%3D%27preserve%27%20text-anchor%3D%27middle%27%20x%3D%27214.02%27%20y%3D%27-57.43%27%20font-family%3D%27Times,serif%27%20font-size%3D%2714.00%27%3Ec%3C/text%3E%20%3C/g%3E%20%3C%21--%202%26%2345%3B%26%2345%3B3%20--%3E%20%3Cg%20id%3D%27edge4%27%20class%3D%27edge%27%3E%20%3Ctitle%3E2%26%2345%3B%26%2345%3B3%3C/title%3E%20%3Cpath%20fill%3D%27none%27%20stroke%3D%27black%27%20d%3D%27M159.11,-130.74C190.92,-117.03%20245.31,-93.58%20277.07,-79.89%27/%3E%20%3Ctext%20xml:space%3D%27preserve%27%20text-anchor%3D%27middle%27%20x%3D%27169.09%27%20y%3D%27-114.48%27%20font-family%3D%27Times,serif%27%20font-size%3D%2714.00%27%3Ed%3C/text%3E%20%3C/g%3E%20%3C%21--%202%26%2345%3B%26%2345%3B4%20--%3E%20%3Cg%20id%3D%27edge5%27%20class%3D%27edge%27%3E%20%3Ctitle%3E2%26%2345%3B%26%2345%3B4%3C/title%3E%20%3Cpath%20fill%3D%27none%27%20stroke%3D%27black%27%20d%3D%27M159.4,-151.27C183.6,-160.47%20219.81,-174.22%20243.98,-183.4%27/%3E%20%3Ctext%20xml:space%3D%27preserve%27%20text-anchor%3D%27middle%27%20x%3D%27174.36%27%20y%3D%27-145.12%27%20font-family%3D%27Times,serif%27%20font-size%3D%2714.00%27%3Ee%3C/text%3E%20%3C/g%3E%20%3C%21--%207%20--%3E%20%3Cg%20id%3D%27node7%27%20class%3D%27node%27%3E%20%3Ctitle%3E7%3C/title%3E%20%3Cellipse%20fill%3D%27none%27%20stroke%3D%27black%27%20cx%3D%2727%27%20cy%3D%27-267.04%27%20rx%3D%2727%27%20ry%3D%2727%27/%3E%20%3Ctext%20xml:space%3D%27preserve%27%20text-anchor%3D%27middle%27%20x%3D%2727%27%20y%3D%27-261.99%27%20font-family%3D%27Times,serif%27%20font-size%3D%2714.00%27%3EG%3C/text%3E%20%3C/g%3E%20%3C%21--%202%26%2345%3B%26%2345%3B7%20--%3E%20%3Cg%20id%3D%27edge6%27%20class%3D%27edge%27%3E%20%3Ctitle%3E2%26%2345%3B%26%2345%3B7%3C/title%3E%20%3Cpath%20fill%3D%27none%27%20stroke%3D%27black%27%20d%3D%27M116.27,-162.31C96.46,-185.55%2064.51,-223.04%2044.68,-246.29%27/%3E%20%3Ctext%20xml:space%3D%27preserve%27%20text-anchor%3D%27middle%27%20x%3D%27112.28%27%20y%3D%27-171.72%27%20font-family%3D%27Times,serif%27%20font-size%3D%2714.00%27%3Ef%3C/text%3E%20%3C/g%3E%20%3C%21--%203%26%2345%3B%26%2345%3B4%20--%3E%20%3Cg%20id%3D%27edge7%27%20class%3D%27edge%27%3E%20%3Ctitle%3E3%26%2345%3B%26%2345%3B4%3C/title%3E%20%3Cpath%20fill%3D%27none%27%20stroke%3D%27black%27%20d%3D%27M295.19,-95.36C289.62,-116.4%20281.85,-145.76%20276.28,-166.78%27/%3E%20%3Ctext%20xml:space%3D%27preserve%27%20text-anchor%3D%27middle%27%20x%3D%27297.84%27%20y%3D%27-105.08%27%20font-family%3D%27Times,serif%27%20font-size%3D%2714.00%27%3Eg%3C/text%3E%20%3C/g%3E%20%3C%21--%205%20--%3E%20%3Cg%20id%3D%27node5%27%20class%3D%27node%27%3E%20%3Ctitle%3E5%3C/title%3E%20%3Cellipse%20fill%3D%27none%27%20stroke%3D%27black%27%20cx%3D%27261.04%27%20cy%3D%27-358.04%27%20rx%3D%2727%27%20ry%3D%2727%27/%3E%20%3Ctext%20xml:space%3D%27preserve%27%20text-anchor%3D%27middle%27%20x%3D%27261.04%27%20y%3D%27-352.99%27%20font-family%3D%27Times,serif%27%20font-size%3D%2714.00%27%3EE%3C/text%3E%20%3C/g%3E%20%3C%21--%204%26%2345%3B%26%2345%3B5%20--%3E%20%3Cg%20id%3D%27edge8%27%20class%3D%27edge%27%3E%20%3Ctitle%3E4%26%2345%3B%26%2345%3B5%3C/title%3E%20%3Cpath%20fill%3D%27none%27%20stroke%3D%27black%27%20d%3D%27M267.96,-220.28C266.43,-250.85%20263.95,-300.16%20262.41,-330.75%27/%3E%20%3Ctext%20xml:space%3D%27preserve%27%20text-anchor%3D%27middle%27%20x%3D%27273.61%27%20y%3D%27-229.13%27%20font-family%3D%27Times,serif%27%20font-size%3D%2714.00%27%3Eh%3C/text%3E%20%3C/g%3E%20%3C%21--%206%20--%3E%20%3Cg%20id%3D%27node6%27%20class%3D%27node%27%3E%20%3Ctitle%3E6%3C/title%3E%20%3Cellipse%20fill%3D%27none%27%20stroke%3D%27black%27%20cx%3D%27103.51%27%20cy%3D%27-416.36%27%20rx%3D%2727%27%20ry%3D%2727%27/%3E%20%3Ctext%20xml:space%3D%27preserve%27%20text-anchor%3D%27middle%27%20x%3D%27103.51%27%20y%3D%27-411.31%27%20font-family%3D%27Times,serif%27%20font-size%3D%2714.00%27%3EF%3C/text%3E%20%3C/g%3E%20%3C%21--%205%26%2345%3B%26%2345%3B6%20--%3E%20%3Cg%20id%3D%27edge9%27%20class%3D%27edge%27%3E%20%3Ctitle%3E5%26%2345%3B%26%2345%3B6%3C/title%3E%20%3Cpath%20fill%3D%27none%27%20stroke%3D%27black%27%20d%3D%27M235.38,-367.54C206.08,-378.38%20158.45,-396.02%20129.16,-406.86%27/%3E%20%3Ctext%20xml:space%3D%27preserve%27%20text-anchor%3D%27middle%27%20x%3D%27224.83%27%20y%3D%27-373.15%27%20font-family%3D%27Times,serif%27%20font-size%3D%2714.00%27%3Ei%3C/text%3E%20%3C/g%3E%20%3C%21--%206%26%2345%3B%26%2345%3B7%20--%3E%20%3Cg%20id%3D%27edge10%27%20class%3D%27edge%27%3E%20%3Ctitle%3E6%26%2345%3B%26%2345%3B7%3C/title%3E%20%3Cpath%20fill%3D%27none%27%20stroke%3D%27black%27%20d%3D%27M91.05,-392.04C76.82,-364.27%2053.68,-319.11%2039.46,-291.35%27/%3E%20%3Ctext%20xml:space%3D%27preserve%27%20text-anchor%3D%27middle%27%20x%3D%2779.2%27%20y%3D%27-377.78%27%20font-family%3D%27Times,serif%27%20font-size%3D%2714.00%27%3Ej%3C/text%3E%20%3C/g%3E%20%3C/g%3E%20%3C/svg%3E&gt;&quot;,&quot;&lt;img src=data:image/svg+xml,%3Csvg%20width%3D%27424pt%27%20height%3D%27361pt%27%20viewBox%3D%270.00%200.00%20424.00%20361.00%27%20xmlns%3D%27http://www.w3.org/2000/svg%27%20xmlns:xlink%3D%27http://www.w3.org/1999/xlink%27%3E%20%3Cg%20id%3D%27graph0%27%20class%3D%27graph%27%20transform%3D%27scale(1%201)%20rotate(0)%20translate(4%20356.98)%27%3E%20%3Cpolygon%20fill%3D%27white%27%20stroke%3D%27none%27%20points%3D%27-4,4%20-4,-356.98%20420.06,-356.98%20420.06,4%20-4,4%27/%3E%20%3C%21--%201%20--%3E%20%3Cg%20id%3D%27node1%27%20class%3D%27node%27%3E%20%3Ctitle%3E1%3C/title%3E%20%3Cellipse%20fill%3D%27none%27%20stroke%3D%27black%27%20stroke-width%3D%274%27%20cx%3D%27298.06%27%20cy%3D%27-27%27%20rx%3D%2727%27%20ry%3D%2727%27/%3E%20%3Ctext%20xml:space%3D%27preserve%27%20text-anchor%3D%27middle%27%20x%3D%27298.06%27%20y%3D%27-30.2%27%20font-family%3D%27Times,serif%27%20font-size%3D%2714.00%27%3EA%3C/text%3E%20%3Ctext%20xml:space%3D%27preserve%27%20text-anchor%3D%27middle%27%20x%3D%27298.06%27%20y%3D%27-13.7%27%20font-family%3D%27Times,serif%27%20font-size%3D%2714.00%27%3E(Start)%3C/text%3E%20%3C/g%3E%20%3C%21--%202%20--%3E%20%3Cg%20id%3D%27node2%27%20class%3D%27node%27%3E%20%3Ctitle%3E2%3C/title%3E%20%3Cellipse%20fill%3D%27none%27%20stroke%3D%27black%27%20cx%3D%27389.06%27%20cy%3D%27-105.07%27%20rx%3D%2727%27%20ry%3D%2727%27/%3E%20%3Ctext%20xml:space%3D%27preserve%27%20text-anchor%3D%27middle%27%20x%3D%27389.06%27%20y%3D%27-100.02%27%20font-family%3D%27Times,serif%27%20font-size%3D%2714.00%27%3EB%3C/text%3E%20%3C/g%3E%20%3C%21--%201%26%2345%3B%26%2345%3B2%20--%3E%20%3Cg%20id%3D%27edge1%27%20class%3D%27edge%27%3E%20%3Ctitle%3E1%26%2345%3B%26%2345%3B2%3C/title%3E%20%3Cpath%20fill%3D%27none%27%20stroke%3D%27black%27%20d%3D%27M319.62,-45.5C334.34,-58.13%20353.73,-74.76%20368.27,-87.24%27/%3E%20%3Ctext%20xml:space%3D%27preserve%27%20text-anchor%3D%27middle%27%20x%3D%27334.07%27%20y%3D%27-44.49%27%20font-family%3D%27Times,serif%27%20font-size%3D%2714.00%27%3Ea%3C/text%3E%20%3C/g%3E%20%3C%21--%203%20--%3E%20%3Cg%20id%3D%27node3%27%20class%3D%27node%27%3E%20%3Ctitle%3E3%3C/title%3E%20%3Cellipse%20fill%3D%27none%27%20stroke%3D%27black%27%20cx%3D%27267.1%27%20cy%3D%27-158.13%27%20rx%3D%2727%27%20ry%3D%2727%27/%3E%20%3Ctext%20xml:space%3D%27preserve%27%20text-anchor%3D%27middle%27%20x%3D%27267.1%27%20y%3D%27-153.08%27%20font-family%3D%27Times,serif%27%20font-size%3D%2714.00%27%3EC%3C/text%3E%20%3C/g%3E%20%3C%21--%201%26%2345%3B%26%2345%3B3%20--%3E%20%3Cg%20id%3D%27edge2%27%20class%3D%27edge%27%3E%20%3Ctitle%3E1%26%2345%3B%26%2345%3B3%3C/title%3E%20%3Cpath%20fill%3D%27none%27%20stroke%3D%27black%27%20d%3D%27M291.42,-55.13C286.09,-77.71%20278.65,-109.19%20273.41,-131.39%27/%3E%20%3Ctext%20xml:space%3D%27preserve%27%20text-anchor%3D%27middle%27%20x%3D%27294.46%27%20y%3D%27-64.77%27%20font-family%3D%27Times,serif%27%20font-size%3D%2714.00%27%3Eb%3C/text%3E%20%3C/g%3E%20%3C%21--%202%26%2345%3B%26%2345%3B3%20--%3E%20%3Cg%20id%3D%27edge3%27%20class%3D%27edge%27%3E%20%3Ctitle%3E2%26%2345%3B%26%2345%3B3%3C/title%3E%20%3Cpath%20fill%3D%27none%27%20stroke%3D%27black%27%20d%3D%27M364.08,-115.94C343.04,-125.09%20313.08,-138.13%20292.04,-147.28%27/%3E%20%3Ctext%20xml:space%3D%27preserve%27%20text-anchor%3D%27middle%27%20x%3D%27354.15%27%20y%3D%27-122.13%27%20font-family%3D%27Times,serif%27%20font-size%3D%2714.00%27%3Ec%3C/text%3E%20%3C/g%3E%20%3C%21--%204%20--%3E%20%3Cg%20id%3D%27node4%27%20class%3D%27node%27%3E%20%3Ctitle%3E4%3C/title%3E%20%3Cellipse%20fill%3D%27none%27%20stroke%3D%27black%27%20cx%3D%27271.28%27%20cy%3D%27-299.15%27%20rx%3D%2727%27%20ry%3D%2727%27/%3E%20%3Ctext%20xml:space%3D%27preserve%27%20text-anchor%3D%27middle%27%20x%3D%27271.28%27%20y%3D%27-294.1%27%20font-family%3D%27Times,serif%27%20font-size%3D%2714.00%27%3ED%3C/text%3E%20%3C/g%3E%20%3C%21--%203%26%2345%3B%26%2345%3B4%20--%3E%20%3Cg%20id%3D%27edge4%27%20class%3D%27edge%27%3E%20%3Ctitle%3E3%26%2345%3B%26%2345%3B4%3C/title%3E%20%3Cpath%20fill%3D%27none%27%20stroke%3D%27black%27%20d%3D%27M267.9,-185.32C268.64,-210.29%20269.74,-247.1%20270.48,-272.04%27/%3E%20%3Ctext%20xml:space%3D%27preserve%27%20text-anchor%3D%27middle%27%20x%3D%27274.64%27%20y%3D%27-193.67%27%20font-family%3D%27Times,serif%27%20font-size%3D%2714.00%27%3Ed%3C/text%3E%20%3C/g%3E%20%3C%21--%206%20--%3E%20%3Cg%20id%3D%27node6%27%20class%3D%27node%27%3E%20%3Ctitle%3E6%3C/title%3E%20%3Cellipse%20fill%3D%27none%27%20stroke%3D%27black%27%20cx%3D%27130.6%27%20cy%3D%27-187.55%27%20rx%3D%2727%27%20ry%3D%2727%27/%3E%20%3Ctext%20xml:space%3D%27preserve%27%20text-anchor%3D%27middle%27%20x%3D%27130.6%27%20y%3D%27-182.5%27%20font-family%3D%27Times,serif%27%20font-size%3D%2714.00%27%3EF%3C/text%3E%20%3C/g%3E%20%3C%21--%203%26%2345%3B%26%2345%3B6%20--%3E%20%3Cg%20id%3D%27edge5%27%20class%3D%27edge%27%3E%20%3Ctitle%3E3%26%2345%3B%26%2345%3B6%3C/title%3E%20%3Cpath%20fill%3D%27none%27%20stroke%3D%27black%27%20d%3D%27M240.45,-163.87C216.4,-169.06%20181.2,-176.64%20157.17,-181.82%27/%3E%20%3Ctext%20xml:space%3D%27preserve%27%20text-anchor%3D%27middle%27%20x%3D%27228.5%27%20y%3D%27-167.88%27%20font-family%3D%27Times,serif%27%20font-size%3D%2714.00%27%3Ee%3C/text%3E%20%3C/g%3E%20%3C%21--%205%20--%3E%20%3Cg%20id%3D%27node5%27%20class%3D%27node%27%3E%20%3Ctitle%3E5%3C/title%3E%20%3Cellipse%20fill%3D%27none%27%20stroke%3D%27black%27%20cx%3D%27134.84%27%20cy%3D%27-325.98%27%20rx%3D%2727%27%20ry%3D%2727%27/%3E%20%3Ctext%20xml:space%3D%27preserve%27%20text-anchor%3D%27middle%27%20x%3D%27134.84%27%20y%3D%27-320.93%27%20font-family%3D%27Times,serif%27%20font-size%3D%2714.00%27%3EE%3C/text%3E%20%3C/g%3E%20%3C%21--%204%26%2345%3B%26%2345%3B5%20--%3E%20%3Cg%20id%3D%27edge6%27%20class%3D%27edge%27%3E%20%3Ctitle%3E4%26%2345%3B%26%2345%3B5%3C/title%3E%20%3Cpath%20fill%3D%27none%27%20stroke%3D%27black%27%20d%3D%27M244.32,-304.45C220.4,-309.16%20185.64,-315.99%20161.74,-320.69%27/%3E%20%3Ctext%20xml:space%3D%27preserve%27%20text-anchor%3D%27middle%27%20x%3D%27232.21%27%20y%3D%27-308.24%27%20font-family%3D%27Times,serif%27%20font-size%3D%2714.00%27%3Ef%3C/text%3E%20%3C/g%3E%20%3C%21--%205%26%2345%3B%26%2345%3B6%20--%3E%20%3Cg%20id%3D%27edge7%27%20class%3D%27edge%27%3E%20%3Ctitle%3E5%26%2345%3B%26%2345%3B6%3C/title%3E%20%3Cpath%20fill%3D%27none%27%20stroke%3D%27black%27%20d%3D%27M134,-298.63C133.26,-274.36%20132.17,-239.09%20131.43,-214.84%27/%3E%20%3Ctext%20xml:space%3D%27preserve%27%20text-anchor%3D%27middle%27%20x%3D%27127.25%27%20y%3D%27-280.19%27%20font-family%3D%27Times,serif%27%20font-size%3D%2714.00%27%3Eg%3C/text%3E%20%3C/g%3E%20%3C%21--%207%20--%3E%20%3Cg%20id%3D%27node7%27%20class%3D%27node%27%3E%20%3Ctitle%3E7%3C/title%3E%20%3Cellipse%20fill%3D%27none%27%20stroke%3D%27black%27%20cx%3D%2727%27%20cy%3D%27-259.54%27%20rx%3D%2727%27%20ry%3D%2727%27/%3E%20%3Ctext%20xml:space%3D%27preserve%27%20text-anchor%3D%27middle%27%20x%3D%2727%27%20y%3D%27-254.49%27%20font-family%3D%27Times,serif%27%20font-size%3D%2714.00%27%3EG%3C/text%3E%20%3C/g%3E%20%3C%21--%205%26%2345%3B%26%2345%3B7%20--%3E%20%3Cg%20id%3D%27edge8%27%20class%3D%27edge%27%3E%20%3Ctitle%3E5%26%2345%3B%26%2345%3B7%3C/title%3E%20%3Cpath%20fill%3D%27none%27%20stroke%3D%27black%27%20d%3D%27M111.44,-311.56C93.35,-300.42%2068.43,-285.07%2050.35,-273.93%27/%3E%20%3Ctext%20xml:space%3D%27preserve%27%20text-anchor%3D%27middle%27%20x%3D%2796.54%27%20y%3D%27-304.78%27%20font-family%3D%27Times,serif%27%20font-size%3D%2714.00%27%3Eh%3C/text%3E%20%3C/g%3E%20%3C%21--%206%26%2345%3B%26%2345%3B7%20--%3E%20%3Cg%20id%3D%27edge9%27%20class%3D%27edge%27%3E%20%3Ctitle%3E6%26%2345%3B%26%2345%3B7%3C/title%3E%20%3Cpath%20fill%3D%27none%27%20stroke%3D%27black%27%20d%3D%27M108.12,-203.17C90.74,-215.25%2066.8,-231.89%2049.43,-243.95%27/%3E%20%3Ctext%20xml:space%3D%27preserve%27%20text-anchor%3D%27middle%27%20x%3D%27100.57%27%20y%3D%27-211.09%27%20font-family%3D%27Times,serif%27%20font-size%3D%2714.00%27%3Ei%3C/text%3E%20%3C/g%3E%20%3C/g%3E%20%3C/svg%3E&gt;&quot;,&quot;&lt;img src=data:image/svg+xml,%3Csvg%20width%3D%27401pt%27%20height%3D%27421pt%27%20viewBox%3D%270.00%200.00%20401.00%20421.00%27%20xmlns%3D%27http://www.w3.org/2000/svg%27%20xmlns:xlink%3D%27http://www.w3.org/1999/xlink%27%3E%20%3Cg%20id%3D%27graph0%27%20class%3D%27graph%27%20transform%3D%27scale(1%201)%20rotate(0)%20translate(4%20417.33)%27%3E%20%3Cpolygon%20fill%3D%27white%27%20stroke%3D%27none%27%20points%3D%27-4,4%20-4,-417.33%20397,-417.33%20397,4%20-4,4%27/%3E%20%3C%21--%201%20--%3E%20%3Cg%20id%3D%27node1%27%20class%3D%27node%27%3E%20%3Ctitle%3E1%3C/title%3E%20%3Cellipse%20fill%3D%27none%27%20stroke%3D%27black%27%20stroke-width%3D%274%27%20cx%3D%27222.78%27%20cy%3D%27-27%27%20rx%3D%2727%27%20ry%3D%2727%27/%3E%20%3Ctext%20xml:space%3D%27preserve%27%20text-anchor%3D%27middle%27%20x%3D%27222.78%27%20y%3D%27-30.2%27%20font-family%3D%27Times,serif%27%20font-size%3D%2714.00%27%3EA%3C/text%3E%20%3Ctext%20xml:space%3D%27preserve%27%20text-anchor%3D%27middle%27%20x%3D%27222.78%27%20y%3D%27-13.7%27%20font-family%3D%27Times,serif%27%20font-size%3D%2714.00%27%3E(Start)%3C/text%3E%20%3C/g%3E%20%3C%21--%202%20--%3E%20%3Cg%20id%3D%27node2%27%20class%3D%27node%27%3E%20%3Ctitle%3E2%3C/title%3E%20%3Cellipse%20fill%3D%27none%27%20stroke%3D%27black%27%20cx%3D%27355.61%27%20cy%3D%27-152.9%27%20rx%3D%2727%27%20ry%3D%2727%27/%3E%20%3Ctext%20xml:space%3D%27preserve%27%20text-anchor%3D%27middle%27%20x%3D%27355.61%27%20y%3D%27-147.85%27%20font-family%3D%27Times,serif%27%20font-size%3D%2714.00%27%3EB%3C/text%3E%20%3C/g%3E%20%3C%21--%201%26%2345%3B%26%2345%3B2%20--%3E%20%3Cg%20id%3D%27edge1%27%20class%3D%27edge%27%3E%20%3Ctitle%3E1%26%2345%3B%26%2345%3B2%3C/title%3E%20%3Cpath%20fill%3D%27none%27%20stroke%3D%27black%27%20d%3D%27M243.83,-46.95C269.14,-70.94%20311.29,-110.89%20335.96,-134.27%27/%3E%20%3Ctext%20xml:space%3D%27preserve%27%20text-anchor%3D%27middle%27%20x%3D%27258.05%27%20y%3D%27-46.65%27%20font-family%3D%27Times,serif%27%20font-size%3D%2714.00%27%3Ea%3C/text%3E%20%3C/g%3E%20%3C%21--%204%20--%3E%20%3Cg%20id%3D%27node4%27%20class%3D%27node%27%3E%20%3Ctitle%3E4%3C/title%3E%20%3Cellipse%20fill%3D%27none%27%20stroke%3D%27black%27%20cx%3D%2770.88%27%20cy%3D%27-128.3%27%20rx%3D%2727%27%20ry%3D%2727%27/%3E%20%3Ctext%20xml:space%3D%27preserve%27%20text-anchor%3D%27middle%27%20x%3D%2770.88%27%20y%3D%27-123.25%27%20font-family%3D%27Times,serif%27%20font-size%3D%2714.00%27%3ED%3C/text%3E%20%3C/g%3E%20%3C%21--%201%26%2345%3B%26%2345%3B4%20--%3E%20%3Cg%20id%3D%27edge2%27%20class%3D%27edge%27%3E%20%3Ctitle%3E1%26%2345%3B%26%2345%3B4%3C/title%3E%20%3Cpath%20fill%3D%27none%27%20stroke%3D%27black%27%20d%3D%27M198.71,-43.05C169.77,-62.35%20121.56,-94.5%2093.35,-113.31%27/%3E%20%3Ctext%20xml:space%3D%27preserve%27%20text-anchor%3D%27middle%27%20x%3D%27190.92%27%20y%3D%27-50.82%27%20font-family%3D%27Times,serif%27%20font-size%3D%2714.00%27%3Eb%3C/text%3E%20%3C/g%3E%20%3C%21--%203%20--%3E%20%3Cg%20id%3D%27node3%27%20class%3D%27node%27%3E%20%3Ctitle%3E3%3C/title%3E%20%3Cellipse%20fill%3D%27none%27%20stroke%3D%27black%27%20cx%3D%27206.46%27%20cy%3D%27-222.21%27%20rx%3D%2727%27%20ry%3D%2727%27/%3E%20%3Ctext%20xml:space%3D%27preserve%27%20text-anchor%3D%27middle%27%20x%3D%27206.46%27%20y%3D%27-217.16%27%20font-family%3D%27Times,serif%27%20font-size%3D%2714.00%27%3EC%3C/text%3E%20%3C/g%3E%20%3C%21--%202%26%2345%3B%26%2345%3B3%20--%3E%20%3Cg%20id%3D%27edge3%27%20class%3D%27edge%27%3E%20%3Ctitle%3E2%26%2345%3B%26%2345%3B3%3C/title%3E%20%3Cpath%20fill%3D%27none%27%20stroke%3D%27black%27%20d%3D%27M330.98,-164.34C303.34,-177.18%20258.77,-197.9%20231.12,-210.75%27/%3E%20%3Ctext%20xml:space%3D%27preserve%27%20text-anchor%3D%27middle%27%20x%3D%27321.32%27%20y%3D%27-170.77%27%20font-family%3D%27Times,serif%27%20font-size%3D%2714.00%27%3Ec%3C/text%3E%20%3C/g%3E%20%3C%21--%205%20--%3E%20%3Cg%20id%3D%27node5%27%20class%3D%27node%27%3E%20%3Ctitle%3E5%3C/title%3E%20%3Cellipse%20fill%3D%27none%27%20stroke%3D%27black%27%20cx%3D%27366%27%20cy%3D%27-335.63%27%20rx%3D%2727%27%20ry%3D%2727%27/%3E%20%3Ctext%20xml:space%3D%27preserve%27%20text-anchor%3D%27middle%27%20x%3D%27366%27%20y%3D%27-330.58%27%20font-family%3D%27Times,serif%27%20font-size%3D%2714.00%27%3EE%3C/text%3E%20%3C/g%3E%20%3C%21--%202%26%2345%3B%26%2345%3B5%20--%3E%20%3Cg%20id%3D%27edge4%27%20class%3D%27edge%27%3E%20%3Ctitle%3E2%26%2345%3B%26%2345%3B5%3C/title%3E%20%3Cpath%20fill%3D%27none%27%20stroke%3D%27black%27%20d%3D%27M357.16,-180.25C359.13,-214.8%20362.49,-273.89%20364.45,-308.38%27/%3E%20%3Ctext%20xml:space%3D%27preserve%27%20text-anchor%3D%27middle%27%20x%3D%27364.26%27%20y%3D%27-188.42%27%20font-family%3D%27Times,serif%27%20font-size%3D%2714.00%27%3Ed%3C/text%3E%20%3C/g%3E%20%3C%21--%203%26%2345%3B%26%2345%3B4%20--%3E%20%3Cg%20id%3D%27edge5%27%20class%3D%27edge%27%3E%20%3Ctitle%3E3%26%2345%3B%26%2345%3B4%3C/title%3E%20%3Cpath%20fill%3D%27none%27%20stroke%3D%27black%27%20d%3D%27M184.07,-206.7C158.95,-189.3%20118.44,-161.24%2093.3,-143.83%27/%3E%20%3Ctext%20xml:space%3D%27preserve%27%20text-anchor%3D%27middle%27%20x%3D%27169.29%27%20y%3D%27-199.12%27%20font-family%3D%27Times,serif%27%20font-size%3D%2714.00%27%3Ee%3C/text%3E%20%3C/g%3E%20%3C%21--%206%20--%3E%20%3Cg%20id%3D%27node6%27%20class%3D%27node%27%3E%20%3Ctitle%3E6%3C/title%3E%20%3Cellipse%20fill%3D%27none%27%20stroke%3D%27black%27%20cx%3D%27190.55%27%20cy%3D%27-386.33%27%20rx%3D%2727%27%20ry%3D%2727%27/%3E%20%3Ctext%20xml:space%3D%27preserve%27%20text-anchor%3D%27middle%27%20x%3D%27190.55%27%20y%3D%27-381.28%27%20font-family%3D%27Times,serif%27%20font-size%3D%2714.00%27%3EF%3C/text%3E%20%3C/g%3E%20%3C%21--%203%26%2345%3B%26%2345%3B6%20--%3E%20%3Cg%20id%3D%27edge6%27%20class%3D%27edge%27%3E%20%3Ctitle%3E3%26%2345%3B%26%2345%3B6%3C/title%3E%20%3Cpath%20fill%3D%27none%27%20stroke%3D%27black%27%20d%3D%27M203.83,-249.31C200.88,-279.72%20196.13,-328.76%20193.18,-359.19%27/%3E%20%3Ctext%20xml:space%3D%27preserve%27%20text-anchor%3D%27middle%27%20x%3D%27208.83%27%20y%3D%27-258.4%27%20font-family%3D%27Times,serif%27%20font-size%3D%2714.00%27%3Ef%3C/text%3E%20%3C/g%3E%20%3C%21--%207%20--%3E%20%3Cg%20id%3D%27node7%27%20class%3D%27node%27%3E%20%3Ctitle%3E7%3C/title%3E%20%3Cellipse%20fill%3D%27none%27%20stroke%3D%27black%27%20cx%3D%2727%27%20cy%3D%27-305.4%27%20rx%3D%2727%27%20ry%3D%2727%27/%3E%20%3Ctext%20xml:space%3D%27preserve%27%20text-anchor%3D%27middle%27%20x%3D%2727%27%20y%3D%27-300.35%27%20font-family%3D%27Times,serif%27%20font-size%3D%2714.00%27%3EG%3C/text%3E%20%3C/g%3E%20%3C%21--%204%26%2345%3B%26%2345%3B7%20--%3E%20%3Cg%20id%3D%27edge7%27%20class%3D%27edge%27%3E%20%3Ctitle%3E4%26%2345%3B%26%2345%3B7%3C/title%3E%20%3Cpath%20fill%3D%27none%27%20stroke%3D%27black%27%20d%3D%27M64.31,-154.81C56.01,-188.3%2041.83,-245.56%2033.54,-279%27/%3E%20%3Ctext%20xml:space%3D%27preserve%27%20text-anchor%3D%27middle%27%20x%3D%2767.19%27%20y%3D%27-164.48%27%20font-family%3D%27Times,serif%27%20font-size%3D%2714.00%27%3Eg%3C/text%3E%20%3C/g%3E%20%3C%21--%205%26%2345%3B%26%2345%3B6%20--%3E%20%3Cg%20id%3D%27edge8%27%20class%3D%27edge%27%3E%20%3Ctitle%3E5%26%2345%3B%26%2345%3B6%3C/title%3E%20%3Cpath%20fill%3D%27none%27%20stroke%3D%27black%27%20d%3D%27M339.73,-343.22C306.56,-352.8%20249.83,-369.2%20216.71,-378.77%27/%3E%20%3Ctext%20xml:space%3D%27preserve%27%20text-anchor%3D%27middle%27%20x%3D%27328.43%27%20y%3D%27-348.03%27%20font-family%3D%27Times,serif%27%20font-size%3D%2714.00%27%3Eh%3C/text%3E%20%3C/g%3E%20%3C%21--%206%26%2345%3B%26%2345%3B7%20--%3E%20%3Cg%20id%3D%27edge9%27%20class%3D%27edge%27%3E%20%3Ctitle%3E6%26%2345%3B%26%2345%3B7%3C/title%3E%20%3Cpath%20fill%3D%27none%27%20stroke%3D%27black%27%20d%3D%27M166.06,-374.22C135.14,-358.92%2082.26,-332.75%2051.38,-317.47%27/%3E%20%3Ctext%20xml:space%3D%27preserve%27%20text-anchor%3D%27middle%27%20x%3D%27151.07%27%20y%3D%27-368.82%27%20font-family%3D%27Times,serif%27%20font-size%3D%2714.00%27%3Ei%3C/text%3E%20%3C/g%3E%20%3C/g%3E%20%3C/svg%3E&gt;&quot;,&quot;&lt;img src=data:image/svg+xml,%3Csvg%20width%3D%27370pt%27%20height%3D%27452pt%27%20viewBox%3D%270.00%200.00%20370.00%20452.00%27%20xmlns%3D%27http://www.w3.org/2000/svg%27%20xmlns:xlink%3D%27http://www.w3.org/1999/xlink%27%3E%20%3Cg%20id%3D%27graph0%27%20class%3D%27graph%27%20transform%3D%27scale(1%201)%20rotate(0)%20translate(4%20448.27)%27%3E%20%3Cpolygon%20fill%3D%27white%27%20stroke%3D%27none%27%20points%3D%27-4,4%20-4,-448.27%20365.97,-448.27%20365.97,4%20-4,4%27/%3E%20%3C%21--%201%20--%3E%20%3Cg%20id%3D%27node1%27%20class%3D%27node%27%3E%20%3Ctitle%3E1%3C/title%3E%20%3Cellipse%20fill%3D%27none%27%20stroke%3D%27black%27%20stroke-width%3D%274%27%20cx%3D%27286.52%27%20cy%3D%27-27%27%20rx%3D%2727%27%20ry%3D%2727%27/%3E%20%3Ctext%20xml:space%3D%27preserve%27%20text-anchor%3D%27middle%27%20x%3D%27286.52%27%20y%3D%27-30.2%27%20font-family%3D%27Times,serif%27%20font-size%3D%2714.00%27%3EA%3C/text%3E%20%3Ctext%20xml:space%3D%27preserve%27%20text-anchor%3D%27middle%27%20x%3D%27286.52%27%20y%3D%27-13.7%27%20font-family%3D%27Times,serif%27%20font-size%3D%2714.00%27%3E(Start)%3C/text%3E%20%3C/g%3E%20%3C%21--%202%20--%3E%20%3Cg%20id%3D%27node2%27%20class%3D%27node%27%3E%20%3Ctitle%3E2%3C/title%3E%20%3Cellipse%20fill%3D%27none%27%20stroke%3D%27black%27%20cx%3D%27334.97%27%20cy%3D%27-181.45%27%20rx%3D%2727%27%20ry%3D%2727%27/%3E%20%3Ctext%20xml:space%3D%27preserve%27%20text-anchor%3D%27middle%27%20x%3D%27334.97%27%20y%3D%27-176.4%27%20font-family%3D%27Times,serif%27%20font-size%3D%2714.00%27%3EB%3C/text%3E%20%3C/g%3E%20%3C%21--%201%26%2345%3B%26%2345%3B2%20--%3E%20%3Cg%20id%3D%27edge1%27%20class%3D%27edge%27%3E%20%3Ctitle%3E1%26%2345%3B%26%2345%3B2%3C/title%3E%20%3Cpath%20fill%3D%27none%27%20stroke%3D%27black%27%20d%3D%27M295.18,-54.61C304.14,-83.16%20318.01,-127.39%20326.79,-155.37%27/%3E%20%3Ctext%20xml:space%3D%27preserve%27%20text-anchor%3D%27middle%27%20x%3D%27305.3%27%20y%3D%27-60.64%27%20font-family%3D%27Times,serif%27%20font-size%3D%2714.00%27%3Ea%3C/text%3E%20%3C/g%3E%20%3C%21--%203%20--%3E%20%3Cg%20id%3D%27node3%27%20class%3D%27node%27%3E%20%3Ctitle%3E3%3C/title%3E%20%3Cellipse%20fill%3D%27none%27%20stroke%3D%27black%27%20cx%3D%27163.17%27%20cy%3D%27-128.99%27%20rx%3D%2727%27%20ry%3D%2727%27/%3E%20%3Ctext%20xml:space%3D%27preserve%27%20text-anchor%3D%27middle%27%20x%3D%27163.17%27%20y%3D%27-123.94%27%20font-family%3D%27Times,serif%27%20font-size%3D%2714.00%27%3EC%3C/text%3E%20%3C/g%3E%20%3C%21--%201%26%2345%3B%26%2345%3B3%20--%3E%20%3Cg%20id%3D%27edge2%27%20class%3D%27edge%27%3E%20%3Ctitle%3E1%26%2345%3B%26%2345%3B3%3C/title%3E%20%3Cpath%20fill%3D%27none%27%20stroke%3D%27black%27%20d%3D%27M264.18,-45.47C241.41,-64.3%20206.36,-93.28%20184.11,-111.68%27/%3E%20%3Ctext%20xml:space%3D%27preserve%27%20text-anchor%3D%27middle%27%20x%3D%27257.75%27%20y%3D%27-53.97%27%20font-family%3D%27Times,serif%27%20font-size%3D%2714.00%27%3Eb%3C/text%3E%20%3C/g%3E%20%3C%21--%202%26%2345%3B%26%2345%3B3%20--%3E%20%3Cg%20id%3D%27edge3%27%20class%3D%27edge%27%3E%20%3Ctitle%3E2%26%2345%3B%26%2345%3B3%3C/title%3E%20%3Cpath%20fill%3D%27none%27%20stroke%3D%27black%27%20d%3D%27M308.88,-173.49C276.49,-163.6%20221.6,-146.83%20189.23,-136.95%27/%3E%20%3Ctext%20xml:space%3D%27preserve%27%20text-anchor%3D%27middle%27%20x%3D%27294.03%27%20y%3D%27-170.53%27%20font-family%3D%27Times,serif%27%20font-size%3D%2714.00%27%3Ec%3C/text%3E%20%3C/g%3E%20%3C%21--%205%20--%3E%20%3Cg%20id%3D%27node5%27%20class%3D%27node%27%3E%20%3Ctitle%3E5%3C/title%3E%20%3Cellipse%20fill%3D%27none%27%20stroke%3D%27black%27%20cx%3D%27296.67%27%20cy%3D%27-366.82%27%20rx%3D%2727%27%20ry%3D%2727%27/%3E%20%3Ctext%20xml:space%3D%27preserve%27%20text-anchor%3D%27middle%27%20x%3D%27296.67%27%20y%3D%27-361.77%27%20font-family%3D%27Times,serif%27%20font-size%3D%2714.00%27%3EE%3C/text%3E%20%3C/g%3E%20%3C%21--%202%26%2345%3B%26%2345%3B5%20--%3E%20%3Cg%20id%3D%27edge4%27%20class%3D%27edge%27%3E%20%3Ctitle%3E2%26%2345%3B%26%2345%3B5%3C/title%3E%20%3Cpath%20fill%3D%27none%27%20stroke%3D%27black%27%20d%3D%27M329.48,-208.01C322.22,-243.15%20309.49,-304.75%20302.21,-340.01%27/%3E%20%3Ctext%20xml:space%3D%27preserve%27%20text-anchor%3D%27middle%27%20x%3D%27332.94%27%20y%3D%27-217.56%27%20font-family%3D%27Times,serif%27%20font-size%3D%2714.00%27%3Ed%3C/text%3E%20%3C/g%3E%20%3C%21--%204%20--%3E%20%3Cg%20id%3D%27node4%27%20class%3D%27node%27%3E%20%3Ctitle%3E4%3C/title%3E%20%3Cellipse%20fill%3D%27none%27%20stroke%3D%27black%27%20cx%3D%27205.15%27%20cy%3D%27-272.3%27%20rx%3D%2727%27%20ry%3D%2727%27/%3E%20%3Ctext%20xml:space%3D%27preserve%27%20text-anchor%3D%27middle%27%20x%3D%27205.15%27%20y%3D%27-267.25%27%20font-family%3D%27Times,serif%27%20font-size%3D%2714.00%27%3ED%3C/text%3E%20%3C/g%3E%20%3C%21--%203%26%2345%3B%26%2345%3B4%20--%3E%20%3Cg%20id%3D%27edge5%27%20class%3D%27edge%27%3E%20%3Ctitle%3E3%26%2345%3B%26%2345%3B4%3C/title%3E%20%3Cpath%20fill%3D%27none%27%20stroke%3D%27black%27%20d%3D%27M170.87,-155.27C178.45,-181.13%20189.95,-220.38%20197.5,-246.18%27/%3E%20%3Ctext%20xml:space%3D%27preserve%27%20text-anchor%3D%27middle%27%20x%3D%27180.78%27%20y%3D%27-161.49%27%20font-family%3D%27Times,serif%27%20font-size%3D%2714.00%27%3Ee%3C/text%3E%20%3C/g%3E%20%3C%21--%207%20--%3E%20%3Cg%20id%3D%27node7%27%20class%3D%27node%27%3E%20%3Ctitle%3E7%3C/title%3E%20%3Cellipse%20fill%3D%27none%27%20stroke%3D%27black%27%20cx%3D%2727%27%20cy%3D%27-249.19%27%20rx%3D%2727%27%20ry%3D%2727%27/%3E%20%3Ctext%20xml:space%3D%27preserve%27%20text-anchor%3D%27middle%27%20x%3D%2727%27%20y%3D%27-244.14%27%20font-family%3D%27Times,serif%27%20font-size%3D%2714.00%27%3EG%3C/text%3E%20%3C/g%3E%20%3C%21--%203%26%2345%3B%26%2345%3B7%20--%3E%20%3Cg%20id%3D%27edge6%27%20class%3D%27edge%27%3E%20%3Ctitle%3E3%26%2345%3B%26%2345%3B7%3C/title%3E%20%3Cpath%20fill%3D%27none%27%20stroke%3D%27black%27%20d%3D%27M142.79,-146.98C117.12,-169.64%2073.26,-208.35%2047.53,-231.07%27/%3E%20%3Ctext%20xml:space%3D%27preserve%27%20text-anchor%3D%27middle%27%20x%3D%27136.79%27%20y%3D%27-155.68%27%20font-family%3D%27Times,serif%27%20font-size%3D%2714.00%27%3Ef%3C/text%3E%20%3C/g%3E%20%3C%21--%204%26%2345%3B%26%2345%3B5%20--%3E%20%3Cg%20id%3D%27edge7%27%20class%3D%27edge%27%3E%20%3Ctitle%3E4%26%2345%3B%26%2345%3B5%3C/title%3E%20%3Cpath%20fill%3D%27none%27%20stroke%3D%27black%27%20d%3D%27M224.11,-291.89C239.82,-308.11%20262.03,-331.05%20277.73,-347.26%27/%3E%20%3Ctext%20xml:space%3D%27preserve%27%20text-anchor%3D%27middle%27%20x%3D%27238.13%27%20y%3D%27-292.19%27%20font-family%3D%27Times,serif%27%20font-size%3D%2714.00%27%3Eg%3C/text%3E%20%3C/g%3E%20%3C%21--%206%20--%3E%20%3Cg%20id%3D%27node6%27%20class%3D%27node%27%3E%20%3Ctitle%3E6%3C/title%3E%20%3Cellipse%20fill%3D%27none%27%20stroke%3D%27black%27%20cx%3D%27111.08%27%20cy%3D%27-417.27%27%20rx%3D%2727%27%20ry%3D%2727%27/%3E%20%3Ctext%20xml:space%3D%27preserve%27%20text-anchor%3D%27middle%27%20x%3D%27111.08%27%20y%3D%27-412.22%27%20font-family%3D%27Times,serif%27%20font-size%3D%2714.00%27%3EF%3C/text%3E%20%3C/g%3E%20%3C%21--%205%26%2345%3B%26%2345%3B6%20--%3E%20%3Cg%20id%3D%27edge8%27%20class%3D%27edge%27%3E%20%3Ctitle%3E5%26%2345%3B%26%2345%3B6%3C/title%3E%20%3Cpath%20fill%3D%27none%27%20stroke%3D%27black%27%20d%3D%27M270.47,-373.94C235.2,-383.53%20172.8,-400.49%20137.45,-410.11%27/%3E%20%3Ctext%20xml:space%3D%27preserve%27%20text-anchor%3D%27middle%27%20x%3D%27259.02%27%20y%3D%27-378.57%27%20font-family%3D%27Times,serif%27%20font-size%3D%2714.00%27%3Eh%3C/text%3E%20%3C/g%3E%20%3C%21--%206%26%2345%3B%26%2345%3B7%20--%3E%20%3Cg%20id%3D%27edge9%27%20class%3D%27edge%27%3E%20%3Ctitle%3E6%26%2345%3B%26%2345%3B7%3C/title%3E%20%3Cpath%20fill%3D%27none%27%20stroke%3D%27black%27%20d%3D%27M98.86,-392.83C82.92,-360.97%2055.19,-305.54%2039.24,-273.66%27/%3E%20%3Ctext%20xml:space%3D%27preserve%27%20text-anchor%3D%27middle%27%20x%3D%2787.11%27%20y%3D%27-378.46%27%20font-family%3D%27Times,serif%27%20font-size%3D%2714.00%27%3Ei%3C/text%3E%20%3C/g%3E%20%3C/g%3E%20%3C/svg%3E&gt;&quot;,&quot;&lt;img src=data:image/svg+xml,%3Csvg%20width%3D%27384pt%27%20height%3D%27384pt%27%20viewBox%3D%270.00%200.00%20384.00%20384.00%27%20xmlns%3D%27http://www.w3.org/2000/svg%27%20xmlns:xlink%3D%27http://www.w3.org/1999/xlink%27%3E%20%3Cg%20id%3D%27graph0%27%20class%3D%27graph%27%20transform%3D%27scale(1%201)%20rotate(0)%20translate(4%20379.7)%27%3E%20%3Cpolygon%20fill%3D%27white%27%20stroke%3D%27none%27%20points%3D%27-4,4%20-4,-379.7%20380.25,-379.7%20380.25,4%20-4,4%27/%3E%20%3C%21--%201%20--%3E%20%3Cg%20id%3D%27node1%27%20class%3D%27node%27%3E%20%3Ctitle%3E1%3C/title%3E%20%3Cellipse%20fill%3D%27none%27%20stroke%3D%27black%27%20stroke-width%3D%274%27%20cx%3D%2734.33%27%20cy%3D%27-278.32%27%20rx%3D%2727%27%20ry%3D%2727%27/%3E%20%3Ctext%20xml:space%3D%27preserve%27%20text-anchor%3D%27middle%27%20x%3D%2734.33%27%20y%3D%27-281.52%27%20font-family%3D%27Times,serif%27%20font-size%3D%2714.00%27%3EA%3C/text%3E%20%3Ctext%20xml:space%3D%27preserve%27%20text-anchor%3D%27middle%27%20x%3D%2734.33%27%20y%3D%27-265.02%27%20font-family%3D%27Times,serif%27%20font-size%3D%2714.00%27%3E(Start)%3C/text%3E%20%3C/g%3E%20%3C%21--%202%20--%3E%20%3Cg%20id%3D%27node2%27%20class%3D%27node%27%3E%20%3Ctitle%3E2%3C/title%3E%20%3Cellipse%20fill%3D%27none%27%20stroke%3D%27black%27%20cx%3D%27180.74%27%20cy%3D%27-243.11%27%20rx%3D%2727%27%20ry%3D%2727%27/%3E%20%3Ctext%20xml:space%3D%27preserve%27%20text-anchor%3D%27middle%27%20x%3D%27180.74%27%20y%3D%27-238.06%27%20font-family%3D%27Times,serif%27%20font-size%3D%2714.00%27%3EB%3C/text%3E%20%3C/g%3E%20%3C%21--%201%26%2345%3B%26%2345%3B2%20--%3E%20%3Cg%20id%3D%27edge1%27%20class%3D%27edge%27%3E%20%3Ctitle%3E1%26%2345%3B%26%2345%3B2%3C/title%3E%20%3Cpath%20fill%3D%27none%27%20stroke%3D%27black%27%20d%3D%27M62.21,-271.61C88.76,-265.23%20128.42,-255.69%20154.43,-249.43%27/%3E%20%3Ctext%20xml:space%3D%27preserve%27%20text-anchor%3D%27middle%27%20x%3D%2773.94%27%20y%3D%27-257.22%27%20font-family%3D%27Times,serif%27%20font-size%3D%2714.00%27%3Ea%3C/text%3E%20%3C/g%3E%20%3C%21--%204%20--%3E%20%3Cg%20id%3D%27node4%27%20class%3D%27node%27%3E%20%3Ctitle%3E4%3C/title%3E%20%3Cellipse%20fill%3D%27none%27%20stroke%3D%27black%27%20cx%3D%27235.83%27%20cy%3D%27-348.7%27%20rx%3D%2727%27%20ry%3D%2727%27/%3E%20%3Ctext%20xml:space%3D%27preserve%27%20text-anchor%3D%27middle%27%20x%3D%27235.83%27%20y%3D%27-343.65%27%20font-family%3D%27Times,serif%27%20font-size%3D%2714.00%27%3ED%3C/text%3E%20%3C/g%3E%20%3C%21--%201%26%2345%3B%26%2345%3B4%20--%3E%20%3Cg%20id%3D%27edge3%27%20class%3D%27edge%27%3E%20%3Ctitle%3E1%26%2345%3B%26%2345%3B4%3C/title%3E%20%3Cpath%20fill%3D%27none%27%20stroke%3D%27black%27%20d%3D%27M61.5,-287.81C100.5,-301.43%20171.82,-326.34%20210.04,-339.69%27/%3E%20%3Ctext%20xml:space%3D%27preserve%27%20text-anchor%3D%27middle%27%20x%3D%2776.43%27%20y%3D%27-281.26%27%20font-family%3D%27Times,serif%27%20font-size%3D%2714.00%27%3Ec%3C/text%3E%20%3C/g%3E%20%3C%21--%207%20--%3E%20%3Cg%20id%3D%27node7%27%20class%3D%27node%27%3E%20%3Ctitle%3E7%3C/title%3E%20%3Cellipse%20fill%3D%27none%27%20stroke%3D%27black%27%20cx%3D%2727%27%20cy%3D%27-76.59%27%20rx%3D%2727%27%20ry%3D%2727%27/%3E%20%3Ctext%20xml:space%3D%27preserve%27%20text-anchor%3D%27middle%27%20x%3D%2727%27%20y%3D%27-71.54%27%20font-family%3D%27Times,serif%27%20font-size%3D%2714.00%27%3EG%3C/text%3E%20%3C/g%3E%20%3C%21--%201%26%2345%3B%26%2345%3B7%20--%3E%20%3Cg%20id%3D%27edge2%27%20class%3D%27edge%27%3E%20%3Ctitle%3E1%26%2345%3B%26%2345%3B7%3C/title%3E%20%3Cpath%20fill%3D%27none%27%20stroke%3D%27black%27%20d%3D%27M33.28,-249.42C31.86,-210.52%2029.37,-141.84%2027.99,-103.83%27/%3E%20%3Ctext%20xml:space%3D%27preserve%27%20text-anchor%3D%27middle%27%20x%3D%2726.45%27%20y%3D%27-231.01%27%20font-family%3D%27Times,serif%27%20font-size%3D%2714.00%27%3Eb%3C/text%3E%20%3C/g%3E%20%3C%21--%203%20--%3E%20%3Cg%20id%3D%27node3%27%20class%3D%27node%27%3E%20%3Ctitle%3E3%3C/title%3E%20%3Cellipse%20fill%3D%27none%27%20stroke%3D%27black%27%20cx%3D%27311.31%27%20cy%3D%27-143.98%27%20rx%3D%2727%27%20ry%3D%2727%27/%3E%20%3Ctext%20xml:space%3D%27preserve%27%20text-anchor%3D%27middle%27%20x%3D%27311.31%27%20y%3D%27-138.93%27%20font-family%3D%27Times,serif%27%20font-size%3D%2714.00%27%3EC%3C/text%3E%20%3C/g%3E%20%3C%21--%202%26%2345%3B%26%2345%3B3%20--%3E%20%3Cg%20id%3D%27edge4%27%20class%3D%27edge%27%3E%20%3Ctitle%3E2%26%2345%3B%26%2345%3B3%3C/title%3E%20%3Cpath%20fill%3D%27none%27%20stroke%3D%27black%27%20d%3D%27M202.59,-226.51C226.84,-208.11%20265.72,-178.59%20289.82,-160.3%27/%3E%20%3Ctext%20xml:space%3D%27preserve%27%20text-anchor%3D%27middle%27%20x%3D%27209.59%27%20y%3D%27-208.2%27%20font-family%3D%27Times,serif%27%20font-size%3D%2714.00%27%3Ed%3C/text%3E%20%3C/g%3E%20%3C%21--%205%20--%3E%20%3Cg%20id%3D%27node5%27%20class%3D%27node%27%3E%20%3Ctitle%3E5%3C/title%3E%20%3Cellipse%20fill%3D%27none%27%20stroke%3D%27black%27%20cx%3D%27349.25%27%20cy%3D%27-224.75%27%20rx%3D%2727%27%20ry%3D%2727%27/%3E%20%3Ctext%20xml:space%3D%27preserve%27%20text-anchor%3D%27middle%27%20x%3D%27349.25%27%20y%3D%27-219.7%27%20font-family%3D%27Times,serif%27%20font-size%3D%2714.00%27%3EE%3C/text%3E%20%3C/g%3E%20%3C%21--%202%26%2345%3B%26%2345%3B5%20--%3E%20%3Cg%20id%3D%27edge5%27%20class%3D%27edge%27%3E%20%3Ctitle%3E2%26%2345%3B%26%2345%3B5%3C/title%3E%20%3Cpath%20fill%3D%27none%27%20stroke%3D%27black%27%20d%3D%27M207.81,-240.16C239.17,-236.74%20290.52,-231.14%20321.97,-227.72%27/%3E%20%3Ctext%20xml:space%3D%27preserve%27%20text-anchor%3D%27middle%27%20x%3D%27220.64%27%20y%3D%27-227.33%27%20font-family%3D%27Times,serif%27%20font-size%3D%2714.00%27%3Ee%3C/text%3E%20%3C/g%3E%20%3C%21--%203%26%2345%3B%26%2345%3B4%20--%3E%20%3Cg%20id%3D%27edge6%27%20class%3D%27edge%27%3E%20%3Ctitle%3E3%26%2345%3B%26%2345%3B4%3C/title%3E%20%3Cpath%20fill%3D%27none%27%20stroke%3D%27black%27%20d%3D%27M301.9,-169.49C287.4,-208.83%20259.74,-283.85%20245.23,-323.18%27/%3E%20%3Ctext%20xml:space%3D%27preserve%27%20text-anchor%3D%27middle%27%20x%3D%27303.15%27%20y%3D%27-179.39%27%20font-family%3D%27Times,serif%27%20font-size%3D%2714.00%27%3Ef%3C/text%3E%20%3C/g%3E%20%3C%21--%206%20--%3E%20%3Cg%20id%3D%27node6%27%20class%3D%27node%27%3E%20%3Ctitle%3E6%3C/title%3E%20%3Cellipse%20fill%3D%27none%27%20stroke%3D%27black%27%20cx%3D%27222.22%27%20cy%3D%27-27%27%20rx%3D%2727%27%20ry%3D%2727%27/%3E%20%3Ctext%20xml:space%3D%27preserve%27%20text-anchor%3D%27middle%27%20x%3D%27222.22%27%20y%3D%27-21.95%27%20font-family%3D%27Times,serif%27%20font-size%3D%2714.00%27%3EF%3C/text%3E%20%3C/g%3E%20%3C%21--%203%26%2345%3B%26%2345%3B6%20--%3E%20%3Cg%20id%3D%27edge7%27%20class%3D%27edge%27%3E%20%3Ctitle%3E3%26%2345%3B%26%2345%3B6%3C/title%3E%20%3Cpath%20fill%3D%27none%27%20stroke%3D%27black%27%20d%3D%27M294.76,-122.25C278.76,-101.24%20254.65,-69.58%20238.68,-48.61%27/%3E%20%3Ctext%20xml:space%3D%27preserve%27%20text-anchor%3D%27middle%27%20x%3D%27281.48%27%20y%3D%27-110.23%27%20font-family%3D%27Times,serif%27%20font-size%3D%2714.00%27%3Eg%3C/text%3E%20%3C/g%3E%20%3C%21--%204%26%2345%3B%26%2345%3B5%20--%3E%20%3Cg%20id%3D%27edge8%27%20class%3D%27edge%27%3E%20%3Ctitle%3E4%26%2345%3B%26%2345%3B5%3C/title%3E%20%3Cpath%20fill%3D%27none%27%20stroke%3D%27black%27%20d%3D%27M254.3,-328.51C275.4,-305.46%20309.7,-267.97%20330.78,-244.93%27/%3E%20%3Ctext%20xml:space%3D%27preserve%27%20text-anchor%3D%27middle%27%20x%3D%27258.8%27%20y%3D%27-309.15%27%20font-family%3D%27Times,serif%27%20font-size%3D%2714.00%27%3Eh%3C/text%3E%20%3C/g%3E%20%3C%21--%205%26%2345%3B%26%2345%3B6%20--%3E%20%3Cg%20id%3D%27edge9%27%20class%3D%27edge%27%3E%20%3Ctitle%3E5%26%2345%3B%26%2345%3B6%3C/title%3E%20%3Cpath%20fill%3D%27none%27%20stroke%3D%27black%27%20d%3D%27M328.18,-207.61C315.69,-196.7%20300.19,-181.75%20289.04,-166.25%20262.96,-130.01%20242.54,-82.01%20231.45,-52.87%27/%3E%20%3Ctext%20xml:space%3D%27preserve%27%20text-anchor%3D%27middle%27%20x%3D%27313.8%27%20y%3D%27-198.3%27%20font-family%3D%27Times,serif%27%20font-size%3D%2714.00%27%3Ei%3C/text%3E%20%3C/g%3E%20%3C%21--%206%26%2345%3B%26%2345%3B7%20--%3E%20%3Cg%20id%3D%27edge10%27%20class%3D%27edge%27%3E%20%3Ctitle%3E6%26%2345%3B%26%2345%3B7%3C/title%3E%20%3Cpath%20fill%3D%27none%27%20stroke%3D%27black%27%20d%3D%27M195.89,-33.69C158.63,-43.15%2090.9,-60.36%2053.53,-69.85%27/%3E%20%3Ctext%20xml:space%3D%27preserve%27%20text-anchor%3D%27middle%27%20x%3D%27184.27%27%20y%3D%27-38.13%27%20font-family%3D%27Times,serif%27%20font-size%3D%2714.00%27%3Ej%3C/text%3E%20%3C/g%3E%20%3C/g%3E%20%3C/svg%3E&gt;&quot;,&quot;&lt;img src=data:image/svg+xml,%3Csvg%20width%3D%27452pt%27%20height%3D%27396pt%27%20viewBox%3D%270.00%200.00%20452.00%20396.00%27%20xmlns%3D%27http://www.w3.org/2000/svg%27%20xmlns:xlink%3D%27http://www.w3.org/1999/xlink%27%3E%20%3Cg%20id%3D%27graph0%27%20class%3D%27graph%27%20transform%3D%27scale(1%201)%20rotate(0)%20translate(4%20391.76)%27%3E%20%3Cpolygon%20fill%3D%27white%27%20stroke%3D%27none%27%20points%3D%27-4,4%20-4,-391.76%20447.78,-391.76%20447.78,4%20-4,4%27/%3E%20%3C%21--%201%20--%3E%20%3Cg%20id%3D%27node1%27%20class%3D%27node%27%3E%20%3Ctitle%3E1%3C/title%3E%20%3Cellipse%20fill%3D%27none%27%20stroke%3D%27black%27%20stroke-width%3D%274%27%20cx%3D%2727%27%20cy%3D%27-64.36%27%20rx%3D%2727%27%20ry%3D%2727%27/%3E%20%3Ctext%20xml:space%3D%27preserve%27%20text-anchor%3D%27middle%27%20x%3D%2727%27%20y%3D%27-67.56%27%20font-family%3D%27Times,serif%27%20font-size%3D%2714.00%27%3EA%3C/text%3E%20%3Ctext%20xml:space%3D%27preserve%27%20text-anchor%3D%27middle%27%20x%3D%2727%27%20y%3D%27-51.06%27%20font-family%3D%27Times,serif%27%20font-size%3D%2714.00%27%3E(Start)%3C/text%3E%20%3C/g%3E%20%3C%21--%202%20--%3E%20%3Cg%20id%3D%27node2%27%20class%3D%27node%27%3E%20%3Ctitle%3E2%3C/title%3E%20%3Cellipse%20fill%3D%27none%27%20stroke%3D%27black%27%20cx%3D%27192.26%27%20cy%3D%27-27%27%20rx%3D%2727%27%20ry%3D%2727%27/%3E%20%3Ctext%20xml:space%3D%27preserve%27%20text-anchor%3D%27middle%27%20x%3D%27192.26%27%20y%3D%27-21.95%27%20font-family%3D%27Times,serif%27%20font-size%3D%2714.00%27%3EB%3C/text%3E%20%3C/g%3E%20%3C%21--%201%26%2345%3B%26%2345%3B2%20--%3E%20%3Cg%20id%3D%27edge1%27%20class%3D%27edge%27%3E%20%3Ctitle%3E1%26%2345%3B%26%2345%3B2%3C/title%3E%20%3Cpath%20fill%3D%27none%27%20stroke%3D%27black%27%20d%3D%27M55.03,-58.03C85.88,-51.05%20135.11,-39.92%20165.46,-33.06%27/%3E%20%3Ctext%20xml:space%3D%27preserve%27%20text-anchor%3D%27middle%27%20x%3D%2766.9%27%20y%3D%27-43.79%27%20font-family%3D%27Times,serif%27%20font-size%3D%2714.00%27%3Ea%3C/text%3E%20%3C/g%3E%20%3C%21--%203%20--%3E%20%3Cg%20id%3D%27node3%27%20class%3D%27node%27%3E%20%3Ctitle%3E3%3C/title%3E%20%3Cellipse%20fill%3D%27none%27%20stroke%3D%27black%27%20cx%3D%27123.03%27%20cy%3D%27-203.38%27%20rx%3D%2727%27%20ry%3D%2727%27/%3E%20%3Ctext%20xml:space%3D%27preserve%27%20text-anchor%3D%27middle%27%20x%3D%27123.03%27%20y%3D%27-198.33%27%20font-family%3D%27Times,serif%27%20font-size%3D%2714.00%27%3EC%3C/text%3E%20%3C/g%3E%20%3C%21--%201%26%2345%3B%26%2345%3B3%20--%3E%20%3Cg%20id%3D%27edge2%27%20class%3D%27edge%27%3E%20%3Ctitle%3E1%26%2345%3B%26%2345%3B3%3C/title%3E%20%3Cpath%20fill%3D%27none%27%20stroke%3D%27black%27%20d%3D%27M43.29,-87.95C61.27,-113.98%2089.99,-155.56%20107.62,-181.07%27/%3E%20%3Ctext%20xml:space%3D%27preserve%27%20text-anchor%3D%27middle%27%20x%3D%2756.23%27%20y%3D%27-90.48%27%20font-family%3D%27Times,serif%27%20font-size%3D%2714.00%27%3Eb%3C/text%3E%20%3C/g%3E%20%3C%21--%202%26%2345%3B%26%2345%3B3%20--%3E%20%3Cg%20id%3D%27edge3%27%20class%3D%27edge%27%3E%20%3Ctitle%3E2%26%2345%3B%26%2345%3B3%3C/title%3E%20%3Cpath%20fill%3D%27none%27%20stroke%3D%27black%27%20d%3D%27M182.34,-52.27C169.22,-85.71%20146.21,-144.32%20133.05,-177.87%27/%3E%20%3Ctext%20xml:space%3D%27preserve%27%20text-anchor%3D%27middle%27%20x%3D%27183.27%27%20y%3D%27-62.19%27%20font-family%3D%27Times,serif%27%20font-size%3D%2714.00%27%3Ec%3C/text%3E%20%3C/g%3E%20%3C%21--%207%20--%3E%20%3Cg%20id%3D%27node7%27%20class%3D%27node%27%3E%20%3Ctitle%3E7%3C/title%3E%20%3Cellipse%20fill%3D%27none%27%20stroke%3D%27black%27%20cx%3D%27379%27%20cy%3D%27-53.61%27%20rx%3D%2727%27%20ry%3D%2727%27/%3E%20%3Ctext%20xml:space%3D%27preserve%27%20text-anchor%3D%27middle%27%20x%3D%27379%27%20y%3D%27-48.56%27%20font-family%3D%27Times,serif%27%20font-size%3D%2714.00%27%3EG%3C/text%3E%20%3C/g%3E%20%3C%21--%202%26%2345%3B%26%2345%3B7%20--%3E%20%3Cg%20id%3D%27edge4%27%20class%3D%27edge%27%3E%20%3Ctitle%3E2%26%2345%3B%26%2345%3B7%3C/title%3E%20%3Cpath%20fill%3D%27none%27%20stroke%3D%27black%27%20d%3D%27M219.41,-30.87C254.82,-35.92%20316.39,-44.69%20351.82,-49.74%27/%3E%20%3Ctext%20xml:space%3D%27preserve%27%20text-anchor%3D%27middle%27%20x%3D%27233.76%27%20y%3D%27-21.46%27%20font-family%3D%27Times,serif%27%20font-size%3D%2714.00%27%3Ed%3C/text%3E%20%3C/g%3E%20%3C%21--%204%20--%3E%20%3Cg%20id%3D%27node4%27%20class%3D%27node%27%3E%20%3Ctitle%3E4%3C/title%3E%20%3Cellipse%20fill%3D%27none%27%20stroke%3D%27black%27%20cx%3D%27275.42%27%20cy%3D%27-258.93%27%20rx%3D%2727%27%20ry%3D%2727%27/%3E%20%3Ctext%20xml:space%3D%27preserve%27%20text-anchor%3D%27middle%27%20x%3D%27275.42%27%20y%3D%27-253.88%27%20font-family%3D%27Times,serif%27%20font-size%3D%2714.00%27%3ED%3C/text%3E%20%3C/g%3E%20%3C%21--%203%26%2345%3B%26%2345%3B4%20--%3E%20%3Cg%20id%3D%27edge5%27%20class%3D%27edge%27%3E%20%3Ctitle%3E3%26%2345%3B%26%2345%3B4%3C/title%3E%20%3Cpath%20fill%3D%27none%27%20stroke%3D%27black%27%20d%3D%27M148.54,-212.68C176.67,-222.94%20221.67,-239.34%20249.83,-249.6%27/%3E%20%3Ctext%20xml:space%3D%27preserve%27%20text-anchor%3D%27middle%27%20x%3D%27163.48%27%20y%3D%27-206.33%27%20font-family%3D%27Times,serif%27%20font-size%3D%2714.00%27%3Ee%3C/text%3E%20%3C/g%3E%20%3C%21--%206%20--%3E%20%3Cg%20id%3D%27node6%27%20class%3D%27node%27%3E%20%3Ctitle%3E6%3C/title%3E%20%3Cellipse%20fill%3D%27none%27%20stroke%3D%27black%27%20cx%3D%27234.6%27%20cy%3D%27-360.76%27%20rx%3D%2727%27%20ry%3D%2727%27/%3E%20%3Ctext%20xml:space%3D%27preserve%27%20text-anchor%3D%27middle%27%20x%3D%27234.6%27%20y%3D%27-355.71%27%20font-family%3D%27Times,serif%27%20font-size%3D%2714.00%27%3EF%3C/text%3E%20%3C/g%3E%20%3C%21--%203%26%2345%3B%26%2345%3B6%20--%3E%20%3Cg%20id%3D%27edge6%27%20class%3D%27edge%27%3E%20%3Ctitle%3E3%26%2345%3B%26%2345%3B6%3C/title%3E%20%3Cpath%20fill%3D%27none%27%20stroke%3D%27black%27%20d%3D%27M138.78,-225.6C159.98,-255.51%20197.5,-308.42%20218.75,-338.4%27/%3E%20%3Ctext%20xml:space%3D%27preserve%27%20text-anchor%3D%27middle%27%20x%3D%27151.81%27%20y%3D%27-227.97%27%20font-family%3D%27Times,serif%27%20font-size%3D%2714.00%27%3Ef%3C/text%3E%20%3C/g%3E%20%3C%21--%205%20--%3E%20%3Cg%20id%3D%27node5%27%20class%3D%27node%27%3E%20%3Ctitle%3E5%3C/title%3E%20%3Cellipse%20fill%3D%27none%27%20stroke%3D%27black%27%20cx%3D%27416.78%27%20cy%3D%27-248.21%27%20rx%3D%2727%27%20ry%3D%2727%27/%3E%20%3Ctext%20xml:space%3D%27preserve%27%20text-anchor%3D%27middle%27%20x%3D%27416.78%27%20y%3D%27-243.16%27%20font-family%3D%27Times,serif%27%20font-size%3D%2714.00%27%3EE%3C/text%3E%20%3C/g%3E%20%3C%21--%204%26%2345%3B%26%2345%3B5%20--%3E%20%3Cg%20id%3D%27edge7%27%20class%3D%27edge%27%3E%20%3Ctitle%3E4%26%2345%3B%26%2345%3B5%3C/title%3E%20%3Cpath%20fill%3D%27none%27%20stroke%3D%27black%27%20d%3D%27M302.68,-256.87C327.71,-254.97%20364.6,-252.17%20389.61,-250.27%27/%3E%20%3Ctext%20xml:space%3D%27preserve%27%20text-anchor%3D%27middle%27%20x%3D%27315.75%27%20y%3D%27-244.47%27%20font-family%3D%27Times,serif%27%20font-size%3D%2714.00%27%3Eg%3C/text%3E%20%3C/g%3E%20%3C%21--%205%26%2345%3B%26%2345%3B6%20--%3E%20%3Cg%20id%3D%27edge8%27%20class%3D%27edge%27%3E%20%3Ctitle%3E5%26%2345%3B%26%2345%3B6%3C/title%3E%20%3Cpath%20fill%3D%27none%27%20stroke%3D%27black%27%20d%3D%27M393.7,-262.46C358.76,-284.05%20292.78,-324.82%20257.77,-346.44%27/%3E%20%3Ctext%20xml:space%3D%27preserve%27%20text-anchor%3D%27middle%27%20x%3D%27385.47%27%20y%3D%27-269.95%27%20font-family%3D%27Times,serif%27%20font-size%3D%2714.00%27%3Eh%3C/text%3E%20%3C/g%3E%20%3C%21--%205%26%2345%3B%26%2345%3B7%20--%3E%20%3Cg%20id%3D%27edge9%27%20class%3D%27edge%27%3E%20%3Ctitle%3E5%26%2345%3B%26%2345%3B7%3C/title%3E%20%3Cpath%20fill%3D%27none%27%20stroke%3D%27black%27%20d%3D%27M411.6,-221.56C404.41,-184.5%20391.46,-117.78%20384.23,-80.57%27/%3E%20%3Ctext%20xml:space%3D%27preserve%27%20text-anchor%3D%27middle%27%20x%3D%27402.79%27%20y%3D%27-204.37%27%20font-family%3D%27Times,serif%27%20font-size%3D%2714.00%27%3Ei%3C/text%3E%20%3C/g%3E%20%3C/g%3E%20%3C/svg%3E&gt;&quot;,&quot;&lt;img src=data:image/svg+xml,%3Csvg%20width%3D%27394pt%27%20height%3D%27443pt%27%20viewBox%3D%270.00%200.00%20394.00%20443.00%27%20xmlns%3D%27http://www.w3.org/2000/svg%27%20xmlns:xlink%3D%27http://www.w3.org/1999/xlink%27%3E%20%3Cg%20id%3D%27graph0%27%20class%3D%27graph%27%20transform%3D%27scale(1%201)%20rotate(0)%20translate(4%20438.77)%27%3E%20%3Cpolygon%20fill%3D%27white%27%20stroke%3D%27none%27%20points%3D%27-4,4%20-4,-438.77%20389.53,-438.77%20389.53,4%20-4,4%27/%3E%20%3C%21--%201%20--%3E%20%3Cg%20id%3D%27node1%27%20class%3D%27node%27%3E%20%3Ctitle%3E1%3C/title%3E%20%3Cellipse%20fill%3D%27none%27%20stroke%3D%27black%27%20stroke-width%3D%274%27%20cx%3D%27109.81%27%20cy%3D%27-368.92%27%20rx%3D%2727%27%20ry%3D%2727%27/%3E%20%3Ctext%20xml:space%3D%27preserve%27%20text-anchor%3D%27middle%27%20x%3D%27109.81%27%20y%3D%27-372.12%27%20font-family%3D%27Times,serif%27%20font-size%3D%2714.00%27%3EA%3C/text%3E%20%3Ctext%20xml:space%3D%27preserve%27%20text-anchor%3D%27middle%27%20x%3D%27109.81%27%20y%3D%27-355.62%27%20font-family%3D%27Times,serif%27%20font-size%3D%2714.00%27%3E(Start)%3C/text%3E%20%3C/g%3E%20%3C%21--%202%20--%3E%20%3Cg%20id%3D%27node2%27%20class%3D%27node%27%3E%20%3Ctitle%3E2%3C/title%3E%20%3Cellipse%20fill%3D%27none%27%20stroke%3D%27black%27%20cx%3D%27181.63%27%20cy%3D%27-207.21%27%20rx%3D%2727%27%20ry%3D%2727%27/%3E%20%3Ctext%20xml:space%3D%27preserve%27%20text-anchor%3D%27middle%27%20x%3D%27181.63%27%20y%3D%27-202.16%27%20font-family%3D%27Times,serif%27%20font-size%3D%2714.00%27%3EB%3C/text%3E%20%3C/g%3E%20%3C%21--%201%26%2345%3B%26%2345%3B2%20--%3E%20%3Cg%20id%3D%27edge1%27%20class%3D%27edge%27%3E%20%3Ctitle%3E1%26%2345%3B%26%2345%3B2%3C/title%3E%20%3Cpath%20fill%3D%27none%27%20stroke%3D%27black%27%20d%3D%27M121.51,-342.58C135.06,-312.06%20157.23,-262.15%20170.53,-232.21%27/%3E%20%3Ctext%20xml:space%3D%27preserve%27%20text-anchor%3D%27middle%27%20x%3D%27121.23%27%20y%3D%27-322.53%27%20font-family%3D%27Times,serif%27%20font-size%3D%2714.00%27%3Ea%3C/text%3E%20%3C/g%3E%20%3C%21--%204%20--%3E%20%3Cg%20id%3D%27node4%27%20class%3D%27node%27%3E%20%3Ctitle%3E4%3C/title%3E%20%3Cellipse%20fill%3D%27none%27%20stroke%3D%27black%27%20cx%3D%27310.11%27%20cy%3D%27-407.77%27%20rx%3D%2727%27%20ry%3D%2727%27/%3E%20%3Ctext%20xml:space%3D%27preserve%27%20text-anchor%3D%27middle%27%20x%3D%27310.11%27%20y%3D%27-402.72%27%20font-family%3D%27Times,serif%27%20font-size%3D%2714.00%27%3ED%3C/text%3E%20%3C/g%3E%20%3C%21--%201%26%2345%3B%26%2345%3B4%20--%3E%20%3Cg%20id%3D%27edge2%27%20class%3D%27edge%27%3E%20%3Ctitle%3E1%26%2345%3B%26%2345%3B4%3C/title%3E%20%3Cpath%20fill%3D%27none%27%20stroke%3D%27black%27%20d%3D%27M138.08,-374.41C176.69,-381.89%20245.41,-395.22%20283.26,-402.56%27/%3E%20%3Ctext%20xml:space%3D%27preserve%27%20text-anchor%3D%27middle%27%20x%3D%27152.63%27%20y%3D%27-365.72%27%20font-family%3D%27Times,serif%27%20font-size%3D%2714.00%27%3Eb%3C/text%3E%20%3C/g%3E%20%3C%21--%205%20--%3E%20%3Cg%20id%3D%27node5%27%20class%3D%27node%27%3E%20%3Ctitle%3E5%3C/title%3E%20%3Cellipse%20fill%3D%27none%27%20stroke%3D%27black%27%20cx%3D%2727%27%20cy%3D%27-184.05%27%20rx%3D%2727%27%20ry%3D%2727%27/%3E%20%3Ctext%20xml:space%3D%27preserve%27%20text-anchor%3D%27middle%27%20x%3D%2727%27%20y%3D%27-179%27%20font-family%3D%27Times,serif%27%20font-size%3D%2714.00%27%3EE%3C/text%3E%20%3C/g%3E%20%3C%21--%201%26%2345%3B%26%2345%3B5%20--%3E%20%3Cg%20id%3D%27edge3%27%20class%3D%27edge%27%3E%20%3Ctitle%3E1%26%2345%3B%26%2345%3B5%3C/title%3E%20%3Cpath%20fill%3D%27none%27%20stroke%3D%27black%27%20d%3D%27M98.12,-342.83C82.2,-307.29%2053.91,-244.12%2038.23,-209.12%27/%3E%20%3Ctext%20xml:space%3D%27preserve%27%20text-anchor%3D%27middle%27%20x%3D%2786.78%27%20y%3D%27-327.96%27%20font-family%3D%27Times,serif%27%20font-size%3D%2714.00%27%3Ec%3C/text%3E%20%3C/g%3E%20%3C%21--%203%20--%3E%20%3Cg%20id%3D%27node3%27%20class%3D%27node%27%3E%20%3Ctitle%3E3%3C/title%3E%20%3Cellipse%20fill%3D%27none%27%20stroke%3D%27black%27%20cx%3D%27358.53%27%20cy%3D%27-209.49%27%20rx%3D%2727%27%20ry%3D%2727%27/%3E%20%3Ctext%20xml:space%3D%27preserve%27%20text-anchor%3D%27middle%27%20x%3D%27358.53%27%20y%3D%27-204.44%27%20font-family%3D%27Times,serif%27%20font-size%3D%2714.00%27%3EC%3C/text%3E%20%3C/g%3E%20%3C%21--%202%26%2345%3B%26%2345%3B3%20--%3E%20%3Cg%20id%3D%27edge4%27%20class%3D%27edge%27%3E%20%3Ctitle%3E2%26%2345%3B%26%2345%3B3%3C/title%3E%20%3Cpath%20fill%3D%27none%27%20stroke%3D%27black%27%20d%3D%27M208.88,-207.56C242.13,-207.99%20297.99,-208.71%20331.25,-209.14%27/%3E%20%3Ctext%20xml:space%3D%27preserve%27%20text-anchor%3D%27middle%27%20x%3D%27222.56%27%20y%3D%27-196.35%27%20font-family%3D%27Times,serif%27%20font-size%3D%2714.00%27%3Ed%3C/text%3E%20%3C/g%3E%20%3C%21--%206%20--%3E%20%3Cg%20id%3D%27node6%27%20class%3D%27node%27%3E%20%3Ctitle%3E6%3C/title%3E%20%3Cellipse%20fill%3D%27none%27%20stroke%3D%27black%27%20cx%3D%2766.03%27%20cy%3D%27-27%27%20rx%3D%2727%27%20ry%3D%2727%27/%3E%20%3Ctext%20xml:space%3D%27preserve%27%20text-anchor%3D%27middle%27%20x%3D%2766.03%27%20y%3D%27-21.95%27%20font-family%3D%27Times,serif%27%20font-size%3D%2714.00%27%3EF%3C/text%3E%20%3C/g%3E%20%3C%21--%202%26%2345%3B%26%2345%3B6%20--%3E%20%3Cg%20id%3D%27edge5%27%20class%3D%27edge%27%3E%20%3Ctitle%3E2%26%2345%3B%26%2345%3B6%3C/title%3E%20%3Cpath%20fill%3D%27none%27%20stroke%3D%27black%27%20d%3D%27M166.99,-184.39C144.81,-149.82%20102.95,-84.55%2080.73,-49.92%27/%3E%20%3Ctext%20xml:space%3D%27preserve%27%20text-anchor%3D%27middle%27%20x%3D%27154.31%27%20y%3D%27-171.32%27%20font-family%3D%27Times,serif%27%20font-size%3D%2714.00%27%3Ee%3C/text%3E%20%3C/g%3E%20%3C%21--%203%26%2345%3B%26%2345%3B4%20--%3E%20%3Cg%20id%3D%27edge6%27%20class%3D%27edge%27%3E%20%3Ctitle%3E3%26%2345%3B%26%2345%3B4%3C/title%3E%20%3Cpath%20fill%3D%27none%27%20stroke%3D%27black%27%20d%3D%27M352.1,-235.82C342.84,-273.74%20325.84,-343.35%20316.56,-381.33%27/%3E%20%3Ctext%20xml:space%3D%27preserve%27%20text-anchor%3D%27middle%27%20x%3D%27355.03%27%20y%3D%27-245.48%27%20font-family%3D%27Times,serif%27%20font-size%3D%2714.00%27%3Ef%3C/text%3E%20%3C/g%3E%20%3C%21--%207%20--%3E%20%3Cg%20id%3D%27node7%27%20class%3D%27node%27%3E%20%3Ctitle%3E7%3C/title%3E%20%3Cellipse%20fill%3D%27none%27%20stroke%3D%27black%27%20cx%3D%27225.01%27%20cy%3D%27-57.1%27%20rx%3D%2727%27%20ry%3D%2727%27/%3E%20%3Ctext%20xml:space%3D%27preserve%27%20text-anchor%3D%27middle%27%20x%3D%27225.01%27%20y%3D%27-52.05%27%20font-family%3D%27Times,serif%27%20font-size%3D%2714.00%27%3EG%3C/text%3E%20%3C/g%3E%20%3C%21--%203%26%2345%3B%26%2345%3B7%20--%3E%20%3Cg%20id%3D%27edge7%27%20class%3D%27edge%27%3E%20%3Ctitle%3E3%26%2345%3B%26%2345%3B7%3C/title%3E%20%3Cpath%20fill%3D%27none%27%20stroke%3D%27black%27%20d%3D%27M340.52,-188.94C314.9,-159.69%20268.2,-106.4%20242.73,-77.33%27/%3E%20%3Ctext%20xml:space%3D%27preserve%27%20text-anchor%3D%27middle%27%20x%3D%27326.8%27%20y%3D%27-177.84%27%20font-family%3D%27Times,serif%27%20font-size%3D%2714.00%27%3Eg%3C/text%3E%20%3C/g%3E%20%3C%21--%205%26%2345%3B%26%2345%3B6%20--%3E%20%3Cg%20id%3D%27edge8%27%20class%3D%27edge%27%3E%20%3Ctitle%3E5%26%2345%3B%26%2345%3B6%3C/title%3E%20%3Cpath%20fill%3D%27none%27%20stroke%3D%27black%27%20d%3D%27M33.62,-157.41C40.82,-128.44%2052.26,-82.42%2059.44,-53.51%27/%3E%20%3Ctext%20xml:space%3D%27preserve%27%20text-anchor%3D%27middle%27%20x%3D%2730.75%27%20y%3D%27-137.64%27%20font-family%3D%27Times,serif%27%20font-size%3D%2714.00%27%3Eh%3C/text%3E%20%3C/g%3E%20%3C%21--%205%26%2345%3B%26%2345%3B7%20--%3E%20%3Cg%20id%3D%27edge9%27%20class%3D%27edge%27%3E%20%3Ctitle%3E5%26%2345%3B%26%2345%3B7%3C/title%3E%20%3Cpath%20fill%3D%27none%27%20stroke%3D%27black%27%20d%3D%27M50.1,-169.24C88.26,-144.78%20164,-96.22%20202.06,-71.82%27/%3E%20%3Ctext%20xml:space%3D%27preserve%27%20text-anchor%3D%27middle%27%20x%3D%2758.13%27%20y%3D%27-151.51%27%20font-family%3D%27Times,serif%27%20font-size%3D%2714.00%27%3Ei%3C/text%3E%20%3C/g%3E%20%3C%21--%206%26%2345%3B%26%2345%3B7%20--%3E%20%3Cg%20id%3D%27edge10%27%20class%3D%27edge%27%3E%20%3Ctitle%3E6%26%2345%3B%26%2345%3B7%3C/title%3E%20%3Cpath%20fill%3D%27none%27%20stroke%3D%27black%27%20d%3D%27M93,-32.11C122.32,-37.66%20168.9,-46.48%20198.18,-52.02%27/%3E%20%3Ctext%20xml:space%3D%27preserve%27%20text-anchor%3D%27middle%27%20x%3D%27107.54%27%20y%3D%27-23.36%27%20font-family%3D%27Times,serif%27%20font-size%3D%2714.00%27%3Ej%3C/text%3E%20%3C/g%3E%20%3C/g%3E%20%3C/svg%3E&gt;&quot;,&quot;&lt;img src=data:image/svg+xml,%3Csvg%20width%3D%27536pt%27%20height%3D%27366pt%27%20viewBox%3D%270.00%200.00%20536.00%20366.00%27%20xmlns%3D%27http://www.w3.org/2000/svg%27%20xmlns:xlink%3D%27http://www.w3.org/1999/xlink%27%3E%20%3Cg%20id%3D%27graph0%27%20class%3D%27graph%27%20transform%3D%27scale(1%201)%20rotate(0)%20translate(4%20362.33)%27%3E%20%3Cpolygon%20fill%3D%27white%27%20stroke%3D%27none%27%20points%3D%27-4,4%20-4,-362.33%20531.95,-362.33%20531.95,4%20-4,4%27/%3E%20%3C%21--%201%20--%3E%20%3Cg%20id%3D%27node1%27%20class%3D%27node%27%3E%20%3Ctitle%3E1%3C/title%3E%20%3Cellipse%20fill%3D%27none%27%20stroke%3D%27black%27%20stroke-width%3D%274%27%20cx%3D%27345.96%27%20cy%3D%27-27%27%20rx%3D%2727%27%20ry%3D%2727%27/%3E%20%3Ctext%20xml:space%3D%27preserve%27%20text-anchor%3D%27middle%27%20x%3D%27345.96%27%20y%3D%27-30.2%27%20font-family%3D%27Times,serif%27%20font-size%3D%2714.00%27%3EA%3C/text%3E%20%3Ctext%20xml:space%3D%27preserve%27%20text-anchor%3D%27middle%27%20x%3D%27345.96%27%20y%3D%27-13.7%27%20font-family%3D%27Times,serif%27%20font-size%3D%2714.00%27%3E(Start)%3C/text%3E%20%3C/g%3E%20%3C%21--%202%20--%3E%20%3Cg%20id%3D%27node2%27%20class%3D%27node%27%3E%20%3Ctitle%3E2%3C/title%3E%20%3Cellipse%20fill%3D%27none%27%20stroke%3D%27black%27%20cx%3D%27471.76%27%20cy%3D%27-53.21%27%20rx%3D%2727%27%20ry%3D%2727%27/%3E%20%3Ctext%20xml:space%3D%27preserve%27%20text-anchor%3D%27middle%27%20x%3D%27471.76%27%20y%3D%27-48.16%27%20font-family%3D%27Times,serif%27%20font-size%3D%2714.00%27%3EB%3C/text%3E%20%3C/g%3E%20%3C%21--%201%26%2345%3B%26%2345%3B2%20--%3E%20%3Cg%20id%3D%27edge1%27%20class%3D%27edge%27%3E%20%3Ctitle%3E1%26%2345%3B%26%2345%3B2%3C/title%3E%20%3Cpath%20fill%3D%27none%27%20stroke%3D%27black%27%20d%3D%27M374.2,-32.88C395.35,-37.29%20424.11,-43.28%20444.92,-47.62%27/%3E%20%3Ctext%20xml:space%3D%27preserve%27%20text-anchor%3D%27middle%27%20x%3D%27388.8%27%20y%3D%27-24.4%27%20font-family%3D%27Times,serif%27%20font-size%3D%2714.00%27%3Ea%3C/text%3E%20%3C/g%3E%20%3C%21--%203%20--%3E%20%3Cg%20id%3D%27node3%27%20class%3D%27node%27%3E%20%3Ctitle%3E3%3C/title%3E%20%3Cellipse%20fill%3D%27none%27%20stroke%3D%27black%27%20cx%3D%27500.95%27%20cy%3D%27-175.91%27%20rx%3D%2727%27%20ry%3D%2727%27/%3E%20%3Ctext%20xml:space%3D%27preserve%27%20text-anchor%3D%27middle%27%20x%3D%27500.95%27%20y%3D%27-170.86%27%20font-family%3D%27Times,serif%27%20font-size%3D%2714.00%27%3EC%3C/text%3E%20%3C/g%3E%20%3C%21--%201%26%2345%3B%26%2345%3B3%20--%3E%20%3Cg%20id%3D%27edge2%27%20class%3D%27edge%27%3E%20%3Ctitle%3E1%26%2345%3B%26%2345%3B3%3C/title%3E%20%3Cpath%20fill%3D%27none%27%20stroke%3D%27black%27%20d%3D%27M366.87,-47.08C396.94,-75.98%20452.02,-128.9%20481.35,-157.08%27/%3E%20%3Ctext%20xml:space%3D%27preserve%27%20text-anchor%3D%27middle%27%20x%3D%27381.06%27%20y%3D%27-46.88%27%20font-family%3D%27Times,serif%27%20font-size%3D%2714.00%27%3Eb%3C/text%3E%20%3C/g%3E%20%3C%21--%206%20--%3E%20%3Cg%20id%3D%27node6%27%20class%3D%27node%27%3E%20%3Ctitle%3E6%3C/title%3E%20%3Cellipse%20fill%3D%27none%27%20stroke%3D%27black%27%20cx%3D%27190.98%27%20cy%3D%27-104.61%27%20rx%3D%2727%27%20ry%3D%2727%27/%3E%20%3Ctext%20xml:space%3D%27preserve%27%20text-anchor%3D%27middle%27%20x%3D%27190.98%27%20y%3D%27-99.56%27%20font-family%3D%27Times,serif%27%20font-size%3D%2714.00%27%3EF%3C/text%3E%20%3C/g%3E%20%3C%21--%201%26%2345%3B%26%2345%3B6%20--%3E%20%3Cg%20id%3D%27edge3%27%20class%3D%27edge%27%3E%20%3Ctitle%3E1%26%2345%3B%26%2345%3B6%3C/title%3E%20%3Cpath%20fill%3D%27none%27%20stroke%3D%27black%27%20d%3D%27M320.37,-39.82C291.22,-54.41%20243.95,-78.08%20215.33,-92.41%27/%3E%20%3Ctext%20xml:space%3D%27preserve%27%20text-anchor%3D%27middle%27%20x%3D%27311.05%27%20y%3D%27-46.52%27%20font-family%3D%27Times,serif%27%20font-size%3D%2714.00%27%3Ec%3C/text%3E%20%3C/g%3E%20%3C%21--%202%26%2345%3B%26%2345%3B3%20--%3E%20%3Cg%20id%3D%27edge4%27%20class%3D%27edge%27%3E%20%3Ctitle%3E2%26%2345%3B%26%2345%3B3%3C/title%3E%20%3Cpath%20fill%3D%27none%27%20stroke%3D%27black%27%20d%3D%27M478.09,-79.83C482.99,-100.41%20489.73,-128.77%20494.63,-149.34%27/%3E%20%3Ctext%20xml:space%3D%27preserve%27%20text-anchor%3D%27middle%27%20x%3D%27487.41%27%20y%3D%27-86.54%27%20font-family%3D%27Times,serif%27%20font-size%3D%2714.00%27%3Ed%3C/text%3E%20%3C/g%3E%20%3C%21--%205%20--%3E%20%3Cg%20id%3D%27node5%27%20class%3D%27node%27%3E%20%3Ctitle%3E5%3C/title%3E%20%3Cellipse%20fill%3D%27none%27%20stroke%3D%27black%27%20cx%3D%27319.81%27%20cy%3D%27-208.65%27%20rx%3D%2727%27%20ry%3D%2727%27/%3E%20%3Ctext%20xml:space%3D%27preserve%27%20text-anchor%3D%27middle%27%20x%3D%27319.81%27%20y%3D%27-203.6%27%20font-family%3D%27Times,serif%27%20font-size%3D%2714.00%27%3EE%3C/text%3E%20%3C/g%3E%20%3C%21--%202%26%2345%3B%26%2345%3B5%20--%3E%20%3Cg%20id%3D%27edge5%27%20class%3D%27edge%27%3E%20%3Ctitle%3E2%26%2345%3B%26%2345%3B5%3C/title%3E%20%3Cpath%20fill%3D%27none%27%20stroke%3D%27black%27%20d%3D%27M452.82,-72.58C423.71,-102.37%20368.25,-159.1%20338.99,-189.04%27/%3E%20%3Ctext%20xml:space%3D%27preserve%27%20text-anchor%3D%27middle%27%20x%3D%27447.85%27%20y%3D%27-81.69%27%20font-family%3D%27Times,serif%27%20font-size%3D%2714.00%27%3Ee%3C/text%3E%20%3C/g%3E%20%3C%21--%204%20--%3E%20%3Cg%20id%3D%27node4%27%20class%3D%27node%27%3E%20%3Ctitle%3E4%3C/title%3E%20%3Cellipse%20fill%3D%27none%27%20stroke%3D%27black%27%20cx%3D%27429.69%27%20cy%3D%27-331.33%27%20rx%3D%2727%27%20ry%3D%2727%27/%3E%20%3Ctext%20xml:space%3D%27preserve%27%20text-anchor%3D%27middle%27%20x%3D%27429.69%27%20y%3D%27-326.28%27%20font-family%3D%27Times,serif%27%20font-size%3D%2714.00%27%3ED%3C/text%3E%20%3C/g%3E%20%3C%21--%203%26%2345%3B%26%2345%3B4%20--%3E%20%3Cg%20id%3D%27edge6%27%20class%3D%27edge%27%3E%20%3Ctitle%3E3%26%2345%3B%26%2345%3B4%3C/title%3E%20%3Cpath%20fill%3D%27none%27%20stroke%3D%27black%27%20d%3D%27M489.5,-200.88C476.2,-229.88%20454.4,-277.44%20441.11,-306.42%27/%3E%20%3Ctext%20xml:space%3D%27preserve%27%20text-anchor%3D%27middle%27%20x%3D%27489.6%27%20y%3D%27-210.83%27%20font-family%3D%27Times,serif%27%20font-size%3D%2714.00%27%3Ef%3C/text%3E%20%3C/g%3E%20%3C%21--%204%26%2345%3B%26%2345%3B5%20--%3E%20%3Cg%20id%3D%27edge7%27%20class%3D%27edge%27%3E%20%3Ctitle%3E4%26%2345%3B%26%2345%3B5%3C/title%3E%20%3Cpath%20fill%3D%27none%27%20stroke%3D%27black%27%20d%3D%27M411.55,-311.07C391.19,-288.34%20358.35,-251.68%20337.98,-228.94%27/%3E%20%3Ctext%20xml:space%3D%27preserve%27%20text-anchor%3D%27middle%27%20x%3D%27397.76%27%20y%3D%27-300.12%27%20font-family%3D%27Times,serif%27%20font-size%3D%2714.00%27%3Eg%3C/text%3E%20%3C/g%3E%20%3C%21--%205%26%2345%3B%26%2345%3B6%20--%3E%20%3Cg%20id%3D%27edge8%27%20class%3D%27edge%27%3E%20%3Ctitle%3E5%26%2345%3B%26%2345%3B6%3C/title%3E%20%3Cpath%20fill%3D%27none%27%20stroke%3D%27black%27%20d%3D%27M298.54,-191.47C274.67,-172.19%20236.17,-141.1%20212.28,-121.81%27/%3E%20%3Ctext%20xml:space%3D%27preserve%27%20text-anchor%3D%27middle%27%20x%3D%27283.98%27%20y%3D%27-182.81%27%20font-family%3D%27Times,serif%27%20font-size%3D%2714.00%27%3Eh%3C/text%3E%20%3C/g%3E%20%3C%21--%207%20--%3E%20%3Cg%20id%3D%27node7%27%20class%3D%27node%27%3E%20%3Ctitle%3E7%3C/title%3E%20%3Cellipse%20fill%3D%27none%27%20stroke%3D%27black%27%20cx%3D%2727%27%20cy%3D%27-76.55%27%20rx%3D%2727%27%20ry%3D%2727%27/%3E%20%3Ctext%20xml:space%3D%27preserve%27%20text-anchor%3D%27middle%27%20x%3D%2727%27%20y%3D%27-71.5%27%20font-family%3D%27Times,serif%27%20font-size%3D%2714.00%27%3EG%3C/text%3E%20%3C/g%3E%20%3C%21--%206%26%2345%3B%26%2345%3B7%20--%3E%20%3Cg%20id%3D%27edge9%27%20class%3D%27edge%27%3E%20%3Ctitle%3E6%26%2345%3B%26%2345%3B7%3C/title%3E%20%3Cpath%20fill%3D%27none%27%20stroke%3D%27black%27%20d%3D%27M163.9,-99.97C133.43,-94.76%2084.22,-86.34%2053.85,-81.14%27/%3E%20%3Ctext%20xml:space%3D%27preserve%27%20text-anchor%3D%27middle%27%20x%3D%27149.43%27%20y%3D%27-98.88%27%20font-family%3D%27Times,serif%27%20font-size%3D%2714.00%27%3Ei%3C/text%3E%20%3C/g%3E%20%3C/g%3E%20%3C/svg%3E&gt;&quot;)</code>
        <domain>MATH</domain>
      </initializationCode>
    </VariableDeclaration>
    <VariableDeclaration id="50">
      <name>graph</name>
      <initializationCode id="51">
        <code>getFromList([var=variant], [var=graphs])</code>
        <domain>MATH</domain>
      </initializationCode>
    </VariableDeclaration>
    <VariableDeclaration id="52">
      <name>start_node</name>
      <initializationCode id="53">
        <code>&apos;A&apos;</code>
        <domain>MATH</domain>
      </initializationCode>
    </VariableDeclaration>
    <VariableDeclaration id="54">
      <name>all_solutions_html</name>
      <initializationCode id="55">
        <code>{ &apos;Empty&apos;; &apos;&lt;ul&gt;&lt;li&gt;a → d → h → i → g → e → b&lt;/li&gt;&lt;li&gt;b → e → g → i → h → d → a&lt;/li&gt;&lt;/ul&gt;&apos;; &apos;&lt;ul&gt;&lt;li&gt;a → f → j → i → h → g → b&lt;/li&gt;&lt;li&gt;b → d → f → j → i → h → c&lt;/li&gt;&lt;li&gt;b → g → h → i → j → f → a&lt;/li&gt;&lt;li&gt;c → h → i → j → f → d → b&lt;/li&gt;&lt;/ul&gt;&apos;; &apos;Empty&apos;; &apos;Empty&apos;; &apos;Empty&apos;; &apos;&lt;ul&gt;&lt;li&gt;a → d → f → h → i → j → b&lt;/li&gt;&lt;li&gt;a → e → h → f → g → j → b&lt;/li&gt;&lt;li&gt;b → j → i → h → f → d → a&lt;/li&gt;&lt;li&gt;b → j → i → e → d → f → c&lt;/li&gt;&lt;li&gt;b → j → g → d → e → h → c&lt;/li&gt;&lt;li&gt;b → j → g → f → h → e → a&lt;/li&gt;&lt;li&gt;c → f → d → e → i → j → b&lt;/li&gt;&lt;li&gt;c → h → e → d → g → j → b&lt;/li&gt;&lt;/ul&gt;&apos;; &apos;Empty&apos;; &apos;&lt;ul&gt;&lt;li&gt;a → e → h → i → g → f → b&lt;/li&gt;&lt;li&gt;b → f → d → e → j → i → c&lt;/li&gt;&lt;li&gt;b → f → g → i → h → e → a&lt;/li&gt;&lt;li&gt;c → i → j → e → d → f → b&lt;/li&gt;&lt;/ul&gt;&apos;; &apos;Empty&apos; }</code>
        <domain>MATH</domain>
      </initializationCode>
    </VariableDeclaration>
    <VariableDeclaration id="56">
      <name>feedback_solutions</name>
      <initializationCode id="57">
        <code>getFromList([var=variant], [var=all_solutions_html])</code>
        <domain>MATH</domain>
      </initializationCode>
    </VariableDeclaration>
  </variableDeclarations>
  <jSXGraphs id="58"/>
  <dynamicMolecules id="59"/>
  <resultFeedbackMappings id="60"/>
</Exercise>