<Exercise id="1">
  <name>3_AsymptoticNotation_15-18</name>
  <internalNotes></internalNotes>
  <language>en</language>
  <difficulty>0</difficulty>
  <tags id="2"/>
  <resources id="3"/>
  <stages id="4">
    <MCStage id="5">
      <internalName>#1</internalName>
      <externalName>Shorten Asymptotic Notation 1</externalName>
      <taskDescription>&lt;div&gt;Assume $a(n) \in \mathcal{O}(n)$ and $a(n) \in \Omega(n)$. Which more compact notation can you use instead?&lt;/div&gt;</taskDescription>
      <feedbackRules id="6"/>
      <defaultTransition id="7">
        <conditionExpression id="8">
          <domain>MATH</domain>
        </conditionExpression>
        <stageExpression id="9">
          <domain>MATH</domain>
        </stageExpression>
        <targetStage class="MCStage" id="10">
          <internalName>#2</internalName>
          <externalName>Shorten Asymptotic Notation 2</externalName>
          <taskDescription>&lt;div&gt;Assume $a(n) \in \mathcal{O}(n)$ and $a(n) \in \Omega(n)$. Which more compact notation can you use instead?&lt;/div&gt;</taskDescription>
          <feedbackRules id="11"/>
          <defaultTransition id="12">
            <conditionExpression id="13">
              <domain>MATH</domain>
            </conditionExpression>
            <stageExpression id="14">
              <domain>MATH</domain>
            </stageExpression>
            <targetStage class="MCStage" id="15">
              <internalName>#3</internalName>
              <externalName>Shorten Asymptotic Notation 3</externalName>
              <taskDescription>&lt;div&gt;Assume $a(n) \in \mathcal{O}(n)$ and $a(n) \in \Omega(n)$. Which more compact notation can you use instead?&lt;/div&gt;</taskDescription>
              <feedbackRules id="16"/>
              <defaultTransition id="17">
                <conditionExpression id="18">
                  <domain>MATH</domain>
                </conditionExpression>
                <stageExpression id="19">
                  <domain>MATH</domain>
                </stageExpression>
                <targetStage class="MCStage" id="20">
                  <internalName>#4</internalName>
                  <externalName>Shorten Asymptotic Notation 4</externalName>
                  <taskDescription>&lt;div&gt;Assume $a(n) \in \mathcal{O}(n)$ and $a(n) \in \Omega(n)$. Which more compact notation can you use instead?&lt;/div&gt;</taskDescription>
                  <feedbackRules id="21"/>
                  <defaultTransition id="22">
                    <conditionExpression id="23">
                      <domain>MATH</domain>
                    </conditionExpression>
                    <stageExpression id="24">
                      <domain>MATH</domain>
                    </stageExpression>
                    <type>NEXT_OR_END</type>
                    <extraWeight>0</extraWeight>
                  </defaultTransition>
                  <skipTransitions id="25"/>
                  <stageTransitions id="26"/>
                  <hints id="27"/>
                  <variableUpdatesOnEnter id="28"/>
                  <variableUpdatesBeforeCheck id="29"/>
                  <variableUpdatesAfterCheck id="30"/>
                  <variableUpdatesOnNormalExit id="31"/>
                  <variableUpdatesOnRepeat id="32"/>
                  <variableUpdatesOnSkip id="33"/>
                  <weight>1</weight>
                  <orderIndex>3</orderIndex>
                  <allowSkip>true</allowSkip>
                  <resources id="34"/>
                  <answerOptions id="35">
                    <MCAnswer id="36">
                      <order>0</order>
                      <rule>CORRECT</rule>
                      <text>&lt;div&gt;$a(n) \in \Theta(n^3)$&lt;/div&gt;</text>
                      <variableName></variableName>
                      <mcstage reference="20"/>
                    </MCAnswer>
                    <MCAnswer id="37">
                      <order>1</order>
                      <rule>WRONG</rule>
                      <text>$a(n) \in \Theta(n^2)$</text>
                      <variableName></variableName>
                      <mcstage reference="20"/>
                    </MCAnswer>
                    <MCAnswer id="38">
                      <order>2</order>
                      <rule>WRONG</rule>
                      <text>$a(n) \in \Theta(n^4)$</text>
                      <variableName></variableName>
                      <mcstage reference="20"/>
                    </MCAnswer>
                    <MCAnswer id="39">
                      <order>3</order>
                      <rule>WRONG</rule>
                      <text>$a(n) \in \mathcal{O}(n^3)$</text>
                      <variableName></variableName>
                      <mcstage reference="20"/>
                    </MCAnswer>
                    <MCAnswer id="40">
                      <order>4</order>
                      <rule>WRONG</rule>
                      <text>$a(n) \in \Omega(n^3)$</text>
                      <variableName></variableName>
                      <mcstage reference="20"/>
                    </MCAnswer>
                    <MCAnswer id="41">
                      <order>5</order>
                      <rule>WRONG</rule>
                      <text>$a(n) \in \Theta(n^3 \lg n)$</text>
                      <variableName></variableName>
                      <mcstage reference="20"/>
                    </MCAnswer>
                    <MCAnswer id="42">
                      <order>6</order>
                      <rule>WRONG</rule>
                      <text>$a(n) \in \Theta(n^{2.5})$</text>
                      <variableName></variableName>
                      <mcstage reference="20"/>
                    </MCAnswer>
                    <MCAnswer id="43">
                      <order>7</order>
                      <rule>WRONG</rule>
                      <text>$a(n) \in \Theta(n \lg n)$</text>
                      <variableName></variableName>
                      <mcstage reference="20"/>
                    </MCAnswer>
                  </answerOptions>
                  <randomize>true</randomize>
                  <maxSelections>1</maxSelections>
                  <correctAnswerFeedback>&lt;div&gt;Correct.&lt;!-- notionvc: 63e5585e-f207-4a2b-9c56-1db9440b4a1d --&gt;&lt;/div&gt;</correctAnswerFeedback>
                  <pointMode>MANUAL</pointMode>
                  <feedbackDisplayMode>NON_RULE_BASED</feedbackDisplayMode>
                  <defaultFeedback>&lt;div&gt;&#xd;
&lt;p&gt;Incorrect.&lt;/p&gt;&#xd;
&lt;p&gt;&amp;nbsp;&lt;/p&gt;&#xd;
&lt;p&gt;Solution: $a(n) \in \Theta(n^3)$&lt;/p&gt;&#xd;
&lt;!-- notionvc: d72bb058-a00e-4432-83f7-8c33f0819ee5 --&gt;&lt;/div&gt;</defaultFeedback>
                  <defaultResult>0</defaultResult>
                  <extraFeedbacks id="44"/>
                </targetStage>
                <type>NEXT_OR_END</type>
                <extraWeight>0</extraWeight>
              </defaultTransition>
              <skipTransitions id="45"/>
              <stageTransitions id="46"/>
              <hints id="47"/>
              <variableUpdatesOnEnter id="48"/>
              <variableUpdatesBeforeCheck id="49"/>
              <variableUpdatesAfterCheck id="50"/>
              <variableUpdatesOnNormalExit id="51"/>
              <variableUpdatesOnRepeat id="52"/>
              <variableUpdatesOnSkip id="53"/>
              <weight>1</weight>
              <orderIndex>2</orderIndex>
              <allowSkip>true</allowSkip>
              <resources id="54"/>
              <answerOptions id="55">
                <MCAnswer id="56">
                  <order>0</order>
                  <rule>CORRECT</rule>
                  <text>&lt;div&gt;$a(n) \in \Theta(\lg(n))$&lt;/div&gt;</text>
                  <variableName></variableName>
                  <mcstage reference="15"/>
                </MCAnswer>
                <MCAnswer id="57">
                  <order>1</order>
                  <rule>WRONG</rule>
                  <text>$a(n) \in \Theta(n)$</text>
                  <variableName></variableName>
                  <mcstage reference="15"/>
                </MCAnswer>
                <MCAnswer id="58">
                  <order>2</order>
                  <rule>WRONG</rule>
                  <text>$a(n) \in \Theta(n^2)$</text>
                  <variableName></variableName>
                  <mcstage reference="15"/>
                </MCAnswer>
                <MCAnswer id="59">
                  <order>3</order>
                  <rule>WRONG</rule>
                  <text>$a(n) \in \mathcal{O}(1)$</text>
                  <variableName></variableName>
                  <mcstage reference="15"/>
                </MCAnswer>
                <MCAnswer id="60">
                  <order>4</order>
                  <rule>WRONG</rule>
                  <text>$a(n) \in \Omega(n)$</text>
                  <variableName></variableName>
                  <mcstage reference="15"/>
                </MCAnswer>
                <MCAnswer id="61">
                  <order>5</order>
                  <rule>WRONG</rule>
                  <text>$a(n) \in \mathcal{O}(n^3)$</text>
                  <variableName></variableName>
                  <mcstage reference="15"/>
                </MCAnswer>
                <MCAnswer id="62">
                  <order>6</order>
                  <rule>WRONG</rule>
                  <text>$a(n) \in \Theta(\sqrt{n})$</text>
                  <variableName></variableName>
                  <mcstage reference="15"/>
                </MCAnswer>
                <MCAnswer id="63">
                  <order>7</order>
                  <rule>WRONG</rule>
                  <text>$a(n) \in \Omega(n^2)$</text>
                  <variableName></variableName>
                  <mcstage reference="15"/>
                </MCAnswer>
              </answerOptions>
              <randomize>true</randomize>
              <maxSelections>1</maxSelections>
              <correctAnswerFeedback>&lt;div&gt;Correct.&lt;!-- notionvc: 63e5585e-f207-4a2b-9c56-1db9440b4a1d --&gt;&lt;/div&gt;</correctAnswerFeedback>
              <pointMode>MANUAL</pointMode>
              <feedbackDisplayMode>NON_RULE_BASED</feedbackDisplayMode>
              <defaultFeedback>&lt;div&gt;&#xd;
&lt;p&gt;Incorrect.&lt;/p&gt;&#xd;
&lt;p&gt;&amp;nbsp;&lt;/p&gt;&#xd;
&lt;p&gt;Solution: $a(n) \in \Theta(\lg(n))$&lt;/p&gt;&#xd;
&lt;!-- notionvc: d72bb058-a00e-4432-83f7-8c33f0819ee5 --&gt;&lt;/div&gt;</defaultFeedback>
              <defaultResult>0</defaultResult>
              <extraFeedbacks id="64"/>
            </targetStage>
            <type>NEXT_OR_END</type>
            <extraWeight>0</extraWeight>
          </defaultTransition>
          <skipTransitions id="65"/>
          <stageTransitions id="66"/>
          <hints id="67"/>
          <variableUpdatesOnEnter id="68"/>
          <variableUpdatesBeforeCheck id="69"/>
          <variableUpdatesAfterCheck id="70"/>
          <variableUpdatesOnNormalExit id="71"/>
          <variableUpdatesOnRepeat id="72"/>
          <variableUpdatesOnSkip id="73"/>
          <weight>1</weight>
          <orderIndex>1</orderIndex>
          <allowSkip>true</allowSkip>
          <resources id="74"/>
          <answerOptions id="75">
            <MCAnswer id="76">
              <order>0</order>
              <rule>CORRECT</rule>
              <text>&lt;div&gt;$a(n) \in \Theta(n^2)$&lt;/div&gt;</text>
              <variableName></variableName>
              <mcstage reference="10"/>
            </MCAnswer>
            <MCAnswer id="77">
              <order>1</order>
              <rule>WRONG</rule>
              <text>$a(n) \in \Theta(n)$</text>
              <variableName></variableName>
              <mcstage reference="10"/>
            </MCAnswer>
            <MCAnswer id="78">
              <order>2</order>
              <rule>WRONG</rule>
              <text>$a(n) \in \Theta(n^3)$</text>
              <variableName></variableName>
              <mcstage reference="10"/>
            </MCAnswer>
            <MCAnswer id="79">
              <order>3</order>
              <rule>WRONG</rule>
              <text>$a(n) \in \mathcal{O}(n)$</text>
              <variableName></variableName>
              <mcstage reference="10"/>
            </MCAnswer>
            <MCAnswer id="80">
              <order>4</order>
              <rule>WRONG</rule>
              <text>$a(n) \in \Omega(n)$</text>
              <variableName></variableName>
              <mcstage reference="10"/>
            </MCAnswer>
            <MCAnswer id="81">
              <order>5</order>
              <rule>WRONG</rule>
              <text>$a(n) \in \mathcal{O}(\lg n)$</text>
              <variableName></variableName>
              <mcstage reference="10"/>
            </MCAnswer>
            <MCAnswer id="82">
              <order>6</order>
              <rule>WRONG</rule>
              <text>$a(n) \in \Theta(\lg n)$</text>
              <variableName></variableName>
              <mcstage reference="10"/>
            </MCAnswer>
            <MCAnswer id="83">
              <order>7</order>
              <rule>WRONG</rule>
              <text>$a(n) \in \Omega(n^4)$</text>
              <variableName></variableName>
              <mcstage reference="10"/>
            </MCAnswer>
          </answerOptions>
          <randomize>true</randomize>
          <maxSelections>1</maxSelections>
          <correctAnswerFeedback>&lt;div&gt;Correct.&lt;!-- notionvc: 63e5585e-f207-4a2b-9c56-1db9440b4a1d --&gt;&lt;/div&gt;</correctAnswerFeedback>
          <pointMode>MANUAL</pointMode>
          <feedbackDisplayMode>NON_RULE_BASED</feedbackDisplayMode>
          <defaultFeedback>&lt;div&gt;&#xd;
&lt;p&gt;Incorrect.&lt;/p&gt;&#xd;
&lt;p&gt;&amp;nbsp;&lt;/p&gt;&#xd;
&lt;p&gt;Solution: $a(n) \in \Theta(n^2)$&lt;/p&gt;&#xd;
&lt;!-- notionvc: d72bb058-a00e-4432-83f7-8c33f0819ee5 --&gt;&lt;/div&gt;</defaultFeedback>
          <defaultResult>0</defaultResult>
          <extraFeedbacks id="84"/>
        </targetStage>
        <type>NEXT_OR_END</type>
        <extraWeight>0</extraWeight>
      </defaultTransition>
      <skipTransitions id="85"/>
      <stageTransitions id="86"/>
      <hints id="87"/>
      <variableUpdatesOnEnter id="88"/>
      <variableUpdatesBeforeCheck id="89"/>
      <variableUpdatesAfterCheck id="90"/>
      <variableUpdatesOnNormalExit id="91"/>
      <variableUpdatesOnRepeat id="92"/>
      <variableUpdatesOnSkip id="93"/>
      <weight>1</weight>
      <orderIndex>0</orderIndex>
      <allowSkip>true</allowSkip>
      <resources id="94"/>
      <answerOptions id="95">
        <MCAnswer id="96">
          <order>0</order>
          <rule>CORRECT</rule>
          <text>&lt;div&gt;$a(n) \in \Theta(n)$&lt;/div&gt;</text>
          <variableName></variableName>
          <mcstage reference="5"/>
        </MCAnswer>
        <MCAnswer id="97">
          <order>1</order>
          <rule>WRONG</rule>
          <text>$a(n) \in \mathcal{O}(n^2)$</text>
          <variableName></variableName>
          <mcstage reference="5"/>
        </MCAnswer>
        <MCAnswer id="98">
          <order>2</order>
          <rule>WRONG</rule>
          <text>$a(n) \in \Omega(n^2)$</text>
          <variableName></variableName>
          <mcstage reference="5"/>
        </MCAnswer>
        <MCAnswer id="99">
          <order>3</order>
          <rule>WRONG</rule>
          <text>$a(n) \in \Theta(n^2)$</text>
          <variableName></variableName>
          <mcstage reference="5"/>
        </MCAnswer>
        <MCAnswer id="100">
          <order>4</order>
          <rule>WRONG</rule>
          <text>$a(n) \in \mathcal{O}(\lg n)$</text>
          <variableName></variableName>
          <mcstage reference="5"/>
        </MCAnswer>
        <MCAnswer id="101">
          <order>5</order>
          <rule>WRONG</rule>
          <text>$a(n) \in \Theta(\lg n)$</text>
          <variableName></variableName>
          <mcstage reference="5"/>
        </MCAnswer>
      </answerOptions>
      <randomize>true</randomize>
      <maxSelections>1</maxSelections>
      <correctAnswerFeedback>&lt;div&gt;Correct.&lt;!-- notionvc: 63e5585e-f207-4a2b-9c56-1db9440b4a1d --&gt;&lt;/div&gt;</correctAnswerFeedback>
      <pointMode>MANUAL</pointMode>
      <feedbackDisplayMode>NON_RULE_BASED</feedbackDisplayMode>
      <defaultFeedback>&lt;div&gt;&#xd;
&lt;p&gt;Incorrect.&lt;/p&gt;&#xd;
&lt;p&gt;&amp;nbsp;&lt;/p&gt;&#xd;
&lt;p&gt;Solution: $a(n) \in \Theta(n)$&lt;/p&gt;&#xd;
&lt;!-- notionvc: d72bb058-a00e-4432-83f7-8c33f0819ee5 --&gt;&lt;/div&gt;</defaultFeedback>
      <defaultResult>0</defaultResult>
      <extraFeedbacks id="102"/>
    </MCStage>
    <MCStage reference="10"/>
    <MCStage reference="15"/>
    <MCStage reference="20"/>
  </stages>
  <startStage class="MCStage" reference="5"/>
  <variableDeclarations id="103"/>
  <jSXGraphs id="104"/>
  <dynamicMolecules id="105"/>
  <resultFeedbackMappings id="106"/>
</Exercise>