<Exercise id="1">
  <name>2_AsymptoticNotation_9-14</name>
  <internalNotes></internalNotes>
  <language>en</language>
  <difficulty>0</difficulty>
  <tags id="2"/>
  <resources id="3"/>
  <stages id="4">
    <MCStage id="5">
      <internalName>#1</internalName>
      <externalName>Solving an Inequation 1</externalName>
      <taskDescription>&lt;div&gt;Given the following inequality: $f(n) &amp;lt; g(n) &amp;lt; h(n)$ with $f(n) \in \Theta(n)$ and $h(n) \in \Theta(n^2)$. Select all functions $g(n)$ for which the inequality holds for sufficiently large values of $n$.&lt;/div&gt;</taskDescription>
      <feedbackRules id="6"/>
      <defaultTransition id="7">
        <conditionExpression id="8">
          <domain>MATH</domain>
        </conditionExpression>
        <stageExpression id="9">
          <domain>MATH</domain>
        </stageExpression>
        <targetStage class="MCStage" id="10">
          <internalName>#2</internalName>
          <externalName>Solving an Inequation 2</externalName>
          <taskDescription>&lt;div&gt;Given the following inequality: $f(n) &amp;lt; g(n) &amp;lt; h(n)$ with $f(n) \in \Theta(n^2)$ and $h(n) \in \Theta(n^3)$. Select all functions $g(n)$ for which the inequality holds for sufficiently large values of $n$.&lt;/div&gt;</taskDescription>
          <feedbackRules id="11"/>
          <defaultTransition id="12">
            <conditionExpression id="13">
              <domain>MATH</domain>
            </conditionExpression>
            <stageExpression id="14">
              <domain>MATH</domain>
            </stageExpression>
            <targetStage class="MCStage" id="15">
              <internalName>#3</internalName>
              <externalName>Solving an Inequation 3</externalName>
              <taskDescription>&lt;div&gt;Given the following inequality: $f(n) &amp;lt; g(n) &amp;lt; h(n)$ with $f(n) \in \Theta(\sqrt{n})$ and $h(n) \in \Theta(n^{3/2})$. Select all functions $g(n)$ for which the inequality holds for sufficiently large values of $n$.&lt;/div&gt;</taskDescription>
              <feedbackRules id="16"/>
              <defaultTransition id="17">
                <conditionExpression id="18">
                  <domain>MATH</domain>
                </conditionExpression>
                <stageExpression id="19">
                  <domain>MATH</domain>
                </stageExpression>
                <targetStage class="MCStage" id="20">
                  <internalName>#4</internalName>
                  <externalName>Solving an Inequation 4</externalName>
                  <taskDescription>&lt;div&gt;Given the following inequality: $f(n) &amp;lt; g(n) &amp;lt; h(n)$ with $f(n) \in \Theta(\log n)$ and $h(n) \in \Theta(n)$. Select all functions $g(n)$ for which the inequality holds for sufficiently large values of $n$.&lt;/div&gt;</taskDescription>
                  <feedbackRules id="21"/>
                  <defaultTransition id="22">
                    <conditionExpression id="23">
                      <domain>MATH</domain>
                    </conditionExpression>
                    <stageExpression id="24">
                      <domain>MATH</domain>
                    </stageExpression>
                    <targetStage class="MCStage" id="25">
                      <internalName>#5</internalName>
                      <externalName>Solving an Inequation 5</externalName>
                      <taskDescription>&lt;div&gt;Given the following inequality: $f(n) &amp;lt; g(n) &amp;lt; h(n)$ with $f(n) \in \Theta(n^3)$ und $h(n) \in \Theta(n^4)$. Select all functions $g(n)$ for which the inequality holds for sufficiently large values of $n$.&lt;/div&gt;</taskDescription>
                      <feedbackRules id="26"/>
                      <defaultTransition id="27">
                        <conditionExpression id="28">
                          <domain>MATH</domain>
                        </conditionExpression>
                        <stageExpression id="29">
                          <domain>MATH</domain>
                        </stageExpression>
                        <targetStage class="MCStage" id="30">
                          <internalName>#6</internalName>
                          <externalName>Solving an Inequation 6</externalName>
                          <taskDescription>&lt;div&gt;Given the following inequality: $f(n) &amp;lt; g(n) &amp;lt; h(n)$ with $f(n) \in \Theta(\log n)$ und $h(n^2) \in \Theta(n)$. Select all functions $g(n)$ for which the inequality holds for sufficiently large values of $n$.&lt;/div&gt;</taskDescription>
                          <feedbackRules id="31"/>
                          <defaultTransition id="32">
                            <conditionExpression id="33">
                              <domain>MATH</domain>
                            </conditionExpression>
                            <stageExpression id="34">
                              <domain>MATH</domain>
                            </stageExpression>
                            <type>NEXT_OR_END</type>
                            <extraWeight>0</extraWeight>
                          </defaultTransition>
                          <skipTransitions id="35"/>
                          <stageTransitions id="36"/>
                          <hints id="37"/>
                          <variableUpdatesOnEnter id="38"/>
                          <variableUpdatesBeforeCheck id="39"/>
                          <variableUpdatesAfterCheck id="40"/>
                          <variableUpdatesOnNormalExit id="41"/>
                          <variableUpdatesOnRepeat id="42"/>
                          <variableUpdatesOnSkip id="43"/>
                          <weight>1</weight>
                          <orderIndex>5</orderIndex>
                          <allowSkip>true</allowSkip>
                          <resources id="44"/>
                          <answerOptions id="45">
                            <MCAnswer id="46">
                              <order>0</order>
                              <rule>CORRECT</rule>
                              <text>$g(n) \in \Theta(\sqrt{n})$</text>
                              <variableName></variableName>
                              <mcstage reference="30"/>
                            </MCAnswer>
                            <MCAnswer id="47">
                              <order>1</order>
                              <rule>CORRECT</rule>
                              <text>&lt;div&gt;$g(n) \in \Theta(n)$&lt;/div&gt;</text>
                              <variableName></variableName>
                              <mcstage reference="30"/>
                            </MCAnswer>
                            <MCAnswer id="48">
                              <order>2</order>
                              <rule>CORRECT</rule>
                              <text>&lt;div&gt;$g(n) \in \Theta(n$ $lg$ $n)&lt;!-- notionvc: 94a8f3d2-c80c-4de5-9586-fa4c476fb0d0 --&gt;$&lt;/div&gt;</text>
                              <variableName></variableName>
                              <mcstage reference="30"/>
                            </MCAnswer>
                            <MCAnswer id="49">
                              <order>3</order>
                              <rule>CORRECT</rule>
                              <text>&lt;div&gt;$g(n) \in \Theta(n^{3/2})$&lt;/div&gt;</text>
                              <variableName></variableName>
                              <mcstage reference="30"/>
                            </MCAnswer>
                            <MCAnswer id="50">
                              <order>4</order>
                              <rule>WRONG</rule>
                              <text>$g(n) \in \Theta(1)$</text>
                              <variableName></variableName>
                              <mcstage reference="30"/>
                            </MCAnswer>
                            <MCAnswer id="51">
                              <order>5</order>
                              <rule>WRONG</rule>
                              <text>$g(n) \in \Theta(n^2 \lg n)$</text>
                              <variableName></variableName>
                              <mcstage reference="30"/>
                            </MCAnswer>
                            <MCAnswer id="52">
                              <order>6</order>
                              <rule>WRONG</rule>
                              <text>$g(n) \in \Theta(n^{5/2})$</text>
                              <variableName></variableName>
                              <mcstage reference="30"/>
                            </MCAnswer>
                            <MCAnswer id="53">
                              <order>7</order>
                              <rule>WRONG</rule>
                              <text>$g(n) \in \Theta(n^3)$</text>
                              <variableName></variableName>
                              <mcstage reference="30"/>
                            </MCAnswer>
                            <MCAnswer id="54">
                              <order>8</order>
                              <rule>WRONG</rule>
                              <text>$g(n) \in \Theta(2^n)$</text>
                              <variableName></variableName>
                              <mcstage reference="30"/>
                            </MCAnswer>
                            <MCAnswer id="55">
                              <order>9</order>
                              <rule>WRONG</rule>
                              <text>$g(n) \in \Theta(n!)$</text>
                              <variableName></variableName>
                              <mcstage reference="30"/>
                            </MCAnswer>
                          </answerOptions>
                          <randomize>true</randomize>
                          <correctAnswerFeedback>&lt;div&gt;Correct.&lt;!-- notionvc: 14f09589-a2ea-4714-a5ec-724d2af476cb --&gt;&lt;/div&gt;</correctAnswerFeedback>
                          <pointMode>MANUAL</pointMode>
                          <feedbackDisplayMode>NON_RULE_BASED</feedbackDisplayMode>
                          <defaultFeedback>&lt;p&gt;Incorrect.&lt;/p&gt;&#xd;
&lt;p&gt;&amp;nbsp;&lt;/p&gt;&#xd;
&lt;p&gt;Solution:&lt;/p&gt;&#xd;
&lt;ul&gt;&#xd;
&lt;li&gt;&#xd;
&lt;div&gt;$g(n) \in \Theta(\sqrt{n})$&lt;/div&gt;&#xd;
&lt;/li&gt;&#xd;
&lt;li&gt;&#xd;
&lt;div&gt;$g(n) \in \Theta(n)$&lt;/div&gt;&#xd;
&lt;/li&gt;&#xd;
&lt;li&gt;&#xd;
&lt;div&gt;$g(n) \in \Theta(n$ $lg$ $n)&lt;!-- notionvc: 94a8f3d2-c80c-4de5-9586-fa4c476fb0d0 --&gt;$&lt;/div&gt;&#xd;
&lt;/li&gt;&#xd;
&lt;li&gt;$g(n) \in \Theta(n^{3/2})$&lt;/li&gt;&#xd;
&lt;/ul&gt;&#xd;
&lt;!-- notionvc: 8e8107dd-06f9-45d1-8b86-5da95e2952d6 --&gt;</defaultFeedback>
                          <defaultResult>0</defaultResult>
                          <extraFeedbacks id="56"/>
                        </targetStage>
                        <type>NEXT_OR_END</type>
                        <extraWeight>0</extraWeight>
                      </defaultTransition>
                      <skipTransitions id="57"/>
                      <stageTransitions id="58"/>
                      <hints id="59"/>
                      <variableUpdatesOnEnter id="60"/>
                      <variableUpdatesBeforeCheck id="61"/>
                      <variableUpdatesAfterCheck id="62"/>
                      <variableUpdatesOnNormalExit id="63"/>
                      <variableUpdatesOnRepeat id="64"/>
                      <variableUpdatesOnSkip id="65"/>
                      <weight>1</weight>
                      <orderIndex>4</orderIndex>
                      <allowSkip>true</allowSkip>
                      <resources id="66"/>
                      <answerOptions id="67">
                        <MCAnswer id="68">
                          <order>0</order>
                          <rule>CORRECT</rule>
                          <text>&lt;div&gt;$g(n) \in \Theta\!\left(\frac{n^3}{\lg n}\right)$&lt;/div&gt;</text>
                          <variableName></variableName>
                          <mcstage reference="25"/>
                        </MCAnswer>
                        <MCAnswer id="69">
                          <order>1</order>
                          <rule>CORRECT</rule>
                          <text>&lt;div&gt;$g(n) \in \Theta(n^{3.5})$&lt;/div&gt;</text>
                          <variableName></variableName>
                          <mcstage reference="25"/>
                        </MCAnswer>
                        <MCAnswer id="70">
                          <order>2</order>
                          <rule>WRONG</rule>
                          <text>&lt;div&gt;$g(n) \in \Theta(\lg n)$&lt;/div&gt;</text>
                          <variableName></variableName>
                          <mcstage reference="25"/>
                        </MCAnswer>
                        <MCAnswer id="71">
                          <order>3</order>
                          <rule>WRONG</rule>
                          <text>$g(n) \in \Theta(1)$</text>
                          <variableName></variableName>
                          <mcstage reference="25"/>
                        </MCAnswer>
                        <MCAnswer id="72">
                          <order>4</order>
                          <rule>WRONG</rule>
                          <text>$g(n) \in \Theta(\sqrt{n})$</text>
                          <variableName></variableName>
                          <mcstage reference="25"/>
                        </MCAnswer>
                        <MCAnswer id="73">
                          <order>5</order>
                          <rule>WRONG</rule>
                          <text>&lt;div&gt;$g(n) \in \Theta(n)$&lt;/div&gt;</text>
                          <variableName></variableName>
                          <mcstage reference="25"/>
                        </MCAnswer>
                        <MCAnswer id="74">
                          <order>6</order>
                          <rule>WRONG</rule>
                          <text>&lt;div&gt;$g(n) \in \Theta(n$ $lg$ $n)&lt;!-- notionvc: 94a8f3d2-c80c-4de5-9586-fa4c476fb0d0 --&gt;$&lt;/div&gt;</text>
                          <variableName></variableName>
                          <mcstage reference="25"/>
                        </MCAnswer>
                        <MCAnswer id="75">
                          <order>7</order>
                          <rule>WRONG</rule>
                          <text>&lt;div&gt;$g(n) \in \Theta(n^{3/2})$&lt;/div&gt;</text>
                          <variableName></variableName>
                          <mcstage reference="25"/>
                        </MCAnswer>
                        <MCAnswer id="76">
                          <order>8</order>
                          <rule>WRONG</rule>
                          <text>$g(n) \in \Theta(n^2 \lg n)$</text>
                          <variableName></variableName>
                          <mcstage reference="25"/>
                        </MCAnswer>
                        <MCAnswer id="77">
                          <order>9</order>
                          <rule>WRONG</rule>
                          <text>$g(n) \in \Theta(n^{5/2})$</text>
                          <variableName></variableName>
                          <mcstage reference="25"/>
                        </MCAnswer>
                        <MCAnswer id="78">
                          <order>10</order>
                          <rule>WRONG</rule>
                          <text>$g(n) \in \Theta\!\left(\frac{n^4}{\lg n}\right)$</text>
                          <variableName></variableName>
                          <mcstage reference="25"/>
                        </MCAnswer>
                        <MCAnswer id="79">
                          <order>11</order>
                          <rule>WRONG</rule>
                          <text>$g(n) \in \Theta(2^n)$</text>
                          <variableName></variableName>
                          <mcstage reference="25"/>
                        </MCAnswer>
                        <MCAnswer id="80">
                          <order>12</order>
                          <rule>WRONG</rule>
                          <text>$g(n) \in \Theta(n!)$</text>
                          <variableName></variableName>
                          <mcstage reference="25"/>
                        </MCAnswer>
                      </answerOptions>
                      <randomize>true</randomize>
                      <correctAnswerFeedback>&lt;div&gt;Correct.&lt;!-- notionvc: 14f09589-a2ea-4714-a5ec-724d2af476cb --&gt;&lt;/div&gt;</correctAnswerFeedback>
                      <pointMode>MANUAL</pointMode>
                      <feedbackDisplayMode>NON_RULE_BASED</feedbackDisplayMode>
                      <defaultFeedback>&lt;p&gt;Incorrect.&lt;/p&gt;&#xd;
&lt;p&gt;&amp;nbsp;&lt;/p&gt;&#xd;
&lt;p&gt;Solution:&lt;/p&gt;&#xd;
&lt;ul&gt;&#xd;
&lt;li&gt;&#xd;
&lt;div&gt;$g(n) \in \Theta\!\left(\frac{n^3}{\lg n}\right)$&lt;/div&gt;&#xd;
&lt;/li&gt;&#xd;
&lt;li&gt;$g(n) \in \Theta(n^{3.5})$&lt;/li&gt;&#xd;
&lt;/ul&gt;&#xd;
&lt;!-- notionvc: 8e8107dd-06f9-45d1-8b86-5da95e2952d6 --&gt;</defaultFeedback>
                      <defaultResult>0</defaultResult>
                      <extraFeedbacks id="81"/>
                    </targetStage>
                    <type>NEXT_OR_END</type>
                    <extraWeight>0</extraWeight>
                  </defaultTransition>
                  <skipTransitions id="82"/>
                  <stageTransitions id="83"/>
                  <hints id="84"/>
                  <variableUpdatesOnEnter id="85"/>
                  <variableUpdatesBeforeCheck id="86"/>
                  <variableUpdatesAfterCheck id="87"/>
                  <variableUpdatesOnNormalExit id="88"/>
                  <variableUpdatesOnRepeat id="89"/>
                  <variableUpdatesOnSkip id="90"/>
                  <weight>1</weight>
                  <orderIndex>3</orderIndex>
                  <allowSkip>true</allowSkip>
                  <resources id="91"/>
                  <answerOptions id="92">
                    <MCAnswer id="93">
                      <order>0</order>
                      <rule>CORRECT</rule>
                      <text>$g(n) \in \Theta(\sqrt{n})$</text>
                      <variableName></variableName>
                      <mcstage reference="20"/>
                    </MCAnswer>
                    <MCAnswer id="94">
                      <order>1</order>
                      <rule>CORRECT</rule>
                      <text>&lt;div&gt;$g(n) \in \Theta((\log n)^2)$&lt;/div&gt;</text>
                      <variableName></variableName>
                      <mcstage reference="20"/>
                    </MCAnswer>
                    <MCAnswer id="95">
                      <order>2</order>
                      <rule>WRONG</rule>
                      <text>$g(n) \in \Theta(1)$</text>
                      <variableName></variableName>
                      <mcstage reference="20"/>
                    </MCAnswer>
                    <MCAnswer id="96">
                      <order>3</order>
                      <rule>WRONG</rule>
                      <text>&lt;div&gt;$g(n) \in \Theta(n&amp;nbsp;\lg n)$&lt;/div&gt;</text>
                      <variableName></variableName>
                      <mcstage reference="20"/>
                    </MCAnswer>
                    <MCAnswer id="97">
                      <order>4</order>
                      <rule>WRONG</rule>
                      <text>&lt;div&gt;$g(n) \in \Theta(n^{3/2})$&lt;/div&gt;</text>
                      <variableName></variableName>
                      <mcstage reference="20"/>
                    </MCAnswer>
                    <MCAnswer id="98">
                      <order>5</order>
                      <rule>WRONG</rule>
                      <text>$g(n) \in \Theta(n^2 \lg n)$</text>
                      <variableName></variableName>
                      <mcstage reference="20"/>
                    </MCAnswer>
                    <MCAnswer id="99">
                      <order>6</order>
                      <rule>WRONG</rule>
                      <text>$g(n) \in \Theta(n^{5/2})$</text>
                      <variableName></variableName>
                      <mcstage reference="20"/>
                    </MCAnswer>
                    <MCAnswer id="100">
                      <order>7</order>
                      <rule>WRONG</rule>
                      <text>$g(n) \in \Theta(n^3)$</text>
                      <variableName></variableName>
                      <mcstage reference="20"/>
                    </MCAnswer>
                    <MCAnswer id="101">
                      <order>8</order>
                      <rule>WRONG</rule>
                      <text>$g(n) \in \Theta(2^n)$</text>
                      <variableName></variableName>
                      <mcstage reference="20"/>
                    </MCAnswer>
                    <MCAnswer id="102">
                      <order>9</order>
                      <rule>WRONG</rule>
                      <text>$g(n) \in \Theta(n!)$</text>
                      <variableName></variableName>
                      <mcstage reference="20"/>
                    </MCAnswer>
                  </answerOptions>
                  <randomize>true</randomize>
                  <correctAnswerFeedback>&lt;div&gt;Correct.&lt;!-- notionvc: 14f09589-a2ea-4714-a5ec-724d2af476cb --&gt;&lt;/div&gt;</correctAnswerFeedback>
                  <pointMode>MANUAL</pointMode>
                  <feedbackDisplayMode>NON_RULE_BASED</feedbackDisplayMode>
                  <defaultFeedback>&lt;p&gt;Incorrect.&lt;/p&gt;&#xd;
&lt;p&gt;&amp;nbsp;&lt;/p&gt;&#xd;
&lt;p&gt;Solution:&lt;/p&gt;&#xd;
&lt;ul&gt;&#xd;
&lt;li&gt;$g(n) \in \Theta(\sqrt{n})$&lt;/li&gt;&#xd;
&lt;li&gt;&#xd;
&lt;div&gt;$g(n) \in \Theta((\log n)^2)$&lt;/div&gt;&#xd;
&lt;/li&gt;&#xd;
&lt;/ul&gt;&#xd;
&lt;!-- notionvc: 8e8107dd-06f9-45d1-8b86-5da95e2952d6 --&gt;</defaultFeedback>
                  <defaultResult>0</defaultResult>
                  <extraFeedbacks id="103"/>
                </targetStage>
                <type>NEXT_OR_END</type>
                <extraWeight>0</extraWeight>
              </defaultTransition>
              <skipTransitions id="104"/>
              <stageTransitions id="105"/>
              <hints id="106"/>
              <variableUpdatesOnEnter id="107"/>
              <variableUpdatesBeforeCheck id="108"/>
              <variableUpdatesAfterCheck id="109"/>
              <variableUpdatesOnNormalExit id="110"/>
              <variableUpdatesOnRepeat id="111"/>
              <variableUpdatesOnSkip id="112"/>
              <weight>1</weight>
              <orderIndex>2</orderIndex>
              <allowSkip>true</allowSkip>
              <resources id="113"/>
              <answerOptions id="114">
                <MCAnswer id="115">
                  <order>0</order>
                  <rule>CORRECT</rule>
                  <text>&lt;div&gt;$g(n) \in \Theta(n)$&lt;/div&gt;</text>
                  <variableName></variableName>
                  <mcstage reference="15"/>
                </MCAnswer>
                <MCAnswer id="116">
                  <order>1</order>
                  <rule>CORRECT</rule>
                  <text>&lt;div&gt;$g(n) \in \Theta(n$ $lg$ $n)&lt;!-- notionvc: 94a8f3d2-c80c-4de5-9586-fa4c476fb0d0 --&gt;$&lt;/div&gt;</text>
                  <variableName></variableName>
                  <mcstage reference="15"/>
                </MCAnswer>
                <MCAnswer id="117">
                  <order>2</order>
                  <rule>WRONG</rule>
                  <text>&lt;div&gt;$g(n) \in \Theta(\lg n)$ &amp;nbsp;&lt;/div&gt;</text>
                  <variableName></variableName>
                  <mcstage reference="15"/>
                </MCAnswer>
                <MCAnswer id="118">
                  <order>3</order>
                  <rule>WRONG</rule>
                  <text>$g(n) \in \Theta(1)$</text>
                  <variableName></variableName>
                  <mcstage reference="15"/>
                </MCAnswer>
                <MCAnswer id="119">
                  <order>4</order>
                  <rule>WRONG</rule>
                  <text>&lt;div&gt;$g(n) \in \Theta(n^{3/2})$&lt;/div&gt;</text>
                  <variableName></variableName>
                  <mcstage reference="15"/>
                </MCAnswer>
                <MCAnswer id="120">
                  <order>5</order>
                  <rule>WRONG</rule>
                  <text>$g(n) \in \Theta(n^2 \lg n)$</text>
                  <variableName></variableName>
                  <mcstage reference="15"/>
                </MCAnswer>
                <MCAnswer id="121">
                  <order>6</order>
                  <rule>WRONG</rule>
                  <text>$g(n) \in \Theta(n^{5/2})$</text>
                  <variableName></variableName>
                  <mcstage reference="15"/>
                </MCAnswer>
                <MCAnswer id="122">
                  <order>7</order>
                  <rule>WRONG</rule>
                  <text>$g(n) \in \Theta(n^3)$</text>
                  <variableName></variableName>
                  <mcstage reference="15"/>
                </MCAnswer>
                <MCAnswer id="123">
                  <order>8</order>
                  <rule>WRONG</rule>
                  <text>$g(n) \in \Theta(2^n)$</text>
                  <variableName></variableName>
                  <mcstage reference="15"/>
                </MCAnswer>
                <MCAnswer id="124">
                  <order>9</order>
                  <rule>WRONG</rule>
                  <text>$g(n) \in \Theta(n!)$</text>
                  <variableName></variableName>
                  <mcstage reference="15"/>
                </MCAnswer>
              </answerOptions>
              <randomize>true</randomize>
              <correctAnswerFeedback>&lt;div&gt;Correct.&lt;!-- notionvc: 14f09589-a2ea-4714-a5ec-724d2af476cb --&gt;&lt;/div&gt;</correctAnswerFeedback>
              <pointMode>MANUAL</pointMode>
              <feedbackDisplayMode>NON_RULE_BASED</feedbackDisplayMode>
              <defaultFeedback>&lt;p&gt;Incorrect.&lt;/p&gt;&#xd;
&lt;p&gt;&amp;nbsp;&lt;/p&gt;&#xd;
&lt;p&gt;Solution:&lt;/p&gt;&#xd;
&lt;ul&gt;&#xd;
&lt;li&gt;&#xd;
&lt;div&gt;$g(n) \in \Theta(n)$&lt;/div&gt;&#xd;
&lt;/li&gt;&#xd;
&lt;li&gt;$g(n) \in \Theta(n$ $lg$ $n)&lt;!-- notionvc: 94a8f3d2-c80c-4de5-9586-fa4c476fb0d0 --&gt;$&lt;/li&gt;&#xd;
&lt;/ul&gt;&#xd;
&lt;!-- notionvc: 8e8107dd-06f9-45d1-8b86-5da95e2952d6 --&gt;</defaultFeedback>
              <defaultResult>0</defaultResult>
              <extraFeedbacks id="125"/>
            </targetStage>
            <type>NEXT_OR_END</type>
            <extraWeight>0</extraWeight>
          </defaultTransition>
          <skipTransitions id="126"/>
          <stageTransitions id="127"/>
          <hints id="128"/>
          <variableUpdatesOnEnter id="129"/>
          <variableUpdatesBeforeCheck id="130"/>
          <variableUpdatesAfterCheck id="131"/>
          <variableUpdatesOnNormalExit id="132"/>
          <variableUpdatesOnRepeat id="133"/>
          <variableUpdatesOnSkip id="134"/>
          <weight>1</weight>
          <orderIndex>1</orderIndex>
          <allowSkip>true</allowSkip>
          <resources id="135"/>
          <answerOptions id="136">
            <MCAnswer id="137">
              <order>0</order>
              <rule>CORRECT</rule>
              <text>$g(n) \in \Theta(n^2 \lg n)$</text>
              <variableName></variableName>
              <mcstage reference="10"/>
            </MCAnswer>
            <MCAnswer id="138">
              <order>1</order>
              <rule>CORRECT</rule>
              <text>$g(n) \in \Theta(n^{5/2})$</text>
              <variableName></variableName>
              <mcstage reference="10"/>
            </MCAnswer>
            <MCAnswer id="139">
              <order>2</order>
              <rule>WRONG</rule>
              <text>&lt;div&gt;$g(n) \in \Theta(n$ $lg$ $n)&lt;!-- notionvc: 94a8f3d2-c80c-4de5-9586-fa4c476fb0d0 --&gt;$&lt;/div&gt;</text>
              <variableName></variableName>
              <mcstage reference="10"/>
            </MCAnswer>
            <MCAnswer id="140">
              <order>3</order>
              <rule>WRONG</rule>
              <text>&lt;div&gt;$g(n) \in \Theta(n^{3/2})$&lt;/div&gt;</text>
              <variableName></variableName>
              <mcstage reference="10"/>
            </MCAnswer>
            <MCAnswer id="141">
              <order>4</order>
              <rule>WRONG</rule>
              <text>&lt;div&gt;$g(n) \in \Theta(n)$&lt;/div&gt;</text>
              <variableName></variableName>
              <mcstage reference="10"/>
            </MCAnswer>
            <MCAnswer id="142">
              <order>5</order>
              <rule>WRONG</rule>
              <text>&lt;div&gt;$g(n) \in \Theta(\lg n)$ &amp;nbsp;&lt;/div&gt;</text>
              <variableName></variableName>
              <mcstage reference="10"/>
            </MCAnswer>
            <MCAnswer id="143">
              <order>6</order>
              <rule>WRONG</rule>
              <text>$g(n) \in \Theta(1)$</text>
              <variableName></variableName>
              <mcstage reference="10"/>
            </MCAnswer>
            <MCAnswer id="144">
              <order>7</order>
              <rule>WRONG</rule>
              <text>$g(n) \in \Theta(\sqrt{n})$</text>
              <variableName></variableName>
              <mcstage reference="10"/>
            </MCAnswer>
            <MCAnswer id="145">
              <order>8</order>
              <rule>WRONG</rule>
              <text>$g(n) \in \Theta(2^n)$</text>
              <variableName></variableName>
              <mcstage reference="10"/>
            </MCAnswer>
            <MCAnswer id="146">
              <order>9</order>
              <rule>WRONG</rule>
              <text>$g(n) \in \Theta(n!)$</text>
              <variableName></variableName>
              <mcstage reference="10"/>
            </MCAnswer>
          </answerOptions>
          <randomize>true</randomize>
          <correctAnswerFeedback>&lt;div&gt;Correct.&lt;!-- notionvc: 14f09589-a2ea-4714-a5ec-724d2af476cb --&gt;&lt;/div&gt;</correctAnswerFeedback>
          <pointMode>MANUAL</pointMode>
          <feedbackDisplayMode>NON_RULE_BASED</feedbackDisplayMode>
          <defaultFeedback>&lt;p&gt;Incorrect.&lt;/p&gt;&#xd;
&lt;p&gt;&amp;nbsp;&lt;/p&gt;&#xd;
&lt;p&gt;Solution:&lt;/p&gt;&#xd;
&lt;ul&gt;&#xd;
&lt;li&gt;$g(n) \in \Theta(n^2 \lg n)$&lt;/li&gt;&#xd;
&lt;li&gt;&#xd;
&lt;div&gt;$g(n) \in \Theta(n^{5/2})$&lt;/div&gt;&#xd;
&lt;/li&gt;&#xd;
&lt;/ul&gt;&#xd;
&lt;!-- notionvc: 8e8107dd-06f9-45d1-8b86-5da95e2952d6 --&gt;</defaultFeedback>
          <defaultResult>0</defaultResult>
          <extraFeedbacks id="147"/>
        </targetStage>
        <type>NEXT_OR_END</type>
        <extraWeight>0</extraWeight>
      </defaultTransition>
      <skipTransitions id="148"/>
      <stageTransitions id="149"/>
      <hints id="150"/>
      <variableUpdatesOnEnter id="151"/>
      <variableUpdatesBeforeCheck id="152"/>
      <variableUpdatesAfterCheck id="153"/>
      <variableUpdatesOnNormalExit id="154"/>
      <variableUpdatesOnRepeat id="155"/>
      <variableUpdatesOnSkip id="156"/>
      <weight>1</weight>
      <orderIndex>0</orderIndex>
      <allowSkip>true</allowSkip>
      <resources id="157"/>
      <answerOptions id="158">
        <MCAnswer id="159">
          <order>0</order>
          <rule>CORRECT</rule>
          <text>&lt;div&gt;$g(n) \in \Theta(n$ $lg$ $n)&lt;!-- notionvc: 94a8f3d2-c80c-4de5-9586-fa4c476fb0d0 --&gt;$&lt;/div&gt;</text>
          <variableName></variableName>
          <mcstage reference="5"/>
        </MCAnswer>
        <MCAnswer id="160">
          <order>1</order>
          <rule>CORRECT</rule>
          <text>&lt;div&gt;$g(n) \in \Theta(n^{3/2})$&lt;/div&gt;</text>
          <variableName></variableName>
          <mcstage reference="5"/>
        </MCAnswer>
        <MCAnswer id="161">
          <order>2</order>
          <rule>WRONG</rule>
          <text>&lt;div&gt;$g(n) \in \Theta(\lg n)$ &amp;nbsp;&lt;/div&gt;</text>
          <variableName></variableName>
          <mcstage reference="5"/>
        </MCAnswer>
        <MCAnswer id="162">
          <order>3</order>
          <rule>WRONG</rule>
          <text>$g(n) \in \Theta(1)$</text>
          <variableName></variableName>
          <mcstage reference="5"/>
        </MCAnswer>
        <MCAnswer id="163">
          <order>4</order>
          <rule>WRONG</rule>
          <text>$g(n) \in \Theta(\sqrt{n})$</text>
          <variableName></variableName>
          <mcstage reference="5"/>
        </MCAnswer>
        <MCAnswer id="164">
          <order>5</order>
          <rule>WRONG</rule>
          <text>$g(n) \in \Theta(n^3)$</text>
          <variableName></variableName>
          <mcstage reference="5"/>
        </MCAnswer>
        <MCAnswer id="165">
          <order>6</order>
          <rule>WRONG</rule>
          <text>$g(n) \in \Theta(n^{5/2})$</text>
          <variableName></variableName>
          <mcstage reference="5"/>
        </MCAnswer>
        <MCAnswer id="166">
          <order>7</order>
          <rule>WRONG</rule>
          <text>$g(n) \in \Theta(2^n)$</text>
          <variableName></variableName>
          <mcstage reference="5"/>
        </MCAnswer>
        <MCAnswer id="167">
          <order>8</order>
          <rule>WRONG</rule>
          <text>$g(n) \in \Theta(n!)$</text>
          <variableName></variableName>
          <mcstage reference="5"/>
        </MCAnswer>
        <MCAnswer id="168">
          <order>9</order>
          <rule>WRONG</rule>
          <text>$g(n) \in \Theta(n^2 \lg n)$</text>
          <variableName></variableName>
          <mcstage reference="5"/>
        </MCAnswer>
      </answerOptions>
      <randomize>true</randomize>
      <correctAnswerFeedback>&lt;div&gt;Correct.&lt;!-- notionvc: 14f09589-a2ea-4714-a5ec-724d2af476cb --&gt;&lt;/div&gt;</correctAnswerFeedback>
      <pointMode>MANUAL</pointMode>
      <feedbackDisplayMode>NON_RULE_BASED</feedbackDisplayMode>
      <defaultFeedback>&lt;div&gt;&#xd;
&lt;p&gt;Incorrect.&lt;/p&gt;&#xd;
&lt;p&gt;&amp;nbsp;&lt;/p&gt;&#xd;
&lt;p&gt;Solution:&lt;/p&gt;&#xd;
&lt;ul&gt;&#xd;
&lt;li&gt;&#xd;
&lt;div&gt;$g(n) \in \Theta(n$ $lg$ $n)&lt;!-- notionvc: 94a8f3d2-c80c-4de5-9586-fa4c476fb0d0 --&gt;$&lt;/div&gt;&#xd;
&lt;/li&gt;&#xd;
&lt;li&gt;&#xd;
&lt;div&gt;$g(n) \in \Theta(n^{3/2})$&lt;/div&gt;&#xd;
&lt;/li&gt;&#xd;
&lt;/ul&gt;&#xd;
&lt;!-- notionvc: 8e8107dd-06f9-45d1-8b86-5da95e2952d6 --&gt;&lt;/div&gt;</defaultFeedback>
      <defaultResult>0</defaultResult>
      <extraFeedbacks id="169"/>
    </MCStage>
    <MCStage reference="10"/>
    <MCStage reference="15"/>
    <MCStage reference="20"/>
    <MCStage reference="25"/>
    <MCStage reference="30"/>
  </stages>
  <startStage class="MCStage" reference="5"/>
  <variableDeclarations id="170"/>
  <jSXGraphs id="171"/>
  <dynamicMolecules id="172"/>
  <resultFeedbackMappings id="173"/>
</Exercise>