<Exercise id="1">
  <name>Theoretical_Algorithm</name>
  <internalNotes></internalNotes>
  <language>en</language>
  <difficulty>0</difficulty>
  <tags id="2"/>
  <resources id="3"/>
  <stages id="4">
    <MCStage id="5">
      <internalName>#3</internalName>
      <externalName>Backtracking is an enhanced method of…</externalName>
      <taskDescription>&lt;div&gt;The backtracking method is an enhanced method of&amp;hellip;&lt;!-- notionvc: b85863fa-4b9d-4d32-b316-d4f4c9fae1a9 --&gt;&lt;/div&gt;</taskDescription>
      <feedbackRules id="6"/>
      <defaultTransition id="7">
        <conditionExpression id="8">
          <domain>MATH</domain>
        </conditionExpression>
        <stageExpression id="9">
          <domain>MATH</domain>
        </stageExpression>
        <targetStage class="MCStage" id="10">
          <internalName>#13</internalName>
          <externalName>Which methods can be used to find all hamiltonian cycles?</externalName>
          <taskDescription>&lt;div&gt;Which methods can be used to find all hamiltonian cycles?&lt;!-- notionvc: 67c83dfc-470a-439d-a0d9-79598eea3f9a --&gt;&lt;/div&gt;</taskDescription>
          <feedbackRules id="11"/>
          <defaultTransition id="12">
            <conditionExpression id="13">
              <domain>MATH</domain>
            </conditionExpression>
            <stageExpression id="14">
              <domain>MATH</domain>
            </stageExpression>
            <targetStage class="MCStage" id="15">
              <internalName>#14</internalName>
              <externalName>Brute-force vs. Backtracking</externalName>
              <taskDescription>&lt;div&gt;Select the correct answers about the difference between using a brute-force or a backtracking algorithm.&lt;!-- notionvc: bfc72e76-d796-4a4c-a802-418605eb1264 --&gt;&lt;/div&gt;</taskDescription>
              <feedbackRules id="16"/>
              <defaultTransition id="17">
                <conditionExpression id="18">
                  <domain>MATH</domain>
                </conditionExpression>
                <stageExpression id="19">
                  <domain>MATH</domain>
                </stageExpression>
                <targetStage class="MCStage" id="20">
                  <internalName>#15</internalName>
                  <externalName>Improving a brute-force by backtracking for Hamiltonian cycles</externalName>
                  <taskDescription>&lt;div&gt;Which of these statements are true about improving a brute-force search for finding a Hamiltonian cycle by a backtracking algorithm?&lt;!-- notionvc: 4b47d283-ee63-46a2-9330-33dc645fa307 --&gt;&lt;/div&gt;</taskDescription>
                  <feedbackRules id="21"/>
                  <defaultTransition id="22">
                    <conditionExpression id="23">
                      <domain>MATH</domain>
                    </conditionExpression>
                    <stageExpression id="24">
                      <domain>MATH</domain>
                    </stageExpression>
                    <targetStage class="MCStage" id="25">
                      <internalName>#16</internalName>
                      <externalName>Faster backtracking in sparse graphs vs dense graphs</externalName>
                      <taskDescription>&lt;div&gt;Why is backtracking usually faster in sparse graphs than in dense graphs?&lt;!-- notionvc: 9109a42b-bd47-4261-b441-e54582be5135 --&gt;&lt;/div&gt;</taskDescription>
                      <feedbackRules id="26"/>
                      <defaultTransition id="27">
                        <conditionExpression id="28">
                          <domain>MATH</domain>
                        </conditionExpression>
                        <stageExpression id="29">
                          <domain>MATH</domain>
                        </stageExpression>
                        <type>NEXT_OR_END</type>
                        <extraWeight>0</extraWeight>
                      </defaultTransition>
                      <skipTransitions id="30"/>
                      <stageTransitions id="31"/>
                      <hints id="32"/>
                      <variableUpdatesOnEnter id="33"/>
                      <variableUpdatesBeforeCheck id="34"/>
                      <variableUpdatesAfterCheck id="35"/>
                      <variableUpdatesOnNormalExit id="36"/>
                      <variableUpdatesOnRepeat id="37"/>
                      <variableUpdatesOnSkip id="38"/>
                      <weight>1</weight>
                      <orderIndex>4</orderIndex>
                      <allowSkip>true</allowSkip>
                      <resources id="39"/>
                      <answerOptions id="40">
                        <MCAnswer id="41">
                          <order>0</order>
                          <rule>CORRECT</rule>
                          <text>&lt;div&gt;In sparse graphs, there are fewer edges to explore, so invalid paths are detected and pruned earlier, reducing the search space.&lt;/div&gt;&#xd;
&lt;!-- notionvc: 1fdda07e-57f8-4eea-aaf0-4a7e7cfd4aeb --&gt;</text>
                          <variableName></variableName>
                          <mcstage reference="25"/>
                        </MCAnswer>
                        <MCAnswer id="42">
                          <order>1</order>
                          <rule>WRONG</rule>
                          <text>&lt;div&gt;Because sparse graphs contain more Hamiltonian cycles, allowing faster discovery of a valid one.&lt;/div&gt;&#xd;
&lt;!-- notionvc: aaf9e60b-6434-4d12-bee3-a392ab37a5e7 --&gt;</text>
                          <variableName></variableName>
                          <mcstage reference="25"/>
                        </MCAnswer>
                        <MCAnswer id="43">
                          <order>2</order>
                          <rule>WRONG</rule>
                          <text>&lt;div&gt;Because backtracking converts a sparse graph into a complete graph before searching.&lt;/div&gt;&#xd;
&lt;!-- notionvc: 6612a313-6eca-44ca-9c1c-534fd5d490fb --&gt;</text>
                          <variableName></variableName>
                          <mcstage reference="25"/>
                        </MCAnswer>
                        <MCAnswer id="44">
                          <order>3</order>
                          <rule>WRONG</rule>
                          <text>&lt;div&gt;Because the algorithm skips checking edges in sparse graphs to save time.&lt;/div&gt;&#xd;
&lt;!-- notionvc: 8a35712a-e82b-4b17-a80b-0b9b3c37fd58 --&gt;</text>
                          <variableName></variableName>
                          <mcstage reference="25"/>
                        </MCAnswer>
                      </answerOptions>
                      <randomize>true</randomize>
                      <correctAnswerFeedback>&lt;div&gt;Correct.&lt;!-- notionvc: d480833d-39df-465b-af2b-fea6a4544810 --&gt;&lt;/div&gt;</correctAnswerFeedback>
                      <pointMode>MANUAL</pointMode>
                      <feedbackDisplayMode>NON_RULE_BASED</feedbackDisplayMode>
                      <defaultFeedback>&lt;div&gt;&#xd;
&lt;p&gt;Incorrect.&lt;/p&gt;&#xd;
&lt;p&gt;&amp;nbsp;&lt;/p&gt;&#xd;
&lt;p&gt;Solution: In sparse graphs, there are fewer edges to explore, so invalid paths are detected and pruned earlier, reducing the search space.&lt;!-- notionvc: 8052a48c-14d1-4b11-9977-c4cfc1aa3936 --&gt;&lt;/p&gt;&#xd;
&lt;!-- notionvc: 217e382c-24df-4ff6-b5a1-3779d9d51c2d --&gt;&lt;/div&gt;</defaultFeedback>
                      <defaultResult>0</defaultResult>
                      <extraFeedbacks id="45">
                        <de.uni__due.s3.jack3.entities.stagetypes.mc.MCFeedback id="46">
                          <feedback__order>0</feedback__order>
                          <stage reference="25"/>
                          <expression id="47">
                            <code>[input=mcindex_1]&amp;&amp;![input=mcindex_2]&amp;&amp;![input=mcindex_3]</code>
                            <domain>MATH</domain>
                          </expression>
                          <condition id="48">
                            <code></code>
                            <domain>MATH</domain>
                          </condition>
                          <result>0</result>
                          <feedbackText>&lt;div&gt;&#xd;
&lt;p&gt;Incorrect. Sparse graphs actually tend to have fewer Hamiltonian cycles (and often none at all). Backtracking is faster not because there are more solutions, but because invalid paths are detected sooner.&lt;!-- notionvc: a42dfc95-a673-497e-b01a-e7b7ac73be82 --&gt;&lt;/p&gt;&#xd;
&lt;p&gt;&amp;nbsp;&lt;/p&gt;&#xd;
&lt;p&gt;Solution: In sparse graphs, there are fewer edges to explore, so invalid paths are detected and pruned earlier, reducing the search space.&lt;!-- notionvc: 8052a48c-14d1-4b11-9977-c4cfc1aa3936 --&gt;&lt;/p&gt;&#xd;
&lt;!-- notionvc: 217e382c-24df-4ff6-b5a1-3779d9d51c2d --&gt;&lt;/div&gt;</feedbackText>
                        </de.uni__due.s3.jack3.entities.stagetypes.mc.MCFeedback>
                        <de.uni__due.s3.jack3.entities.stagetypes.mc.MCFeedback id="49">
                          <feedback__order>1</feedback__order>
                          <stage reference="25"/>
                          <expression id="50">
                            <code>![input=mcindex_1]&amp;&amp;[input=mcindex_2]&amp;&amp;![input=mcindex_3]</code>
                            <domain>MATH</domain>
                          </expression>
                          <condition id="51">
                            <code></code>
                            <domain>MATH</domain>
                          </condition>
                          <result>0</result>
                          <feedbackText>&lt;div&gt;&#xd;
&lt;p&gt;Incorrect. Backtracking doesn&amp;rsquo;t modify the graph.&lt;!-- notionvc: cbe0cc7d-1886-411c-8cbe-3ea7cef6a377 --&gt;&lt;/p&gt;&#xd;
&lt;p&gt;&amp;nbsp;&lt;/p&gt;&#xd;
&lt;p&gt;Solution: In sparse graphs, there are fewer edges to explore, so invalid paths are detected and pruned earlier, reducing the search space.&lt;!-- notionvc: 8052a48c-14d1-4b11-9977-c4cfc1aa3936 --&gt;&lt;/p&gt;&#xd;
&lt;!-- notionvc: 217e382c-24df-4ff6-b5a1-3779d9d51c2d --&gt;&lt;/div&gt;</feedbackText>
                        </de.uni__due.s3.jack3.entities.stagetypes.mc.MCFeedback>
                        <de.uni__due.s3.jack3.entities.stagetypes.mc.MCFeedback id="52">
                          <feedback__order>2</feedback__order>
                          <stage reference="25"/>
                          <expression id="53">
                            <code>![input=mcindex_1]&amp;&amp;![input=mcindex_2]&amp;&amp;[input=mcindex_3]</code>
                            <domain>MATH</domain>
                          </expression>
                          <condition id="54">
                            <code></code>
                            <domain>MATH</domain>
                          </condition>
                          <result>0</result>
                          <feedbackText>&lt;div&gt;&#xd;
&lt;p&gt;Incorrect. The algorithm still checks edges, but there are fewer edges to check in a sparse graph.&lt;!-- notionvc: 79ca1e74-ea06-48ad-8750-d33a92b08c53 --&gt;&lt;/p&gt;&#xd;
&lt;p&gt;&amp;nbsp;&lt;/p&gt;&#xd;
&lt;p&gt;Solution: In sparse graphs, there are fewer edges to explore, so invalid paths are detected and pruned earlier, reducing the search space.&lt;!-- notionvc: 8052a48c-14d1-4b11-9977-c4cfc1aa3936 --&gt;&lt;/p&gt;&#xd;
&lt;!-- notionvc: 217e382c-24df-4ff6-b5a1-3779d9d51c2d --&gt;&lt;/div&gt;</feedbackText>
                        </de.uni__due.s3.jack3.entities.stagetypes.mc.MCFeedback>
                        <de.uni__due.s3.jack3.entities.stagetypes.mc.MCFeedback id="55">
                          <feedback__order>3</feedback__order>
                          <stage reference="25"/>
                          <expression id="56">
                            <code>[input=mcindex_1]&amp;&amp;[input=mcindex_2]&amp;&amp;![input=mcindex_3]</code>
                            <domain>MATH</domain>
                          </expression>
                          <condition id="57">
                            <code></code>
                            <domain>MATH</domain>
                          </condition>
                          <result>0</result>
                          <feedbackText>&lt;div&gt;&#xd;
&lt;p&gt;Incorrect. Sparse graphs actually tend to have fewer Hamiltonian cycles (and often none at all). Backtracking is faster not because there are more solutions, but because invalid paths are detected sooner. Backtracking doesn&amp;rsquo;t modify the graph.&lt;!-- notionvc: bda425ec-9f35-4c07-88b5-a52880ddc715 --&gt;&lt;!-- notionvc: ef1dc4e2-7575-4638-9580-ebe3df513b38 --&gt;&lt;/p&gt;&#xd;
&lt;p&gt;&amp;nbsp;&lt;/p&gt;&#xd;
&lt;p&gt;Solution: In sparse graphs, there are fewer edges to explore, so invalid paths are detected and pruned earlier, reducing the search space.&lt;!-- notionvc: 8052a48c-14d1-4b11-9977-c4cfc1aa3936 --&gt;&lt;/p&gt;&#xd;
&lt;!-- notionvc: 217e382c-24df-4ff6-b5a1-3779d9d51c2d --&gt;&lt;/div&gt;</feedbackText>
                        </de.uni__due.s3.jack3.entities.stagetypes.mc.MCFeedback>
                        <de.uni__due.s3.jack3.entities.stagetypes.mc.MCFeedback id="58">
                          <feedback__order>4</feedback__order>
                          <stage reference="25"/>
                          <expression id="59">
                            <code>[input=mcindex_1]&amp;&amp;![input=mcindex_2]&amp;&amp;[input=mcindex_3]</code>
                            <domain>MATH</domain>
                          </expression>
                          <condition id="60">
                            <code></code>
                            <domain>MATH</domain>
                          </condition>
                          <result>0</result>
                          <feedbackText>&lt;div&gt;&#xd;
&lt;p&gt;Incorrect. Sparse graphs actually tend to have fewer Hamiltonian cycles (and often none at all). Backtracking is faster not because there are more solutions, but because invalid paths are detected sooner. The algorithm still checks edges, but there are fewer edges to check in a sparse graph.&lt;!-- notionvc: 4fe49594-cdcb-4c2c-916b-5c1f643ca4bd --&gt;&lt;!-- notionvc: 4aaf9229-d95b-4e8f-9522-424208d21239 --&gt;&lt;/p&gt;&#xd;
&lt;p&gt;&amp;nbsp;&lt;/p&gt;&#xd;
&lt;p&gt;Solution: In sparse graphs, there are fewer edges to explore, so invalid paths are detected and pruned earlier, reducing the search space.&lt;!-- notionvc: 8052a48c-14d1-4b11-9977-c4cfc1aa3936 --&gt;&lt;/p&gt;&#xd;
&lt;!-- notionvc: 217e382c-24df-4ff6-b5a1-3779d9d51c2d --&gt;&lt;/div&gt;</feedbackText>
                        </de.uni__due.s3.jack3.entities.stagetypes.mc.MCFeedback>
                        <de.uni__due.s3.jack3.entities.stagetypes.mc.MCFeedback id="61">
                          <feedback__order>5</feedback__order>
                          <stage reference="25"/>
                          <expression id="62">
                            <code>![input=mcindex_1]&amp;&amp;[input=mcindex_2]&amp;&amp;[input=mcindex_3]</code>
                            <domain>MATH</domain>
                          </expression>
                          <condition id="63">
                            <code></code>
                            <domain>MATH</domain>
                          </condition>
                          <result>0</result>
                          <feedbackText>&lt;div&gt;&#xd;
&lt;p&gt;Incorrect. Backtracking doesn&amp;rsquo;t modify the graph. The algorithm still checks edges, but there are fewer edges to check in a sparse graph.&lt;!-- notionvc: d29d32ee-ce4b-43ff-a4b8-12e6a7ca3bf0 --&gt;&lt;!-- notionvc: 9ac40582-da2c-4c5d-9367-033f48cd1d80 --&gt;&lt;/p&gt;&#xd;
&lt;p&gt;&amp;nbsp;&lt;/p&gt;&#xd;
&lt;p&gt;Solution: In sparse graphs, there are fewer edges to explore, so invalid paths are detected and pruned earlier, reducing the search space.&lt;!-- notionvc: 8052a48c-14d1-4b11-9977-c4cfc1aa3936 --&gt;&lt;/p&gt;&#xd;
&lt;!-- notionvc: 217e382c-24df-4ff6-b5a1-3779d9d51c2d --&gt;&lt;/div&gt;</feedbackText>
                        </de.uni__due.s3.jack3.entities.stagetypes.mc.MCFeedback>
                        <de.uni__due.s3.jack3.entities.stagetypes.mc.MCFeedback id="64">
                          <feedback__order>6</feedback__order>
                          <stage reference="25"/>
                          <expression id="65">
                            <code>[input=mcindex_1]&amp;&amp;[input=mcindex_2]&amp;&amp;[input=mcindex_3]</code>
                            <domain>MATH</domain>
                          </expression>
                          <condition id="66">
                            <code></code>
                            <domain>MATH</domain>
                          </condition>
                          <result>0</result>
                          <feedbackText>&lt;div&gt;&#xd;
&lt;p&gt;Incorrect. Sparse graphs actually tend to have fewer Hamiltonian cycles (and often none at all). Backtracking is faster not because there are more solutions, but because invalid paths are detected sooner. Backtracking doesn&amp;rsquo;t modify the graph. The algorithm still checks edges, but there are fewer edges to check in a sparse graph.&lt;!-- notionvc: e3483445-4238-4b20-98cf-f9cb9a806fb9 --&gt;&lt;!-- notionvc: 0b98b3bc-6941-4b9e-8db5-40d016f46f50 --&gt;&lt;!-- notionvc: d33825bf-72a0-48a9-ad43-7e72c733cf1e --&gt;&lt;/p&gt;&#xd;
&lt;p&gt;&amp;nbsp;&lt;/p&gt;&#xd;
&lt;p&gt;Solution: In sparse graphs, there are fewer edges to explore, so invalid paths are detected and pruned earlier, reducing the search space.&lt;!-- notionvc: 8052a48c-14d1-4b11-9977-c4cfc1aa3936 --&gt;&lt;/p&gt;&#xd;
&lt;!-- notionvc: 217e382c-24df-4ff6-b5a1-3779d9d51c2d --&gt;&lt;/div&gt;</feedbackText>
                        </de.uni__due.s3.jack3.entities.stagetypes.mc.MCFeedback>
                      </extraFeedbacks>
                    </targetStage>
                    <type>NEXT_OR_END</type>
                    <extraWeight>0</extraWeight>
                  </defaultTransition>
                  <skipTransitions id="67"/>
                  <stageTransitions id="68"/>
                  <hints id="69"/>
                  <variableUpdatesOnEnter id="70"/>
                  <variableUpdatesBeforeCheck id="71"/>
                  <variableUpdatesAfterCheck id="72"/>
                  <variableUpdatesOnNormalExit id="73"/>
                  <variableUpdatesOnRepeat id="74"/>
                  <variableUpdatesOnSkip id="75"/>
                  <weight>1</weight>
                  <orderIndex>3</orderIndex>
                  <allowSkip>true</allowSkip>
                  <resources id="76"/>
                  <answerOptions id="77">
                    <MCAnswer id="78">
                      <order>0</order>
                      <rule>CORRECT</rule>
                      <text>&lt;div&gt;Backtracking improves brute-force search by pruning partial paths that cannot possibly lead to a valid solution, reducing the number of possibilities explored.&lt;/div&gt;&#xd;
&lt;!-- notionvc: 568aec41-7741-4c24-9c99-520b047177ce --&gt;</text>
                      <variableName></variableName>
                      <mcstage reference="20"/>
                    </MCAnswer>
                    <MCAnswer id="79">
                      <order>1</order>
                      <rule>WRONG</rule>
                      <text>&lt;div&gt;Backtracking guarantees a polynomial-time solution for all graphs.&lt;/div&gt;&#xd;
&lt;!-- notionvc: 80df6a30-8fb3-4771-a0b2-651d34182341 --&gt;</text>
                      <variableName></variableName>
                      <mcstage reference="20"/>
                    </MCAnswer>
                    <MCAnswer id="80">
                      <order>2</order>
                      <rule>WRONG</rule>
                      <text>&lt;div&gt;Backtracking uses breadth-first search instead of depth-first search.&lt;/div&gt;&#xd;
&lt;!-- notionvc: c46ecb23-105b-419e-ace8-4c5fcecbbcde --&gt;</text>
                      <variableName></variableName>
                      <mcstage reference="20"/>
                    </MCAnswer>
                    <MCAnswer id="81">
                      <order>3</order>
                      <rule>WRONG</rule>
                      <text>&lt;div&gt;Backtracking skips exploring any path that includes more than one edge.&lt;/div&gt;&#xd;
&lt;!-- notionvc: bc507418-d39f-43f3-96c6-b8a9063f6c7a --&gt;</text>
                      <variableName></variableName>
                      <mcstage reference="20"/>
                    </MCAnswer>
                    <MCAnswer id="82">
                      <order>4</order>
                      <rule>WRONG</rule>
                      <text>&lt;div&gt;Backtracking replaces recursion with iteration to make the algorithm faster.&lt;/div&gt;&#xd;
&lt;!-- notionvc: 99f8af0a-0a28-41fb-a386-4f5be6442b8c --&gt;</text>
                      <variableName></variableName>
                      <mcstage reference="20"/>
                    </MCAnswer>
                    <MCAnswer id="83">
                      <order>5</order>
                      <rule>WRONG</rule>
                      <text>&lt;div&gt;Backtracking finds only one Hamiltonian cycle even if more exist.&lt;/div&gt;&#xd;
&lt;!-- notionvc: d1bb4f34-514a-42e6-8b9f-95ea62096258 --&gt;</text>
                      <variableName></variableName>
                      <mcstage reference="20"/>
                    </MCAnswer>
                    <MCAnswer id="84">
                      <order>6</order>
                      <rule>WRONG</rule>
                      <text>&lt;div&gt;Backtracking sorts the vertices first to reduce time complexity.&lt;/div&gt;&#xd;
&lt;!-- notionvc: db94f6a6-3c2c-4153-b6e4-3acfe61b6dac --&gt;</text>
                      <variableName></variableName>
                      <mcstage reference="20"/>
                    </MCAnswer>
                  </answerOptions>
                  <randomize>true</randomize>
                  <correctAnswerFeedback>&lt;div&gt;Correct.&lt;!-- notionvc: e8e114e8-a235-4b93-b467-0137b5fcfe25 --&gt;&lt;/div&gt;</correctAnswerFeedback>
                  <pointMode>MANUAL</pointMode>
                  <feedbackDisplayMode>NON_RULE_BASED</feedbackDisplayMode>
                  <defaultFeedback>&lt;div&gt;&#xd;
&lt;p&gt;Incorrect.&lt;/p&gt;&#xd;
&lt;p&gt;&amp;nbsp;&lt;/p&gt;&#xd;
&lt;p&gt;Solution: Backtracking improves brute-force search by pruning partial paths that cannot possibly lead to a valid solution, reducing the number of possibilities explored.&lt;!-- notionvc: aa0b5a13-3c19-4e95-aa66-935ccd0395e3 --&gt;&lt;/p&gt;&#xd;
&lt;!-- notionvc: 1310bca7-fd2c-4cb2-af11-f98816a6308f --&gt;&lt;/div&gt;</defaultFeedback>
                  <defaultResult>0</defaultResult>
                  <extraFeedbacks id="85">
                    <de.uni__due.s3.jack3.entities.stagetypes.mc.MCFeedback id="86">
                      <feedback__order>0</feedback__order>
                      <stage reference="20"/>
                      <expression id="87">
                        <code>[input=mcindex_1]</code>
                        <domain>MATH</domain>
                      </expression>
                      <condition id="88">
                        <code></code>
                        <domain>MATH</domain>
                      </condition>
                      <result>0</result>
                      <feedbackText>&lt;p&gt;Incorrect. Backtracking does not guarantee a polynomial-time solution, it still has exponential worst-case complexity.&lt;!-- notionvc: 5c960b53-86cf-4fd5-b726-be1b68e18b66 --&gt;&lt;/p&gt;&#xd;
&lt;p&gt;&amp;nbsp;&lt;/p&gt;&#xd;
&lt;p&gt;Solution: Backtracking improves brute-force search by pruning partial paths that cannot possibly lead to a valid solution, reducing the number of possibilities explored.&lt;/p&gt;</feedbackText>
                    </de.uni__due.s3.jack3.entities.stagetypes.mc.MCFeedback>
                  </extraFeedbacks>
                </targetStage>
                <type>NEXT_OR_END</type>
                <extraWeight>0</extraWeight>
              </defaultTransition>
              <skipTransitions id="89"/>
              <stageTransitions id="90"/>
              <hints id="91"/>
              <variableUpdatesOnEnter id="92"/>
              <variableUpdatesBeforeCheck id="93"/>
              <variableUpdatesAfterCheck id="94"/>
              <variableUpdatesOnNormalExit id="95"/>
              <variableUpdatesOnRepeat id="96"/>
              <variableUpdatesOnSkip id="97"/>
              <weight>1</weight>
              <orderIndex>2</orderIndex>
              <allowSkip>true</allowSkip>
              <resources id="98"/>
              <answerOptions id="99">
                <MCAnswer id="100">
                  <order>0</order>
                  <rule>CORRECT</rule>
                  <text>&lt;div&gt;Backtracking stops exploring a path as soon as it becomes invalid, while brute force checks all possible paths completely.&lt;/div&gt;&#xd;
&lt;!-- notionvc: 02fe3d3f-b4b2-4df5-ac4f-3ec5521889b7 --&gt;</text>
                  <variableName></variableName>
                  <mcstage reference="15"/>
                </MCAnswer>
                <MCAnswer id="101">
                  <order>1</order>
                  <rule>WRONG</rule>
                  <text>&lt;div&gt;Brute force uses recursion, but backtracking does not.&lt;/div&gt;&#xd;
&lt;!-- notionvc: cb4faad0-549e-4dd8-8c1a-69e341a1141f --&gt;</text>
                  <variableName></variableName>
                  <mcstage reference="15"/>
                </MCAnswer>
                <MCAnswer id="102">
                  <order>2</order>
                  <rule>WRONG</rule>
                  <text>&lt;div&gt;Backtracking guarantees faster runtime in all cases.&lt;/div&gt;&#xd;
&lt;!-- notionvc: a8bcdf1c-2684-41d7-b104-005e4168510c --&gt;</text>
                  <variableName></variableName>
                  <mcstage reference="15"/>
                </MCAnswer>
                <MCAnswer id="103">
                  <order>3</order>
                  <rule>WRONG</rule>
                  <text>&lt;div&gt;Brute force only finds one Hamiltonian cycle, while backtracking finds all of them automatically.&lt;/div&gt;&#xd;
&lt;!-- notionvc: ea7e97fe-7a0a-418e-9421-27dd21a6f71c --&gt;</text>
                  <variableName></variableName>
                  <mcstage reference="15"/>
                </MCAnswer>
              </answerOptions>
              <randomize>true</randomize>
              <correctAnswerFeedback>&lt;div&gt;Correct.&lt;!-- notionvc: d18b9ba8-3dbe-4bca-8398-c467f948f97c --&gt;&lt;/div&gt;</correctAnswerFeedback>
              <pointMode>MANUAL</pointMode>
              <feedbackDisplayMode>NON_RULE_BASED</feedbackDisplayMode>
              <defaultFeedback>&lt;div&gt;&#xd;
&lt;p&gt;Incorrect.&lt;/p&gt;&#xd;
&lt;p&gt;&amp;nbsp;&lt;/p&gt;&#xd;
&lt;p&gt;Solution: Backtracking stops exploring a path as soon as it becomes invalid, while brute force checks all possible paths completely.&lt;!-- notionvc: 54db1f6c-a90e-48ea-9425-ecb75e7f7b94 --&gt;&lt;!-- notionvc: 13ed2d4c-e545-4324-a373-a9ac246a5269 --&gt;&lt;/p&gt;&#xd;
&lt;!-- notionvc: b09c6a0e-9aae-40d1-854f-fc0347891f35 --&gt;&lt;/div&gt;</defaultFeedback>
              <defaultResult>0</defaultResult>
              <extraFeedbacks id="104">
                <de.uni__due.s3.jack3.entities.stagetypes.mc.MCFeedback id="105">
                  <feedback__order>0</feedback__order>
                  <stage reference="15"/>
                  <expression id="106">
                    <code>[input=mcindex_1]&amp;&amp;![input=mcindex_2]&amp;&amp;![input=mcindex_3]</code>
                    <domain>MATH</domain>
                  </expression>
                  <condition id="107">
                    <code></code>
                    <domain>MATH</domain>
                  </condition>
                  <result>0</result>
                  <feedbackText>&lt;div&gt;&#xd;
&lt;p&gt;Incorrect. Both methods can be implemented recursively.&lt;!-- notionvc: 1776693b-951a-476d-8d75-7220710ac565 --&gt;&lt;/p&gt;&#xd;
&lt;p&gt;&amp;nbsp;&lt;/p&gt;&#xd;
&lt;p&gt;Solution: Backtracking stops exploring a path as soon as it becomes invalid, while brute force checks all possible paths completely.&lt;!-- notionvc: 54db1f6c-a90e-48ea-9425-ecb75e7f7b94 --&gt;&lt;!-- notionvc: 13ed2d4c-e545-4324-a373-a9ac246a5269 --&gt;&lt;/p&gt;&#xd;
&lt;!-- notionvc: b09c6a0e-9aae-40d1-854f-fc0347891f35 --&gt;&lt;/div&gt;</feedbackText>
                </de.uni__due.s3.jack3.entities.stagetypes.mc.MCFeedback>
                <de.uni__due.s3.jack3.entities.stagetypes.mc.MCFeedback id="108">
                  <feedback__order>1</feedback__order>
                  <stage reference="15"/>
                  <expression id="109">
                    <code>![input=mcindex_1]&amp;&amp;[input=mcindex_2]&amp;&amp;![input=mcindex_3]</code>
                    <domain>MATH</domain>
                  </expression>
                  <condition id="110">
                    <code></code>
                    <domain>MATH</domain>
                  </condition>
                  <result>0</result>
                  <feedbackText>&lt;div&gt;&#xd;
&lt;p&gt;Incorrect. Backtracking is usually faster, but in the worst case it still explores exponentially.&lt;!-- notionvc: 0b0f1835-1929-4965-8b5d-4288b607dd7c --&gt;&lt;/p&gt;&#xd;
&lt;p&gt;&amp;nbsp;&lt;/p&gt;&#xd;
&lt;p&gt;Solution: Backtracking stops exploring a path as soon as it becomes invalid, while brute force checks all possible paths completely.&lt;!-- notionvc: 54db1f6c-a90e-48ea-9425-ecb75e7f7b94 --&gt;&lt;!-- notionvc: 13ed2d4c-e545-4324-a373-a9ac246a5269 --&gt;&lt;/p&gt;&#xd;
&lt;!-- notionvc: b09c6a0e-9aae-40d1-854f-fc0347891f35 --&gt;&lt;/div&gt;</feedbackText>
                </de.uni__due.s3.jack3.entities.stagetypes.mc.MCFeedback>
                <de.uni__due.s3.jack3.entities.stagetypes.mc.MCFeedback id="111">
                  <feedback__order>2</feedback__order>
                  <stage reference="15"/>
                  <expression id="112">
                    <code>![input=mcindex_1]&amp;&amp;![input=mcindex_2]&amp;&amp;[input=mcindex_3]</code>
                    <domain>MATH</domain>
                  </expression>
                  <condition id="113">
                    <code></code>
                    <domain>MATH</domain>
                  </condition>
                  <result>0</result>
                  <feedbackText>&lt;div&gt;&#xd;
&lt;p&gt;Incorrect. Either method can be coded to find one or all cycles, the difference is how they search, not how many they return.&lt;!-- notionvc: e1cfd30c-5dc6-4905-83c8-7bb8227afadc --&gt;&lt;/p&gt;&#xd;
&lt;p&gt;&amp;nbsp;&lt;/p&gt;&#xd;
&lt;p&gt;Solution: Backtracking stops exploring a path as soon as it becomes invalid, while brute force checks all possible paths completely.&lt;!-- notionvc: 54db1f6c-a90e-48ea-9425-ecb75e7f7b94 --&gt;&lt;!-- notionvc: 13ed2d4c-e545-4324-a373-a9ac246a5269 --&gt;&lt;/p&gt;&#xd;
&lt;!-- notionvc: b09c6a0e-9aae-40d1-854f-fc0347891f35 --&gt;&lt;/div&gt;</feedbackText>
                </de.uni__due.s3.jack3.entities.stagetypes.mc.MCFeedback>
                <de.uni__due.s3.jack3.entities.stagetypes.mc.MCFeedback id="114">
                  <feedback__order>3</feedback__order>
                  <stage reference="15"/>
                  <expression id="115">
                    <code>[input=mcindex_1]&amp;&amp;[input=mcindex_2]&amp;&amp;![input=mcindex_3]</code>
                    <domain>MATH</domain>
                  </expression>
                  <condition id="116">
                    <code></code>
                    <domain>MATH</domain>
                  </condition>
                  <result>0</result>
                  <feedbackText>&lt;div&gt;&#xd;
&lt;p&gt;Incorrect. Both methods can be implemented recursively. Backtracking is usually faster, but in the worst case it still explores exponentially.&lt;!-- notionvc: 6cd177d2-aac6-48c6-a008-f0b8cb6d5375 --&gt;&lt;!-- notionvc: c8871809-82a7-4f16-918a-315ff009d2b8 --&gt;&lt;/p&gt;&#xd;
&lt;p&gt;&amp;nbsp;&lt;/p&gt;&#xd;
&lt;p&gt;Solution: Backtracking stops exploring a path as soon as it becomes invalid, while brute force checks all possible paths completely.&lt;!-- notionvc: 54db1f6c-a90e-48ea-9425-ecb75e7f7b94 --&gt;&lt;!-- notionvc: 13ed2d4c-e545-4324-a373-a9ac246a5269 --&gt;&lt;/p&gt;&#xd;
&lt;!-- notionvc: b09c6a0e-9aae-40d1-854f-fc0347891f35 --&gt;&lt;/div&gt;</feedbackText>
                </de.uni__due.s3.jack3.entities.stagetypes.mc.MCFeedback>
                <de.uni__due.s3.jack3.entities.stagetypes.mc.MCFeedback id="117">
                  <feedback__order>4</feedback__order>
                  <stage reference="15"/>
                  <expression id="118">
                    <code>[input=mcindex_1]&amp;&amp;![input=mcindex_2]&amp;&amp;[input=mcindex_3]</code>
                    <domain>MATH</domain>
                  </expression>
                  <condition id="119">
                    <code></code>
                    <domain>MATH</domain>
                  </condition>
                  <result>0</result>
                  <feedbackText>&lt;div&gt;&#xd;
&lt;p&gt;Incorrect. Both methods can be implemented recursively. Either method can be coded to find one or all cycles, the difference is how they search, not how many they return.&lt;!-- notionvc: fe885aba-49c7-4833-8e96-73c0fab7d9f8 --&gt;&lt;!-- notionvc: dccb7a61-cbf5-4ce1-a488-3086a587594e --&gt;&lt;/p&gt;&#xd;
&lt;p&gt;&amp;nbsp;&lt;/p&gt;&#xd;
&lt;p&gt;Solution: Backtracking stops exploring a path as soon as it becomes invalid, while brute force checks all possible paths completely.&lt;!-- notionvc: 54db1f6c-a90e-48ea-9425-ecb75e7f7b94 --&gt;&lt;!-- notionvc: 13ed2d4c-e545-4324-a373-a9ac246a5269 --&gt;&lt;/p&gt;&#xd;
&lt;!-- notionvc: b09c6a0e-9aae-40d1-854f-fc0347891f35 --&gt;&lt;/div&gt;</feedbackText>
                </de.uni__due.s3.jack3.entities.stagetypes.mc.MCFeedback>
                <de.uni__due.s3.jack3.entities.stagetypes.mc.MCFeedback id="120">
                  <feedback__order>5</feedback__order>
                  <stage reference="15"/>
                  <expression id="121">
                    <code>![input=mcindex_1]&amp;&amp;[input=mcindex_2]&amp;&amp;[input=mcindex_3]</code>
                    <domain>MATH</domain>
                  </expression>
                  <condition id="122">
                    <code></code>
                    <domain>MATH</domain>
                  </condition>
                  <result>0</result>
                  <feedbackText>&lt;div&gt;&#xd;
&lt;p&gt;Incorrect. Backtracking is usually faster, but in the worst case it still explores exponentially. Either method can be coded to find one or all cycles, the difference is how they search, not how many they return.&lt;!-- notionvc: 88ab054a-b612-4cef-b2d3-09a7e0f958b1 --&gt;&lt;!-- notionvc: 037348a5-8576-4a22-ab93-44c45949e032 --&gt;&lt;/p&gt;&#xd;
&lt;p&gt;&amp;nbsp;&lt;/p&gt;&#xd;
&lt;p&gt;Solution: Backtracking stops exploring a path as soon as it becomes invalid, while brute force checks all possible paths completely.&lt;!-- notionvc: 54db1f6c-a90e-48ea-9425-ecb75e7f7b94 --&gt;&lt;!-- notionvc: 13ed2d4c-e545-4324-a373-a9ac246a5269 --&gt;&lt;/p&gt;&#xd;
&lt;!-- notionvc: b09c6a0e-9aae-40d1-854f-fc0347891f35 --&gt;&lt;/div&gt;</feedbackText>
                </de.uni__due.s3.jack3.entities.stagetypes.mc.MCFeedback>
                <de.uni__due.s3.jack3.entities.stagetypes.mc.MCFeedback id="123">
                  <feedback__order>6</feedback__order>
                  <stage reference="15"/>
                  <expression id="124">
                    <code>[input=mcindex_1]&amp;&amp;[input=mcindex_2]&amp;&amp;[input=mcindex_3]</code>
                    <domain>MATH</domain>
                  </expression>
                  <condition id="125">
                    <code></code>
                    <domain>MATH</domain>
                  </condition>
                  <result>0</result>
                  <feedbackText>&lt;div&gt;&#xd;
&lt;p&gt;Incorrect. Both methods can be implemented recursively. Backtracking is usually faster, but in the worst case it still explores exponentially. Either method can be coded to find one or all cycles, the difference is how they search, not how many they return.&lt;!-- notionvc: defcf8f5-5e3b-4487-84ef-49f1186bf827 --&gt;&lt;!-- notionvc: 438c71f4-54d7-46e8-8376-589866b6e6df --&gt;&lt;!-- notionvc: ef4af110-2d4c-43d5-a996-ea87130a6710 --&gt;&lt;/p&gt;&#xd;
&lt;p&gt;&amp;nbsp;&lt;/p&gt;&#xd;
&lt;p&gt;Solution: Backtracking stops exploring a path as soon as it becomes invalid, while brute force checks all possible paths completely.&lt;!-- notionvc: 54db1f6c-a90e-48ea-9425-ecb75e7f7b94 --&gt;&lt;!-- notionvc: 13ed2d4c-e545-4324-a373-a9ac246a5269 --&gt;&lt;/p&gt;&#xd;
&lt;!-- notionvc: b09c6a0e-9aae-40d1-854f-fc0347891f35 --&gt;&lt;/div&gt;</feedbackText>
                </de.uni__due.s3.jack3.entities.stagetypes.mc.MCFeedback>
              </extraFeedbacks>
            </targetStage>
            <type>NEXT_OR_END</type>
            <extraWeight>0</extraWeight>
          </defaultTransition>
          <skipTransitions id="126"/>
          <stageTransitions id="127"/>
          <hints id="128"/>
          <variableUpdatesOnEnter id="129"/>
          <variableUpdatesBeforeCheck id="130"/>
          <variableUpdatesAfterCheck id="131"/>
          <variableUpdatesOnNormalExit id="132"/>
          <variableUpdatesOnRepeat id="133"/>
          <variableUpdatesOnSkip id="134"/>
          <weight>1</weight>
          <orderIndex>1</orderIndex>
          <allowSkip>true</allowSkip>
          <resources id="135"/>
          <answerOptions id="136">
            <MCAnswer id="137">
              <order>0</order>
              <rule>CORRECT</rule>
              <text>&lt;div&gt;Brute-force&lt;/div&gt;&#xd;
&lt;!-- notionvc: ee98d6ee-f1b6-4b1d-9388-6d098c4d5147 --&gt;</text>
              <variableName></variableName>
              <mcstage reference="10"/>
            </MCAnswer>
            <MCAnswer id="138">
              <order>1</order>
              <rule>CORRECT</rule>
              <text>&lt;div&gt;Backtracking&lt;/div&gt;&#xd;
&lt;!-- notionvc: d3712e7c-943d-43e7-bbb3-7799b30f64b6 --&gt;</text>
              <variableName></variableName>
              <mcstage reference="10"/>
            </MCAnswer>
            <MCAnswer id="139">
              <order>2</order>
              <rule>WRONG</rule>
              <text>&lt;div&gt;Greedy algorithm&lt;/div&gt;&#xd;
&lt;!-- notionvc: 58bc4d12-fa64-46e8-8498-7037f4bd9e9d --&gt;</text>
              <variableName></variableName>
              <mcstage reference="10"/>
            </MCAnswer>
            <MCAnswer id="140">
              <order>3</order>
              <rule>WRONG</rule>
              <text>&lt;div&gt;Dijkstra&amp;rsquo;s algorithm&lt;/div&gt;&#xd;
&lt;!-- notionvc: 7cb7257e-c4b7-4a48-b133-4acbee770bb0 --&gt;</text>
              <variableName></variableName>
              <mcstage reference="10"/>
            </MCAnswer>
          </answerOptions>
          <randomize>true</randomize>
          <correctAnswerFeedback>&lt;div&gt;Correct.&lt;!-- notionvc: 551eeec1-4d52-421b-b468-490a385ad301 --&gt;&lt;/div&gt;</correctAnswerFeedback>
          <pointMode>MANUAL</pointMode>
          <feedbackDisplayMode>NON_RULE_BASED</feedbackDisplayMode>
          <defaultFeedback>&lt;div&gt;&#xd;
&lt;p&gt;Incorrect.&lt;/p&gt;&#xd;
&lt;p&gt;&amp;nbsp;&lt;/p&gt;&#xd;
&lt;p&gt;Solution:&lt;/p&gt;&#xd;
&lt;ul&gt;&#xd;
&lt;li&gt;Brute-force&lt;!-- notionvc: 882b99f7-3b94-4455-a0d6-4b2699c57121 --&gt;&lt;/li&gt;&#xd;
&lt;li&gt;Backtracking&lt;!-- notionvc: d4d441d0-32d1-4b4d-a54d-fec26bb6fad0 --&gt;&lt;/li&gt;&#xd;
&lt;/ul&gt;&#xd;
&lt;!-- notionvc: 7e58b19e-090c-4883-a99c-abbc76fa07aa --&gt;&lt;/div&gt;</defaultFeedback>
          <defaultResult>0</defaultResult>
          <extraFeedbacks id="141"/>
        </targetStage>
        <type>NEXT_OR_END</type>
        <extraWeight>0</extraWeight>
      </defaultTransition>
      <skipTransitions id="142"/>
      <stageTransitions id="143"/>
      <hints id="144"/>
      <variableUpdatesOnEnter id="145"/>
      <variableUpdatesBeforeCheck id="146"/>
      <variableUpdatesAfterCheck id="147"/>
      <variableUpdatesOnNormalExit id="148"/>
      <variableUpdatesOnRepeat id="149"/>
      <variableUpdatesOnSkip id="150"/>
      <weight>1</weight>
      <orderIndex>0</orderIndex>
      <allowSkip>true</allowSkip>
      <resources id="151"/>
      <answerOptions id="152">
        <MCAnswer id="153">
          <order>0</order>
          <rule>CORRECT</rule>
          <text>&lt;div&gt;Depth-First Search&lt;/div&gt;&#xd;
&lt;!-- notionvc: 3a7192ed-1e07-462c-a085-b956aba7c083 --&gt;</text>
          <variableName></variableName>
          <mcstage reference="5"/>
        </MCAnswer>
        <MCAnswer id="154">
          <order>1</order>
          <rule>WRONG</rule>
          <text>&lt;div&gt;Breath-First Search&lt;/div&gt;&#xd;
&lt;!-- notionvc: f6deb26f-ba73-4171-84a4-ae30bb637b8d --&gt;&lt;!-- notionvc: f6deb26f-ba73-4171-84a4-ae30bb637b8d --&gt;</text>
          <variableName></variableName>
          <mcstage reference="5"/>
        </MCAnswer>
      </answerOptions>
      <randomize>true</randomize>
      <maxSelections>1</maxSelections>
      <correctAnswerFeedback>&lt;div&gt;Correct.&lt;/div&gt;</correctAnswerFeedback>
      <pointMode>MANUAL</pointMode>
      <feedbackDisplayMode>NON_RULE_BASED</feedbackDisplayMode>
      <defaultFeedback>&lt;div&gt;&#xd;
&lt;p&gt;Incorrect. Backtracking is a form of depth-first search that includes undoing steps when a dead end is reached.&lt;!-- notionvc: 6aafd841-81f6-4efb-b722-3b9e012495c4 --&gt;&lt;/p&gt;&#xd;
&lt;p&gt;&amp;nbsp;&lt;/p&gt;&#xd;
&lt;p&gt;Solution: Depth-First Search&lt;!-- notionvc: db58fdc3-a1d2-4f8d-b162-9f3eada709e1 --&gt;&lt;/p&gt;&#xd;
&lt;!-- notionvc: bfabfbf3-63c5-40a7-9f8e-6eb7c0a2c691 --&gt;&lt;/div&gt;</defaultFeedback>
      <defaultResult>0</defaultResult>
      <extraFeedbacks id="155"/>
    </MCStage>
    <MCStage reference="10"/>
    <MCStage reference="15"/>
    <MCStage reference="20"/>
    <MCStage reference="25"/>
  </stages>
  <startStage class="MCStage" reference="5"/>
  <variableDeclarations id="156"/>
  <jSXGraphs id="157"/>
  <dynamicMolecules id="158"/>
  <resultFeedbackMappings id="159"/>
</Exercise>