<Exercise id="1">
  <name>properties_and_conditions</name>
  <internalNotes></internalNotes>
  <language>en</language>
  <difficulty>0</difficulty>
  <tags id="2"/>
  <resources id="3"/>
  <stages id="4">
    <MCStage id="5">
      <internalName>#1</internalName>
      <externalName>Necessary Conditions for Hamiltonian Cycle</externalName>
      <taskDescription>&lt;div&gt;Which of these are necessary conditions for a Hamiltonian cycle?&lt;/div&gt;</taskDescription>
      <feedbackRules id="6"/>
      <defaultTransition id="7">
        <conditionExpression id="8">
          <domain>MATH</domain>
        </conditionExpression>
        <stageExpression id="9">
          <domain>MATH</domain>
        </stageExpression>
        <targetStage class="MCStage" id="10">
          <internalName>#2</internalName>
          <externalName>Graphs with Eulerian Circuits</externalName>
          <taskDescription>&lt;div&gt;Which graphs always have Eulerian circuits?&lt;/div&gt;</taskDescription>
          <feedbackRules id="11"/>
          <defaultTransition id="12">
            <conditionExpression id="13">
              <domain>MATH</domain>
            </conditionExpression>
            <stageExpression id="14">
              <domain>MATH</domain>
            </stageExpression>
            <targetStage class="MCStage" id="15">
              <internalName>#3</internalName>
              <externalName>Properties of Eulerian Paths</externalName>
              <taskDescription>&lt;div&gt;Which statements about Eulerian paths are true?&lt;/div&gt;</taskDescription>
              <feedbackRules id="16"/>
              <defaultTransition id="17">
                <conditionExpression id="18">
                  <domain>MATH</domain>
                </conditionExpression>
                <stageExpression id="19">
                  <domain>MATH</domain>
                </stageExpression>
                <targetStage class="MCStage" id="20">
                  <internalName>#4</internalName>
                  <externalName>Hamiltonian Path Complexity</externalName>
                  <taskDescription>&lt;div&gt;Which statements about Hamiltonian paths are true?&lt;/div&gt;</taskDescription>
                  <feedbackRules id="21"/>
                  <defaultTransition id="22">
                    <conditionExpression id="23">
                      <domain>MATH</domain>
                    </conditionExpression>
                    <stageExpression id="24">
                      <domain>MATH</domain>
                    </stageExpression>
                    <type>NEXT_OR_END</type>
                    <extraWeight>0</extraWeight>
                  </defaultTransition>
                  <skipTransitions id="25"/>
                  <stageTransitions id="26"/>
                  <hints id="27"/>
                  <variableUpdatesOnEnter id="28"/>
                  <variableUpdatesBeforeCheck id="29"/>
                  <variableUpdatesAfterCheck id="30"/>
                  <variableUpdatesOnNormalExit id="31"/>
                  <variableUpdatesOnRepeat id="32"/>
                  <variableUpdatesOnSkip id="33"/>
                  <weight>1</weight>
                  <orderIndex>3</orderIndex>
                  <allowSkip>true</allowSkip>
                  <resources id="34"/>
                  <answerOptions id="35">
                    <MCAnswer id="36">
                      <order>0</order>
                      <rule>CORRECT</rule>
                      <text>&lt;div&gt;Finding a Hamiltonian path is NP-complete&lt;/div&gt;</text>
                      <variableName></variableName>
                      <mcstage reference="20"/>
                    </MCAnswer>
                    <MCAnswer id="37">
                      <order>1</order>
                      <rule>WRONG</rule>
                      <text>&lt;div&gt;Every connected graph has a Hamiltonian path&lt;/div&gt;</text>
                      <variableName></variableName>
                      <mcstage reference="20"/>
                    </MCAnswer>
                    <MCAnswer id="38">
                      <order>2</order>
                      <rule>CORRECT</rule>
                      <text>&lt;div&gt;A Hamiltonian path uses exactly n-1 edges&lt;/div&gt;</text>
                      <variableName></variableName>
                      <mcstage reference="20"/>
                    </MCAnswer>
                  </answerOptions>
                  <randomize>false</randomize>
                  <correctAnswerFeedback>&lt;div&gt;&#xd;
&lt;div&gt;Correct. Finding Hamiltonian paths is NP-complete (no known polynomial algorithm). A path visiting n vertices uses n-1 edges. Not all connected graphs have Hamiltonian paths.&lt;/div&gt;&#xd;
&lt;div&gt;Solution: Finding a Hamiltonian path is NP-complete and C) A Hamiltonian path uses exactly n-1 edges&lt;/div&gt;&#xd;
&lt;/div&gt;</correctAnswerFeedback>
                  <pointMode>MANUAL</pointMode>
                  <feedbackDisplayMode>NEVER</feedbackDisplayMode>
                  <defaultResult>0</defaultResult>
                  <extraFeedbacks id="39">
                    <de.uni__due.s3.jack3.entities.stagetypes.mc.MCFeedback id="40">
                      <feedback__order>0</feedback__order>
                      <stage reference="20"/>
                      <expression id="41">
                        <code>[input=mcindex_0]&amp;&amp;[input=mcindex_1]&amp;&amp;[input=mcindex_2]</code>
                        <domain>MATH</domain>
                      </expression>
                      <condition id="42">
                        <code></code>
                        <domain>MATH</domain>
                      </condition>
                      <result>0</result>
                      <feedbackText>&lt;div&gt;&#xd;
&lt;div&gt;Incorrect. Finding Hamiltonian paths is NP-complete, and they use n-1 edges. But not every connected graph has one (e.g., star graphs with &amp;gt;2 leaves).&lt;/div&gt;&#xd;
&lt;div&gt;Solution: Finding a Hamiltonian path is NP-complete and C) A Hamiltonian path uses exactly n-1 edges&lt;/div&gt;&#xd;
&lt;/div&gt;</feedbackText>
                    </de.uni__due.s3.jack3.entities.stagetypes.mc.MCFeedback>
                    <de.uni__due.s3.jack3.entities.stagetypes.mc.MCFeedback id="43">
                      <feedback__order>1</feedback__order>
                      <stage reference="20"/>
                      <expression id="44">
                        <code>[input=mcindex_0]&amp;&amp;[input=mcindex_1]&amp;&amp;![input=mcindex_2]</code>
                        <domain>MATH</domain>
                      </expression>
                      <condition id="45">
                        <code></code>
                        <domain>MATH</domain>
                      </condition>
                      <result>0</result>
                      <feedbackText>&lt;div&gt;&#xd;
&lt;div&gt;Incorrect. Finding Hamiltonian paths is NP-complete, but not every connected graph has one. Star graphs with &amp;gt;2 leaves are connected but lack Hamiltonian paths. Also missing: uses n-1 edges.&lt;/div&gt;&#xd;
&lt;div&gt;Solution: Finding a Hamiltonian path is NP-complete and C) A Hamiltonian path uses exactly n-1 edges&lt;/div&gt;&#xd;
&lt;/div&gt;</feedbackText>
                    </de.uni__due.s3.jack3.entities.stagetypes.mc.MCFeedback>
                    <de.uni__due.s3.jack3.entities.stagetypes.mc.MCFeedback id="46">
                      <feedback__order>2</feedback__order>
                      <stage reference="20"/>
                      <expression id="47">
                        <code>![input=mcindex_0]&amp;&amp;[input=mcindex_1]&amp;&amp;[input=mcindex_2]</code>
                        <domain>MATH</domain>
                      </expression>
                      <condition id="48">
                        <code></code>
                        <domain>MATH</domain>
                      </condition>
                      <result>0</result>
                      <feedbackText>&lt;div&gt;&#xd;
&lt;div&gt;Incorrect. While a Hamiltonian path uses n-1 edges, not every connected graph has one. Counterexample: a star with 3+ leaves. Also missing: finding them is NP-complete.&lt;/div&gt;&#xd;
&lt;div&gt;Solution: Finding a Hamiltonian path is NP-complete and C) A Hamiltonian path uses exactly n-1 edges&lt;/div&gt;&#xd;
&lt;/div&gt;</feedbackText>
                    </de.uni__due.s3.jack3.entities.stagetypes.mc.MCFeedback>
                    <de.uni__due.s3.jack3.entities.stagetypes.mc.MCFeedback id="49">
                      <feedback__order>3</feedback__order>
                      <stage reference="20"/>
                      <expression id="50">
                        <code>[input=mcindex_0]&amp;&amp;![input=mcindex_1]&amp;&amp;![input=mcindex_2]</code>
                        <domain>MATH</domain>
                      </expression>
                      <condition id="51">
                        <code></code>
                        <domain>MATH</domain>
                      </condition>
                      <result>0</result>
                      <feedbackText>&lt;div&gt;&#xd;
&lt;div&gt;Partially correct. Finding Hamiltonian paths is NP-complete, but you&apos;re missing that a Hamiltonian path (when it exists) uses exactly n-1 edges.&lt;/div&gt;&#xd;
&lt;div&gt;Solution: Finding a Hamiltonian path is NP-complete and C) A Hamiltonian path uses exactly n-1 edges&lt;/div&gt;&#xd;
&lt;/div&gt;</feedbackText>
                    </de.uni__due.s3.jack3.entities.stagetypes.mc.MCFeedback>
                    <de.uni__due.s3.jack3.entities.stagetypes.mc.MCFeedback id="52">
                      <feedback__order>4</feedback__order>
                      <stage reference="20"/>
                      <expression id="53">
                        <code>![input=mcindex_0]&amp;&amp;[input=mcindex_1]&amp;&amp;![input=mcindex_2]</code>
                        <domain>MATH</domain>
                      </expression>
                      <condition id="54">
                        <code></code>
                        <domain>MATH</domain>
                      </condition>
                      <result>0</result>
                      <feedbackText>&lt;div&gt;&#xd;
&lt;div&gt;Incorrect. Not every connected graph has a Hamiltonian path. Star graphs with more than 2 leaves are connected but have no Hamiltonian path.&lt;/div&gt;&#xd;
&lt;div&gt;Solution: Finding a Hamiltonian path is NP-complete and C) A Hamiltonian path uses exactly n-1 edges&lt;/div&gt;&#xd;
&lt;/div&gt;</feedbackText>
                    </de.uni__due.s3.jack3.entities.stagetypes.mc.MCFeedback>
                    <de.uni__due.s3.jack3.entities.stagetypes.mc.MCFeedback id="55">
                      <feedback__order>5</feedback__order>
                      <stage reference="20"/>
                      <expression id="56">
                        <code>![input=mcindex_0]&amp;&amp;![input=mcindex_1]&amp;&amp;[input=mcindex_2]</code>
                        <domain>MATH</domain>
                      </expression>
                      <condition id="57">
                        <code></code>
                        <domain>MATH</domain>
                      </condition>
                      <result>0</result>
                      <feedbackText>&lt;div&gt;&#xd;
&lt;div&gt;Partially correct. A Hamiltonian path does use n-1 edges, but you&apos;re missing that finding such paths is an NP-complete problem.&lt;/div&gt;&#xd;
&lt;div&gt;Solution: Finding a Hamiltonian path is NP-complete and C) A Hamiltonian path uses exactly n-1 edges&lt;/div&gt;&#xd;
&lt;/div&gt;</feedbackText>
                    </de.uni__due.s3.jack3.entities.stagetypes.mc.MCFeedback>
                  </extraFeedbacks>
                </targetStage>
                <type>NEXT_OR_END</type>
                <extraWeight>0</extraWeight>
              </defaultTransition>
              <skipTransitions id="58"/>
              <stageTransitions id="59"/>
              <hints id="60"/>
              <variableUpdatesOnEnter id="61"/>
              <variableUpdatesBeforeCheck id="62"/>
              <variableUpdatesAfterCheck id="63"/>
              <variableUpdatesOnNormalExit id="64"/>
              <variableUpdatesOnRepeat id="65"/>
              <variableUpdatesOnSkip id="66"/>
              <weight>1</weight>
              <orderIndex>2</orderIndex>
              <allowSkip>true</allowSkip>
              <resources id="67"/>
              <answerOptions id="68">
                <MCAnswer id="69">
                  <order>0</order>
                  <rule>WRONG</rule>
                  <text>&lt;div&gt;Finding an Eulerian path is NP-complete&lt;/div&gt;</text>
                  <variableName></variableName>
                  <mcstage reference="15"/>
                </MCAnswer>
                <MCAnswer id="70">
                  <order>1</order>
                  <rule>CORRECT</rule>
                  <text>&lt;div&gt;An Eulerian path visits all edges exactly once&lt;/div&gt;</text>
                  <variableName></variableName>
                  <mcstage reference="15"/>
                </MCAnswer>
                <MCAnswer id="71">
                  <order>2</order>
                  <rule>WRONG</rule>
                  <text>&lt;div&gt;An Eulerian path visits all vertices exactly once&lt;/div&gt;</text>
                  <variableName></variableName>
                  <mcstage reference="15"/>
                </MCAnswer>
              </answerOptions>
              <randomize>false</randomize>
              <correctAnswerFeedback>&lt;div&gt;&#xd;
&lt;div&gt;Correct. An Eulerian path visits every edge exactly once (by definition). Vertices can repeat, and finding such paths is polynomial-time.&lt;/div&gt;&#xd;
&lt;div&gt;Solution: An Eulerian path visits all edges exactly once&lt;/div&gt;&#xd;
&lt;/div&gt;</correctAnswerFeedback>
              <pointMode>MANUAL</pointMode>
              <feedbackDisplayMode>NEVER</feedbackDisplayMode>
              <defaultResult>0</defaultResult>
              <extraFeedbacks id="72">
                <de.uni__due.s3.jack3.entities.stagetypes.mc.MCFeedback id="73">
                  <feedback__order>0</feedback__order>
                  <stage reference="15"/>
                  <expression id="74">
                    <code>[input=mcindex_0]&amp;&amp;[input=mcindex_1]&amp;&amp;[input=mcindex_2]</code>
                    <domain>MATH</domain>
                  </expression>
                  <condition id="75">
                    <code></code>
                    <domain>MATH</domain>
                  </condition>
                  <result>0</result>
                  <feedbackText>&lt;div&gt;&#xd;
&lt;div&gt;Incorrect. Eulerian paths visit edges exactly once, not vertices (vertices can repeat). Also, finding them is polynomial-time, not NP-complete.&lt;/div&gt;&#xd;
&lt;div&gt;Solution: An Eulerian path visits all edges exactly once&lt;/div&gt;&#xd;
&lt;/div&gt;</feedbackText>
                </de.uni__due.s3.jack3.entities.stagetypes.mc.MCFeedback>
                <de.uni__due.s3.jack3.entities.stagetypes.mc.MCFeedback id="76">
                  <feedback__order>1</feedback__order>
                  <stage reference="15"/>
                  <expression id="77">
                    <code>[input=mcindex_0]&amp;&amp;[input=mcindex_1]&amp;&amp;![input=mcindex_2]</code>
                    <domain>MATH</domain>
                  </expression>
                  <condition id="78">
                    <code></code>
                    <domain>MATH</domain>
                  </condition>
                  <result>0</result>
                  <feedbackText>&lt;div&gt;&#xd;
&lt;div&gt;Incorrect. While Eulerian paths do visit all edges exactly once, finding them is not NP-complete. Algorithms like Hierholzer&apos;s solve this in polynomial time.&lt;/div&gt;&#xd;
&lt;div&gt;Solution: An Eulerian path visits all edges exactly once&lt;/div&gt;&#xd;
&lt;/div&gt;</feedbackText>
                </de.uni__due.s3.jack3.entities.stagetypes.mc.MCFeedback>
                <de.uni__due.s3.jack3.entities.stagetypes.mc.MCFeedback id="79">
                  <feedback__order>2</feedback__order>
                  <stage reference="15"/>
                  <expression id="80">
                    <code>[input=mcindex_0]&amp;&amp;![input=mcindex_1]&amp;&amp;[input=mcindex_2]</code>
                    <domain>MATH</domain>
                  </expression>
                  <condition id="81">
                    <code></code>
                    <domain>MATH</domain>
                  </condition>
                  <result>0</result>
                  <feedbackText>&lt;div&gt;&#xd;
&lt;div&gt;Incorrect. Eulerian paths don&apos;t visit vertices exactly once (that&apos;s Hamiltonian paths). Also, finding Eulerian paths is polynomial-time, not NP-complete.&lt;/div&gt;&#xd;
&lt;div&gt;Solution: An Eulerian path visits all edges exactly once&lt;/div&gt;&#xd;
&lt;/div&gt;</feedbackText>
                </de.uni__due.s3.jack3.entities.stagetypes.mc.MCFeedback>
                <de.uni__due.s3.jack3.entities.stagetypes.mc.MCFeedback id="82">
                  <feedback__order>3</feedback__order>
                  <stage reference="15"/>
                  <expression id="83">
                    <code>![input=mcindex_0]&amp;&amp;[input=mcindex_1]&amp;&amp;[input=mcindex_2]</code>
                    <domain>MATH</domain>
                  </expression>
                  <condition id="84">
                    <code></code>
                    <domain>MATH</domain>
                  </condition>
                  <result>0</result>
                  <feedbackText>&lt;div&gt;&#xd;
&lt;div&gt;Incorrect. Eulerian paths visit all edges exactly once (correct), but vertices can be visited multiple times. You&apos;re confusing this with Hamiltonian paths.&lt;/div&gt;&#xd;
&lt;div&gt;Solution: An Eulerian path visits all edges exactly once&lt;/div&gt;&#xd;
&lt;/div&gt;</feedbackText>
                </de.uni__due.s3.jack3.entities.stagetypes.mc.MCFeedback>
                <de.uni__due.s3.jack3.entities.stagetypes.mc.MCFeedback id="85">
                  <feedback__order>4</feedback__order>
                  <stage reference="15"/>
                  <expression id="86">
                    <code>[input=mcindex_0]&amp;&amp;![input=mcindex_1]&amp;&amp;![input=mcindex_2]</code>
                    <domain>MATH</domain>
                  </expression>
                  <condition id="87">
                    <code></code>
                    <domain>MATH</domain>
                  </condition>
                  <result>0</result>
                  <feedbackText>&lt;div&gt;&#xd;
&lt;div&gt;Incorrect. Finding Eulerian paths is polynomial-time, not NP-complete. Algorithms like Hierholzer&apos;s run in $\mathcal{O}(E)$. You&apos;re confusing this with Hamiltonian paths.&lt;/div&gt;&#xd;
&lt;div&gt;Solution: An Eulerian path visits all edges exactly once&lt;/div&gt;&#xd;
&lt;/div&gt;</feedbackText>
                </de.uni__due.s3.jack3.entities.stagetypes.mc.MCFeedback>
                <de.uni__due.s3.jack3.entities.stagetypes.mc.MCFeedback id="88">
                  <feedback__order>5</feedback__order>
                  <stage reference="15"/>
                  <expression id="89">
                    <code>![input=mcindex_0]&amp;&amp;![input=mcindex_1]&amp;&amp;[input=mcindex_2]</code>
                    <domain>MATH</domain>
                  </expression>
                  <condition id="90">
                    <code></code>
                    <domain>MATH</domain>
                  </condition>
                  <result>0</result>
                  <feedbackText>&lt;div&gt;&#xd;
&lt;div&gt;Incorrect. Eulerian paths visit all edges exactly once, but vertices can be visited multiple times. You&apos;re thinking of Hamiltonian paths.&lt;/div&gt;&#xd;
&lt;div&gt;Solution: An Eulerian path visits all edges exactly once&lt;/div&gt;&#xd;
&lt;/div&gt;</feedbackText>
                </de.uni__due.s3.jack3.entities.stagetypes.mc.MCFeedback>
              </extraFeedbacks>
            </targetStage>
            <type>NEXT_OR_END</type>
            <extraWeight>0</extraWeight>
          </defaultTransition>
          <skipTransitions id="91"/>
          <stageTransitions id="92"/>
          <hints id="93"/>
          <variableUpdatesOnEnter id="94"/>
          <variableUpdatesBeforeCheck id="95"/>
          <variableUpdatesAfterCheck id="96"/>
          <variableUpdatesOnNormalExit id="97"/>
          <variableUpdatesOnRepeat id="98"/>
          <variableUpdatesOnSkip id="99"/>
          <weight>1</weight>
          <orderIndex>1</orderIndex>
          <allowSkip>true</allowSkip>
          <resources id="100"/>
          <answerOptions id="101">
            <MCAnswer id="102">
              <order>0</order>
              <rule>CORRECT</rule>
              <text>&lt;div&gt;All cycle graphs&lt;/div&gt;</text>
              <variableName></variableName>
              <mcstage reference="10"/>
            </MCAnswer>
            <MCAnswer id="103">
              <order>1</order>
              <rule>WRONG</rule>
              <text>&lt;div&gt;All complete graphs&lt;/div&gt;</text>
              <variableName></variableName>
              <mcstage reference="10"/>
            </MCAnswer>
            <MCAnswer id="104">
              <order>2</order>
              <rule>WRONG</rule>
              <text>&lt;div&gt;All wheel graphs&lt;/div&gt;</text>
              <variableName></variableName>
              <mcstage reference="10"/>
            </MCAnswer>
          </answerOptions>
          <randomize>false</randomize>
          <correctAnswerFeedback>&lt;div&gt;&#xd;
&lt;div&gt;Correct. Every cycle graph has all vertices with degree 2 (even) and is connected, guaranteeing an Eulerian circuit. Complete and wheel graphs don&apos;t always satisfy this.&lt;/div&gt;&#xd;
&lt;div&gt;Solution: All cycle graphs&lt;/div&gt;&#xd;
&lt;/div&gt;</correctAnswerFeedback>
          <pointMode>MANUAL</pointMode>
          <feedbackDisplayMode>NEVER</feedbackDisplayMode>
          <defaultResult>0</defaultResult>
          <extraFeedbacks id="105">
            <de.uni__due.s3.jack3.entities.stagetypes.mc.MCFeedback id="106">
              <feedback__order>0</feedback__order>
              <stage reference="10"/>
              <expression id="107">
                <code>[input=mcindex_0]&amp;&amp;[input=mcindex_1]&amp;&amp;[input=mcindex_2]</code>
                <domain>MATH</domain>
              </expression>
              <condition id="108">
                <code></code>
                <domain>MATH</domain>
              </condition>
              <result>0</result>
              <feedbackText>&lt;div&gt;&#xd;
&lt;div&gt;Incorrect. Cycle graphs always have Eulerian circuits (all degrees are 2). But complete graphs only when $n$ is odd, and wheel graphs only when $n$ is even. Not all of these work.&lt;/div&gt;&#xd;
&lt;div&gt;Solution: All cycle graphs&lt;/div&gt;&#xd;
&lt;/div&gt;</feedbackText>
            </de.uni__due.s3.jack3.entities.stagetypes.mc.MCFeedback>
            <de.uni__due.s3.jack3.entities.stagetypes.mc.MCFeedback id="109">
              <feedback__order>1</feedback__order>
              <stage reference="10"/>
              <expression id="110">
                <code>[input=mcindex_0]&amp;&amp;[input=mcindex_1]&amp;&amp;![input=mcindex_2]</code>
                <domain>MATH</domain>
              </expression>
              <condition id="111">
                <code></code>
                <domain>MATH</domain>
              </condition>
              <result>0</result>
              <feedbackText>&lt;div&gt;Incorrect. Cycle graphs always have Eulerian circuits, but complete graphs only have them when $n$ is odd. For $K_4$, all vertices have degree 3 (odd), so no Eulerian circuit.&lt;/div&gt;&#xd;
&lt;div&gt;Solution: All cycle graphs&lt;/div&gt;</feedbackText>
            </de.uni__due.s3.jack3.entities.stagetypes.mc.MCFeedback>
            <de.uni__due.s3.jack3.entities.stagetypes.mc.MCFeedback id="112">
              <feedback__order>2</feedback__order>
              <stage reference="10"/>
              <expression id="113">
                <code>[input=mcindex_0]&amp;&amp;![input=mcindex_1]&amp;&amp;[input=mcindex_2]</code>
                <domain>MATH</domain>
              </expression>
              <condition id="114">
                <code></code>
                <domain>MATH</domain>
              </condition>
              <result>0</result>
              <feedbackText>&lt;div&gt;&#xd;
&lt;div&gt;Incorrect. Cycle graphs always have Eulerian circuits, but wheel graphs don&apos;t. In $W_n$, the outer vertices have degree 3 (odd), preventing an Eulerian circuit.&lt;/div&gt;&#xd;
&lt;div&gt;Solution: All cycle graphs&lt;/div&gt;&#xd;
&lt;/div&gt;</feedbackText>
            </de.uni__due.s3.jack3.entities.stagetypes.mc.MCFeedback>
            <de.uni__due.s3.jack3.entities.stagetypes.mc.MCFeedback id="115">
              <feedback__order>3</feedback__order>
              <stage reference="10"/>
              <expression id="116">
                <code>![input=mcindex_0]&amp;&amp;[input=mcindex_1]&amp;&amp;[input=mcindex_2]</code>
                <domain>MATH</domain>
              </expression>
              <condition id="117">
                <code></code>
                <domain>MATH</domain>
              </condition>
              <result>0</result>
              <feedbackText>&lt;div&gt;&#xd;
&lt;div&gt;Incorrect. Neither complete graphs nor wheel graphs always have Eulerian circuits. $K_4$ has all odd degrees, and most wheel graphs have degree-3 outer vertices. Cycle graphs always work.&lt;/div&gt;&#xd;
&lt;div&gt;Solution: All cycle graphs&lt;/div&gt;&#xd;
&lt;/div&gt;</feedbackText>
            </de.uni__due.s3.jack3.entities.stagetypes.mc.MCFeedback>
            <de.uni__due.s3.jack3.entities.stagetypes.mc.MCFeedback id="118">
              <feedback__order>4</feedback__order>
              <stage reference="10"/>
              <expression id="119">
                <code>![input=mcindex_0]&amp;&amp;[input=mcindex_1]&amp;&amp;![input=mcindex_2]</code>
                <domain>MATH</domain>
              </expression>
              <condition id="120">
                <code></code>
                <domain>MATH</domain>
              </condition>
              <result>0</result>
              <feedbackText>&lt;div&gt;&#xd;
&lt;div&gt;Incorrect. Complete graphs don&apos;t always have Eulerian circuits. In $K_n$, each vertex has degree $n-1$. This is odd when $n$ is even (e.g., $K_4$). Cycle graphs always work.&lt;/div&gt;&#xd;
&lt;div&gt;Solution: All cycle graphs&lt;/div&gt;&#xd;
&lt;/div&gt;</feedbackText>
            </de.uni__due.s3.jack3.entities.stagetypes.mc.MCFeedback>
            <de.uni__due.s3.jack3.entities.stagetypes.mc.MCFeedback id="121">
              <feedback__order>5</feedback__order>
              <stage reference="10"/>
              <expression id="122">
                <code>![input=mcindex_0]&amp;&amp;![input=mcindex_1]&amp;&amp;[input=mcindex_2]</code>
                <domain>MATH</domain>
              </expression>
              <condition id="123">
                <code></code>
                <domain>MATH</domain>
              </condition>
              <result>0</result>
              <feedbackText>&lt;div&gt;&#xd;
&lt;div&gt;Incorrect. Wheel graphs don&apos;t always have Eulerian circuits. The outer vertices typically have degree 3 (odd). Cycle graphs always have Eulerian circuits.&lt;/div&gt;&#xd;
&lt;div&gt;Solution: All cycle graphs&lt;/div&gt;&#xd;
&lt;/div&gt;</feedbackText>
            </de.uni__due.s3.jack3.entities.stagetypes.mc.MCFeedback>
          </extraFeedbacks>
        </targetStage>
        <type>NEXT_OR_END</type>
        <extraWeight>0</extraWeight>
      </defaultTransition>
      <skipTransitions id="124"/>
      <stageTransitions id="125"/>
      <hints id="126"/>
      <variableUpdatesOnEnter id="127"/>
      <variableUpdatesBeforeCheck id="128"/>
      <variableUpdatesAfterCheck id="129"/>
      <variableUpdatesOnNormalExit id="130"/>
      <variableUpdatesOnRepeat id="131"/>
      <variableUpdatesOnSkip id="132"/>
      <weight>1</weight>
      <orderIndex>0</orderIndex>
      <allowSkip>true</allowSkip>
      <resources id="133"/>
      <answerOptions id="134">
        <MCAnswer id="135">
          <order>0</order>
          <rule>CORRECT</rule>
          <text>&lt;div&gt;The graph must be 2-connected&lt;/div&gt;</text>
          <variableName></variableName>
          <mcstage reference="5"/>
        </MCAnswer>
        <MCAnswer id="136">
          <order>1</order>
          <rule>CORRECT</rule>
          <text>&lt;div&gt;Every vertex must have degree at least 2&lt;/div&gt;</text>
          <variableName></variableName>
          <mcstage reference="5"/>
        </MCAnswer>
        <MCAnswer id="137">
          <order>2</order>
          <rule>WRONG</rule>
          <text>&lt;div&gt;The graph must be planar&lt;/div&gt;</text>
          <variableName></variableName>
          <mcstage reference="5"/>
        </MCAnswer>
      </answerOptions>
      <randomize>false</randomize>
      <correctAnswerFeedback>&lt;div&gt;Correct. A Hamiltonian cycle implies 2-connectivity (removing one vertex leaves the graph connected via the cycle). Each vertex needs degree at least 2 to enter and exit. Planarity is irrelevant.&lt;br&gt;Solution: The graph must be 2-connected and B) Every vertex must have degree at least 2&lt;/div&gt;</correctAnswerFeedback>
      <pointMode>MANUAL</pointMode>
      <feedbackDisplayMode>NEVER</feedbackDisplayMode>
      <defaultResult>0</defaultResult>
      <extraFeedbacks id="138">
        <de.uni__due.s3.jack3.entities.stagetypes.mc.MCFeedback id="139">
          <feedback__order>0</feedback__order>
          <stage reference="5"/>
          <expression id="140">
            <code>[input=mcindex_0]&amp;&amp;[input=mcindex_1]&amp;&amp;[input=mcindex_2]</code>
            <domain>MATH</domain>
          </expression>
          <condition id="141">
            <code></code>
            <domain>MATH</domain>
          </condition>
          <result>0</result>
          <feedbackText>&lt;div&gt;&#xd;
&lt;div&gt;Incorrect. While 2-connectivity and minimum degree 2 are necessary, planarity is not. $K_5$ is non-planar but has Hamiltonian cycles.&lt;/div&gt;&#xd;
&lt;div&gt;Solution: Solution: The graph must be 2-connected and B) Every vertex must have degree at least 2&lt;/div&gt;&#xd;
&lt;/div&gt;</feedbackText>
        </de.uni__due.s3.jack3.entities.stagetypes.mc.MCFeedback>
        <de.uni__due.s3.jack3.entities.stagetypes.mc.MCFeedback id="142">
          <feedback__order>1</feedback__order>
          <stage reference="5"/>
          <expression id="143">
            <code>[input=mcindex_0]&amp;&amp;[input=mcindex_1]&amp;&amp;![input=mcindex_2]</code>
            <domain>MATH</domain>
          </expression>
          <condition id="144">
            <code></code>
            <domain>MATH</domain>
          </condition>
          <result>0</result>
          <feedbackText>&lt;div&gt;&#xd;
&lt;div&gt;Correct. A Hamiltonian cycle implies 2-connectivity (removing one vertex leaves the graph connected via the cycle). Each vertex needs degree at least 2 to enter and exit. Planarity is irrelevant.&lt;/div&gt;&#xd;
&lt;div&gt;Solution: The graph must be 2-connected and B) Every vertex must have degree at least 2&lt;/div&gt;&#xd;
&lt;/div&gt;</feedbackText>
        </de.uni__due.s3.jack3.entities.stagetypes.mc.MCFeedback>
        <de.uni__due.s3.jack3.entities.stagetypes.mc.MCFeedback id="145">
          <feedback__order>2</feedback__order>
          <stage reference="5"/>
          <expression id="146">
            <code>[input=mcindex_0]&amp;&amp;![input=mcindex_1]&amp;&amp;[input=mcindex_2]</code>
            <domain>MATH</domain>
          </expression>
          <condition id="147">
            <code></code>
            <domain>MATH</domain>
          </condition>
          <result>0</result>
          <feedbackText>&lt;div&gt;&#xd;
&lt;div&gt;Incorrect. 2-connectivity is necessary, but planarity is not. You&apos;re also missing minimum degree 2, which is required for entering and exiting each vertex.&lt;/div&gt;&#xd;
&lt;div&gt;Solution: The graph must be 2-connected and B) Every vertex must have degree at least&amp;nbsp;&lt;/div&gt;&#xd;
&lt;/div&gt;</feedbackText>
        </de.uni__due.s3.jack3.entities.stagetypes.mc.MCFeedback>
        <de.uni__due.s3.jack3.entities.stagetypes.mc.MCFeedback id="148">
          <feedback__order>3</feedback__order>
          <stage reference="5"/>
          <expression id="149">
            <code>![input=mcindex_0]&amp;&amp;[input=mcindex_1]&amp;&amp;[input=mcindex_2]</code>
            <domain>MATH</domain>
          </expression>
          <condition id="150">
            <code></code>
            <domain>MATH</domain>
          </condition>
          <result>0</result>
          <feedbackText>&lt;div&gt;&#xd;
&lt;div&gt;Incorrect. Minimum degree 2 is necessary, but planarity is not. You&apos;re also missing 2-connectivity, which is guaranteed by a Hamiltonian cycle.&lt;/div&gt;&#xd;
&lt;div&gt;Solution: The graph must be 2-connected and B) Every vertex must have degree at least&amp;nbsp;&lt;/div&gt;&#xd;
&lt;/div&gt;</feedbackText>
        </de.uni__due.s3.jack3.entities.stagetypes.mc.MCFeedback>
        <de.uni__due.s3.jack3.entities.stagetypes.mc.MCFeedback id="151">
          <feedback__order>4</feedback__order>
          <stage reference="5"/>
          <expression id="152">
            <code>[input=mcindex_0]&amp;&amp;![input=mcindex_1]&amp;&amp;![input=mcindex_2]</code>
            <domain>MATH</domain>
          </expression>
          <condition id="153">
            <code></code>
            <domain>MATH</domain>
          </condition>
          <result>0</result>
          <feedbackText>&lt;div&gt;&#xd;
&lt;div&gt;Partially correct. 2-connectivity is necessary, but you&apos;re missing minimum degree 2. Each vertex must have degree at least 2 to be entered and exited in the cycle.&lt;/div&gt;&#xd;
&lt;div&gt;Solution: The graph must be 2-connected and B) Every vertex must have degree at least 2&lt;/div&gt;&#xd;
&lt;/div&gt;</feedbackText>
        </de.uni__due.s3.jack3.entities.stagetypes.mc.MCFeedback>
        <de.uni__due.s3.jack3.entities.stagetypes.mc.MCFeedback id="154">
          <feedback__order>5</feedback__order>
          <stage reference="5"/>
          <expression id="155">
            <code>![input=mcindex_0]&amp;&amp;[input=mcindex_1]&amp;&amp;![input=mcindex_2]</code>
            <domain>MATH</domain>
          </expression>
          <condition id="156">
            <code></code>
            <domain>MATH</domain>
          </condition>
          <result>0</result>
          <feedbackText>&lt;div&gt;&#xd;
&lt;div&gt;Partially correct. Minimum degree 2 is necessary, but you&apos;re missing 2-connectivity. A Hamiltonian cycle creates a spanning cycle, making the graph 2-connected.&lt;/div&gt;&#xd;
&lt;div&gt;Solution: The graph must be 2-connected and B) Every vertex must have degree at least 2&lt;/div&gt;&#xd;
&lt;/div&gt;</feedbackText>
        </de.uni__due.s3.jack3.entities.stagetypes.mc.MCFeedback>
        <de.uni__due.s3.jack3.entities.stagetypes.mc.MCFeedback id="157">
          <feedback__order>6</feedback__order>
          <stage reference="5"/>
          <expression id="158">
            <code>![input=mcindex_0]&amp;&amp;![input=mcindex_1]&amp;&amp;[input=mcindex_2]</code>
            <domain>MATH</domain>
          </expression>
          <condition id="159">
            <code></code>
            <domain>MATH</domain>
          </condition>
          <result>0</result>
          <feedbackText>&lt;div&gt;&#xd;
&lt;div&gt;Incorrect. Planarity is not a necessary condition. Many non-planar graphs have Hamiltonian cycles (e.g., $K_5$). You need 2-connectivity and minimum degree 2.&lt;/div&gt;&#xd;
&lt;div&gt;Solution: The graph must be 2-connected and B) Every vertex must have degree at least 2&lt;/div&gt;&#xd;
&lt;/div&gt;</feedbackText>
        </de.uni__due.s3.jack3.entities.stagetypes.mc.MCFeedback>
      </extraFeedbacks>
    </MCStage>
    <MCStage reference="10"/>
    <MCStage reference="15"/>
    <MCStage reference="20"/>
  </stages>
  <startStage class="MCStage" reference="5"/>
  <variableDeclarations id="160"/>
  <jSXGraphs id="161"/>
  <dynamicMolecules id="162"/>
  <resultFeedbackMappings id="163"/>
</Exercise>