<Exercise id="1">
  <name>1_AsymptoticNotation_1-8</name>
  <internalNotes></internalNotes>
  <language>en</language>
  <difficulty>0</difficulty>
  <tags id="2"/>
  <resources id="3"/>
  <stages id="4">
    <MCStage id="5">
      <internalName>#1</internalName>
      <externalName>Definition of Bound Notations 1</externalName>
      <taskDescription>&lt;div&gt;
&lt;p class=&quot;p1&quot;&gt;Provide the notation for asymptotic lower bounds.&lt;/p&gt;
&lt;/div&gt;</taskDescription>
      <feedbackRules id="6"/>
      <defaultTransition id="7">
        <conditionExpression id="8">
          <domain>MATH</domain>
        </conditionExpression>
        <stageExpression id="9">
          <domain>MATH</domain>
        </stageExpression>
        <targetStage class="MCStage" id="10">
          <internalName>#2</internalName>
          <externalName>Definition of Bound Notations 2</externalName>
          <taskDescription>&lt;p class=&quot;p1&quot;&gt;Provide the notation for strict asymptotic lower bounds.&lt;/p&gt;</taskDescription>
          <feedbackRules id="11"/>
          <defaultTransition id="12">
            <conditionExpression id="13">
              <domain>MATH</domain>
            </conditionExpression>
            <stageExpression id="14">
              <domain>MATH</domain>
            </stageExpression>
            <targetStage class="MCStage" id="15">
              <internalName>#3</internalName>
              <externalName>Definition of Bound Notations 3</externalName>
              <taskDescription>&lt;p class=&quot;p1&quot;&gt;Provide all notations for asymptotic lower bounds.&lt;/p&gt;</taskDescription>
              <feedbackRules id="16"/>
              <defaultTransition id="17">
                <conditionExpression id="18">
                  <domain>MATH</domain>
                </conditionExpression>
                <stageExpression id="19">
                  <domain>MATH</domain>
                </stageExpression>
                <targetStage class="MCStage" id="20">
                  <internalName>#4</internalName>
                  <externalName>Definition of Bound Notations 4</externalName>
                  <taskDescription>&lt;p class=&quot;p1&quot;&gt;Provide the notation for asymptotic upper bounds.&lt;/p&gt;</taskDescription>
                  <feedbackRules id="21"/>
                  <defaultTransition id="22">
                    <conditionExpression id="23">
                      <domain>MATH</domain>
                    </conditionExpression>
                    <stageExpression id="24">
                      <domain>MATH</domain>
                    </stageExpression>
                    <targetStage class="MCStage" id="25">
                      <internalName>#5</internalName>
                      <externalName>Definition of Bound Notations 5</externalName>
                      <taskDescription>&lt;p class=&quot;p1&quot;&gt;Provide the notation for strict asymptotic upper bounds.&lt;/p&gt;</taskDescription>
                      <feedbackRules id="26"/>
                      <defaultTransition id="27">
                        <conditionExpression id="28">
                          <domain>MATH</domain>
                        </conditionExpression>
                        <stageExpression id="29">
                          <domain>MATH</domain>
                        </stageExpression>
                        <targetStage class="MCStage" id="30">
                          <internalName>#6</internalName>
                          <externalName>Definition of Bound Notations 6</externalName>
                          <taskDescription>&lt;p class=&quot;p1&quot;&gt;Provide all notations for asymptotic lower bounds.&lt;/p&gt;</taskDescription>
                          <feedbackRules id="31"/>
                          <defaultTransition id="32">
                            <conditionExpression id="33">
                              <domain>MATH</domain>
                            </conditionExpression>
                            <stageExpression id="34">
                              <domain>MATH</domain>
                            </stageExpression>
                            <targetStage class="MCStage" id="35">
                              <internalName>#7</internalName>
                              <externalName>Definition of Bound Notations 7</externalName>
                              <taskDescription>&lt;div&gt;
&lt;p class=&quot;p1&quot;&gt;Provide the notation for bounds, which are both lower as well as upper&amp;nbsp;bounds.&lt;/p&gt;
&lt;/div&gt;</taskDescription>
                              <feedbackRules id="36"/>
                              <defaultTransition id="37">
                                <conditionExpression id="38">
                                  <domain>MATH</domain>
                                </conditionExpression>
                                <stageExpression id="39">
                                  <domain>MATH</domain>
                                </stageExpression>
                                <targetStage class="MCStage" id="40">
                                  <internalName>#8</internalName>
                                  <externalName>Definition of Bound Notations 8</externalName>
                                  <taskDescription>&lt;p class=&quot;p1&quot;&gt;Provide the notation asymptotical equivalence.&lt;/p&gt;</taskDescription>
                                  <feedbackRules id="41"/>
                                  <defaultTransition id="42">
                                    <conditionExpression id="43">
                                      <domain>MATH</domain>
                                    </conditionExpression>
                                    <stageExpression id="44">
                                      <domain>MATH</domain>
                                    </stageExpression>
                                    <type>NEXT_OR_END</type>
                                    <extraWeight>0</extraWeight>
                                  </defaultTransition>
                                  <skipTransitions id="45"/>
                                  <stageTransitions id="46"/>
                                  <hints id="47"/>
                                  <variableUpdatesOnEnter id="48"/>
                                  <variableUpdatesBeforeCheck id="49"/>
                                  <variableUpdatesAfterCheck id="50"/>
                                  <variableUpdatesOnNormalExit id="51"/>
                                  <variableUpdatesOnRepeat id="52"/>
                                  <variableUpdatesOnSkip id="53"/>
                                  <weight>1</weight>
                                  <orderIndex>7</orderIndex>
                                  <allowSkip>true</allowSkip>
                                  <resources id="54"/>
                                  <answerOptions id="55">
                                    <MCAnswer id="56">
                                      <order>0</order>
                                      <rule>WRONG</rule>
                                      <text>&lt;div&gt;$\Omega$&lt;/div&gt;</text>
                                      <variableName></variableName>
                                      <mcstage reference="40"/>
                                    </MCAnswer>
                                    <MCAnswer id="57">
                                      <order>1</order>
                                      <rule>WRONG</rule>
                                      <text>&lt;div&gt;$\omega$&lt;/div&gt;</text>
                                      <variableName></variableName>
                                      <mcstage reference="40"/>
                                    </MCAnswer>
                                    <MCAnswer id="58">
                                      <order>2</order>
                                      <rule>WRONG</rule>
                                      <text>&lt;div&gt;$\mathcal{O}$&lt;/div&gt;</text>
                                      <variableName></variableName>
                                      <mcstage reference="40"/>
                                    </MCAnswer>
                                    <MCAnswer id="59">
                                      <order>3</order>
                                      <rule>WRONG</rule>
                                      <text>&lt;div&gt;$o$&lt;/div&gt;</text>
                                      <variableName></variableName>
                                      <mcstage reference="40"/>
                                    </MCAnswer>
                                    <MCAnswer id="60">
                                      <order>4</order>
                                      <rule>WRONG</rule>
                                      <text>&lt;div&gt;$\Theta$&lt;/div&gt;</text>
                                      <variableName></variableName>
                                      <mcstage reference="40"/>
                                    </MCAnswer>
                                    <MCAnswer id="61">
                                      <order>5</order>
                                      <rule>CORRECT</rule>
                                      <text>&lt;div&gt;$\sim$&lt;/div&gt;</text>
                                      <variableName></variableName>
                                      <mcstage reference="40"/>
                                    </MCAnswer>
                                  </answerOptions>
                                  <randomize>true</randomize>
                                  <maxSelections>1</maxSelections>
                                  <correctAnswerFeedback>&lt;div&gt;Correct.&lt;!-- notionvc: 4ad7c4af-b853-43c0-a45b-21e46ed2e08c --&gt;&lt;/div&gt;</correctAnswerFeedback>
                                  <pointMode>MANUAL</pointMode>
                                  <feedbackDisplayMode>NON_RULE_BASED</feedbackDisplayMode>
                                  <defaultFeedback>&lt;div&gt;&#xd;
&lt;p&gt;Incorrect.&lt;/p&gt;&#xd;
&lt;p&gt;&amp;nbsp;&lt;/p&gt;&#xd;
&lt;p&gt;Solution: $\sim$&lt;/p&gt;&#xd;
&lt;!-- notionvc: 65001dc9-86d5-412d-83d3-06b02e356a54 --&gt;&lt;/div&gt;</defaultFeedback>
                                  <defaultResult>0</defaultResult>
                                  <extraFeedbacks id="62"/>
                                </targetStage>
                                <type>NEXT_OR_END</type>
                                <extraWeight>0</extraWeight>
                              </defaultTransition>
                              <skipTransitions id="63"/>
                              <stageTransitions id="64"/>
                              <hints id="65"/>
                              <variableUpdatesOnEnter id="66"/>
                              <variableUpdatesBeforeCheck id="67"/>
                              <variableUpdatesAfterCheck id="68"/>
                              <variableUpdatesOnNormalExit id="69"/>
                              <variableUpdatesOnRepeat id="70"/>
                              <variableUpdatesOnSkip id="71"/>
                              <weight>1</weight>
                              <orderIndex>6</orderIndex>
                              <allowSkip>true</allowSkip>
                              <resources id="72"/>
                              <answerOptions id="73">
                                <MCAnswer id="74">
                                  <order>0</order>
                                  <rule>WRONG</rule>
                                  <text>&lt;div&gt;$\Omega$&lt;/div&gt;</text>
                                  <variableName></variableName>
                                  <mcstage reference="35"/>
                                </MCAnswer>
                                <MCAnswer id="75">
                                  <order>1</order>
                                  <rule>WRONG</rule>
                                  <text>&lt;div&gt;$\omega$&lt;/div&gt;</text>
                                  <variableName></variableName>
                                  <mcstage reference="35"/>
                                </MCAnswer>
                                <MCAnswer id="76">
                                  <order>2</order>
                                  <rule>WRONG</rule>
                                  <text>&lt;div&gt;$\mathcal{O}$&lt;/div&gt;</text>
                                  <variableName></variableName>
                                  <mcstage reference="35"/>
                                </MCAnswer>
                                <MCAnswer id="77">
                                  <order>3</order>
                                  <rule>WRONG</rule>
                                  <text>&lt;div&gt;$o$&lt;/div&gt;</text>
                                  <variableName></variableName>
                                  <mcstage reference="35"/>
                                </MCAnswer>
                                <MCAnswer id="78">
                                  <order>4</order>
                                  <rule>CORRECT</rule>
                                  <text>&lt;div&gt;$\Theta$&lt;/div&gt;</text>
                                  <variableName></variableName>
                                  <mcstage reference="35"/>
                                </MCAnswer>
                                <MCAnswer id="79">
                                  <order>5</order>
                                  <rule>WRONG</rule>
                                  <text>&lt;div&gt;$\sim$&lt;/div&gt;</text>
                                  <variableName></variableName>
                                  <mcstage reference="35"/>
                                </MCAnswer>
                              </answerOptions>
                              <randomize>true</randomize>
                              <maxSelections>1</maxSelections>
                              <correctAnswerFeedback>&lt;div&gt;Correct.&lt;!-- notionvc: 4ad7c4af-b853-43c0-a45b-21e46ed2e08c --&gt;&lt;/div&gt;</correctAnswerFeedback>
                              <pointMode>MANUAL</pointMode>
                              <feedbackDisplayMode>NON_RULE_BASED</feedbackDisplayMode>
                              <defaultFeedback>&lt;div&gt;&#xd;
&lt;p&gt;Incorrect.&lt;/p&gt;&#xd;
&lt;p&gt;&amp;nbsp;&lt;/p&gt;&#xd;
&lt;p&gt;Solution: $\Theta$&lt;/p&gt;&#xd;
&lt;!-- notionvc: 65001dc9-86d5-412d-83d3-06b02e356a54 --&gt;&lt;/div&gt;</defaultFeedback>
                              <defaultResult>0</defaultResult>
                              <extraFeedbacks id="80"/>
                            </targetStage>
                            <type>NEXT_OR_END</type>
                            <extraWeight>0</extraWeight>
                          </defaultTransition>
                          <skipTransitions id="81"/>
                          <stageTransitions id="82"/>
                          <hints id="83"/>
                          <variableUpdatesOnEnter id="84"/>
                          <variableUpdatesBeforeCheck id="85"/>
                          <variableUpdatesAfterCheck id="86"/>
                          <variableUpdatesOnNormalExit id="87"/>
                          <variableUpdatesOnRepeat id="88"/>
                          <variableUpdatesOnSkip id="89"/>
                          <weight>1</weight>
                          <orderIndex>5</orderIndex>
                          <allowSkip>true</allowSkip>
                          <resources id="90"/>
                          <answerOptions id="91">
                            <MCAnswer id="92">
                              <order>0</order>
                              <rule>WRONG</rule>
                              <text>&lt;div&gt;$\Omega$&lt;/div&gt;</text>
                              <variableName></variableName>
                              <mcstage reference="30"/>
                            </MCAnswer>
                            <MCAnswer id="93">
                              <order>1</order>
                              <rule>WRONG</rule>
                              <text>&lt;div&gt;$\omega$&lt;/div&gt;</text>
                              <variableName></variableName>
                              <mcstage reference="30"/>
                            </MCAnswer>
                            <MCAnswer id="94">
                              <order>2</order>
                              <rule>CORRECT</rule>
                              <text>&lt;div&gt;$\mathcal{O}$&lt;/div&gt;</text>
                              <variableName></variableName>
                              <mcstage reference="30"/>
                            </MCAnswer>
                            <MCAnswer id="95">
                              <order>3</order>
                              <rule>CORRECT</rule>
                              <text>&lt;div&gt;$o$&lt;/div&gt;</text>
                              <variableName></variableName>
                              <mcstage reference="30"/>
                            </MCAnswer>
                            <MCAnswer id="96">
                              <order>4</order>
                              <rule>WRONG</rule>
                              <text>&lt;div&gt;$\Theta$&lt;/div&gt;</text>
                              <variableName></variableName>
                              <mcstage reference="30"/>
                            </MCAnswer>
                            <MCAnswer id="97">
                              <order>5</order>
                              <rule>WRONG</rule>
                              <text>&lt;div&gt;$\sim$&lt;/div&gt;</text>
                              <variableName></variableName>
                              <mcstage reference="30"/>
                            </MCAnswer>
                          </answerOptions>
                          <randomize>true</randomize>
                          <correctAnswerFeedback>&lt;div&gt;Correct.&lt;!-- notionvc: 4ad7c4af-b853-43c0-a45b-21e46ed2e08c --&gt;&lt;/div&gt;</correctAnswerFeedback>
                          <pointMode>MANUAL</pointMode>
                          <feedbackDisplayMode>NON_RULE_BASED</feedbackDisplayMode>
                          <defaultFeedback>&lt;div&gt;&#xd;
&lt;p&gt;Incorrect.&lt;/p&gt;&#xd;
&lt;p&gt;&amp;nbsp;&lt;/p&gt;&#xd;
&lt;p&gt;Solution:&lt;/p&gt;&#xd;
&lt;ul&gt;&#xd;
&lt;li&gt;$\mathcal{O}$&lt;/li&gt;&#xd;
&lt;li&gt;$o$&lt;/li&gt;&#xd;
&lt;/ul&gt;&#xd;
&lt;!-- notionvc: 65001dc9-86d5-412d-83d3-06b02e356a54 --&gt;&lt;/div&gt;</defaultFeedback>
                          <defaultResult>0</defaultResult>
                          <extraFeedbacks id="98"/>
                        </targetStage>
                        <type>NEXT_OR_END</type>
                        <extraWeight>0</extraWeight>
                      </defaultTransition>
                      <skipTransitions id="99"/>
                      <stageTransitions id="100"/>
                      <hints id="101"/>
                      <variableUpdatesOnEnter id="102"/>
                      <variableUpdatesBeforeCheck id="103"/>
                      <variableUpdatesAfterCheck id="104"/>
                      <variableUpdatesOnNormalExit id="105"/>
                      <variableUpdatesOnRepeat id="106"/>
                      <variableUpdatesOnSkip id="107"/>
                      <weight>1</weight>
                      <orderIndex>4</orderIndex>
                      <allowSkip>true</allowSkip>
                      <resources id="108"/>
                      <answerOptions id="109">
                        <MCAnswer id="110">
                          <order>0</order>
                          <rule>WRONG</rule>
                          <text>&lt;div&gt;$\Omega$&lt;/div&gt;</text>
                          <variableName></variableName>
                          <mcstage reference="25"/>
                        </MCAnswer>
                        <MCAnswer id="111">
                          <order>1</order>
                          <rule>WRONG</rule>
                          <text>&lt;div&gt;$\omega$&lt;/div&gt;</text>
                          <variableName></variableName>
                          <mcstage reference="25"/>
                        </MCAnswer>
                        <MCAnswer id="112">
                          <order>2</order>
                          <rule>WRONG</rule>
                          <text>&lt;div&gt;$\mathcal{O}$&lt;/div&gt;</text>
                          <variableName></variableName>
                          <mcstage reference="25"/>
                        </MCAnswer>
                        <MCAnswer id="113">
                          <order>3</order>
                          <rule>CORRECT</rule>
                          <text>&lt;div&gt;$o$&lt;/div&gt;</text>
                          <variableName></variableName>
                          <mcstage reference="25"/>
                        </MCAnswer>
                        <MCAnswer id="114">
                          <order>4</order>
                          <rule>WRONG</rule>
                          <text>&lt;div&gt;$\Theta$&lt;/div&gt;</text>
                          <variableName></variableName>
                          <mcstage reference="25"/>
                        </MCAnswer>
                        <MCAnswer id="115">
                          <order>5</order>
                          <rule>WRONG</rule>
                          <text>&lt;div&gt;$\sim$&lt;/div&gt;</text>
                          <variableName></variableName>
                          <mcstage reference="25"/>
                        </MCAnswer>
                      </answerOptions>
                      <randomize>true</randomize>
                      <maxSelections>1</maxSelections>
                      <correctAnswerFeedback>&lt;div&gt;Correct.&lt;!-- notionvc: 4ad7c4af-b853-43c0-a45b-21e46ed2e08c --&gt;&lt;/div&gt;</correctAnswerFeedback>
                      <pointMode>MANUAL</pointMode>
                      <feedbackDisplayMode>NON_RULE_BASED</feedbackDisplayMode>
                      <defaultFeedback>&lt;div&gt;&#xd;
&lt;p&gt;Incorrect.&lt;/p&gt;&#xd;
&lt;p&gt;&amp;nbsp;&lt;/p&gt;&#xd;
&lt;p&gt;Solution: $o$&lt;/p&gt;&#xd;
&lt;!-- notionvc: 65001dc9-86d5-412d-83d3-06b02e356a54 --&gt;&lt;/div&gt;</defaultFeedback>
                      <defaultResult>0</defaultResult>
                      <extraFeedbacks id="116"/>
                    </targetStage>
                    <type>NEXT_OR_END</type>
                    <extraWeight>0</extraWeight>
                  </defaultTransition>
                  <skipTransitions id="117"/>
                  <stageTransitions id="118"/>
                  <hints id="119"/>
                  <variableUpdatesOnEnter id="120"/>
                  <variableUpdatesBeforeCheck id="121"/>
                  <variableUpdatesAfterCheck id="122"/>
                  <variableUpdatesOnNormalExit id="123"/>
                  <variableUpdatesOnRepeat id="124"/>
                  <variableUpdatesOnSkip id="125"/>
                  <weight>1</weight>
                  <orderIndex>3</orderIndex>
                  <allowSkip>true</allowSkip>
                  <resources id="126"/>
                  <answerOptions id="127">
                    <MCAnswer id="128">
                      <order>0</order>
                      <rule>WRONG</rule>
                      <text>&lt;div&gt;$\Omega$&lt;/div&gt;</text>
                      <variableName></variableName>
                      <mcstage reference="20"/>
                    </MCAnswer>
                    <MCAnswer id="129">
                      <order>1</order>
                      <rule>WRONG</rule>
                      <text>&lt;div&gt;$\omega$&lt;/div&gt;</text>
                      <variableName></variableName>
                      <mcstage reference="20"/>
                    </MCAnswer>
                    <MCAnswer id="130">
                      <order>2</order>
                      <rule>CORRECT</rule>
                      <text>&lt;div&gt;$\mathcal{O}$&lt;/div&gt;</text>
                      <variableName></variableName>
                      <mcstage reference="20"/>
                    </MCAnswer>
                    <MCAnswer id="131">
                      <order>3</order>
                      <rule>WRONG</rule>
                      <text>&lt;div&gt;$o$&lt;/div&gt;</text>
                      <variableName></variableName>
                      <mcstage reference="20"/>
                    </MCAnswer>
                    <MCAnswer id="132">
                      <order>4</order>
                      <rule>WRONG</rule>
                      <text>&lt;div&gt;$\Theta$&lt;/div&gt;</text>
                      <variableName></variableName>
                      <mcstage reference="20"/>
                    </MCAnswer>
                    <MCAnswer id="133">
                      <order>5</order>
                      <rule>WRONG</rule>
                      <text>&lt;div&gt;$\sim$&lt;/div&gt;</text>
                      <variableName></variableName>
                      <mcstage reference="20"/>
                    </MCAnswer>
                  </answerOptions>
                  <randomize>true</randomize>
                  <maxSelections>1</maxSelections>
                  <correctAnswerFeedback>&lt;div&gt;Correct.&lt;!-- notionvc: 4ad7c4af-b853-43c0-a45b-21e46ed2e08c --&gt;&lt;/div&gt;</correctAnswerFeedback>
                  <pointMode>MANUAL</pointMode>
                  <feedbackDisplayMode>NON_RULE_BASED</feedbackDisplayMode>
                  <defaultFeedback>&lt;div&gt;&#xd;
&lt;p&gt;Incorrect.&lt;/p&gt;&#xd;
&lt;p&gt;&amp;nbsp;&lt;/p&gt;&#xd;
&lt;p&gt;Solution: $\mathcal{O}$&lt;/p&gt;&#xd;
&lt;!-- notionvc: 65001dc9-86d5-412d-83d3-06b02e356a54 --&gt;&lt;/div&gt;</defaultFeedback>
                  <defaultResult>0</defaultResult>
                  <extraFeedbacks id="134"/>
                </targetStage>
                <type>NEXT_OR_END</type>
                <extraWeight>0</extraWeight>
              </defaultTransition>
              <skipTransitions id="135"/>
              <stageTransitions id="136"/>
              <hints id="137"/>
              <variableUpdatesOnEnter id="138"/>
              <variableUpdatesBeforeCheck id="139"/>
              <variableUpdatesAfterCheck id="140"/>
              <variableUpdatesOnNormalExit id="141"/>
              <variableUpdatesOnRepeat id="142"/>
              <variableUpdatesOnSkip id="143"/>
              <weight>1</weight>
              <orderIndex>2</orderIndex>
              <allowSkip>true</allowSkip>
              <resources id="144"/>
              <answerOptions id="145">
                <MCAnswer id="146">
                  <order>0</order>
                  <rule>CORRECT</rule>
                  <text>&lt;div&gt;$\Omega$&lt;/div&gt;</text>
                  <variableName></variableName>
                  <mcstage reference="15"/>
                </MCAnswer>
                <MCAnswer id="147">
                  <order>1</order>
                  <rule>CORRECT</rule>
                  <text>&lt;div&gt;$\omega$&lt;/div&gt;</text>
                  <variableName></variableName>
                  <mcstage reference="15"/>
                </MCAnswer>
                <MCAnswer id="148">
                  <order>2</order>
                  <rule>WRONG</rule>
                  <text>&lt;div&gt;$\mathcal{O}$&lt;/div&gt;</text>
                  <variableName></variableName>
                  <mcstage reference="15"/>
                </MCAnswer>
                <MCAnswer id="149">
                  <order>3</order>
                  <rule>WRONG</rule>
                  <text>&lt;div&gt;$o$&lt;/div&gt;</text>
                  <variableName></variableName>
                  <mcstage reference="15"/>
                </MCAnswer>
                <MCAnswer id="150">
                  <order>4</order>
                  <rule>WRONG</rule>
                  <text>&lt;div&gt;$\Theta$&lt;/div&gt;</text>
                  <variableName></variableName>
                  <mcstage reference="15"/>
                </MCAnswer>
                <MCAnswer id="151">
                  <order>5</order>
                  <rule>WRONG</rule>
                  <text>&lt;div&gt;$\sim$&lt;/div&gt;</text>
                  <variableName></variableName>
                  <mcstage reference="15"/>
                </MCAnswer>
              </answerOptions>
              <randomize>true</randomize>
              <correctAnswerFeedback>&lt;div&gt;Correct.&lt;!-- notionvc: 4ad7c4af-b853-43c0-a45b-21e46ed2e08c --&gt;&lt;/div&gt;</correctAnswerFeedback>
              <pointMode>MANUAL</pointMode>
              <feedbackDisplayMode>NON_RULE_BASED</feedbackDisplayMode>
              <defaultFeedback>&lt;div&gt;&#xd;
&lt;p&gt;Incorrect.&lt;/p&gt;&#xd;
&lt;p&gt;&amp;nbsp;&lt;/p&gt;&#xd;
&lt;p&gt;Solution:&lt;/p&gt;&#xd;
&lt;ul&gt;&#xd;
&lt;li&gt;$\Omega$&lt;/li&gt;&#xd;
&lt;li&gt;&#xd;
&lt;div&gt;$\omega$&lt;/div&gt;&#xd;
&lt;/li&gt;&#xd;
&lt;/ul&gt;&#xd;
&lt;!-- notionvc: 65001dc9-86d5-412d-83d3-06b02e356a54 --&gt;&lt;/div&gt;</defaultFeedback>
              <defaultResult>0</defaultResult>
              <extraFeedbacks id="152"/>
            </targetStage>
            <type>NEXT_OR_END</type>
            <extraWeight>0</extraWeight>
          </defaultTransition>
          <skipTransitions id="153"/>
          <stageTransitions id="154"/>
          <hints id="155"/>
          <variableUpdatesOnEnter id="156"/>
          <variableUpdatesBeforeCheck id="157"/>
          <variableUpdatesAfterCheck id="158"/>
          <variableUpdatesOnNormalExit id="159"/>
          <variableUpdatesOnRepeat id="160"/>
          <variableUpdatesOnSkip id="161"/>
          <weight>1</weight>
          <orderIndex>1</orderIndex>
          <allowSkip>true</allowSkip>
          <resources id="162"/>
          <answerOptions id="163">
            <MCAnswer id="164">
              <order>0</order>
              <rule>WRONG</rule>
              <text>&lt;div&gt;$\Omega$&lt;/div&gt;</text>
              <variableName></variableName>
              <mcstage reference="10"/>
            </MCAnswer>
            <MCAnswer id="165">
              <order>1</order>
              <rule>CORRECT</rule>
              <text>&lt;div&gt;$\omega$&lt;/div&gt;</text>
              <variableName></variableName>
              <mcstage reference="10"/>
            </MCAnswer>
            <MCAnswer id="166">
              <order>2</order>
              <rule>WRONG</rule>
              <text>&lt;div&gt;$\mathcal{O}$&lt;/div&gt;</text>
              <variableName></variableName>
              <mcstage reference="10"/>
            </MCAnswer>
            <MCAnswer id="167">
              <order>3</order>
              <rule>WRONG</rule>
              <text>&lt;div&gt;$o$&lt;/div&gt;</text>
              <variableName></variableName>
              <mcstage reference="10"/>
            </MCAnswer>
            <MCAnswer id="168">
              <order>4</order>
              <rule>WRONG</rule>
              <text>&lt;div&gt;$\Theta$&lt;/div&gt;</text>
              <variableName></variableName>
              <mcstage reference="10"/>
            </MCAnswer>
            <MCAnswer id="169">
              <order>5</order>
              <rule>WRONG</rule>
              <text>&lt;div&gt;$\sim$&lt;/div&gt;</text>
              <variableName></variableName>
              <mcstage reference="10"/>
            </MCAnswer>
          </answerOptions>
          <randomize>true</randomize>
          <maxSelections>1</maxSelections>
          <correctAnswerFeedback>&lt;div&gt;Correct.&lt;!-- notionvc: 4ad7c4af-b853-43c0-a45b-21e46ed2e08c --&gt;&lt;/div&gt;</correctAnswerFeedback>
          <pointMode>MANUAL</pointMode>
          <feedbackDisplayMode>NON_RULE_BASED</feedbackDisplayMode>
          <defaultFeedback>&lt;div&gt;&#xd;
&lt;p&gt;Incorrect.&lt;/p&gt;&#xd;
&lt;p&gt;&amp;nbsp;&lt;/p&gt;&#xd;
&lt;p&gt;Solution: $\omega$&lt;/p&gt;&#xd;
&lt;!-- notionvc: 65001dc9-86d5-412d-83d3-06b02e356a54 --&gt;&lt;/div&gt;</defaultFeedback>
          <defaultResult>0</defaultResult>
          <extraFeedbacks id="170"/>
        </targetStage>
        <type>NEXT_OR_END</type>
        <extraWeight>0</extraWeight>
      </defaultTransition>
      <skipTransitions id="171"/>
      <stageTransitions id="172"/>
      <hints id="173"/>
      <variableUpdatesOnEnter id="174"/>
      <variableUpdatesBeforeCheck id="175"/>
      <variableUpdatesAfterCheck id="176"/>
      <variableUpdatesOnNormalExit id="177"/>
      <variableUpdatesOnRepeat id="178"/>
      <variableUpdatesOnSkip id="179"/>
      <weight>1</weight>
      <orderIndex>0</orderIndex>
      <allowSkip>true</allowSkip>
      <resources id="180"/>
      <answerOptions id="181">
        <MCAnswer id="182">
          <order>0</order>
          <rule>CORRECT</rule>
          <text>&lt;div&gt;$\Omega$&lt;/div&gt;</text>
          <variableName></variableName>
          <mcstage reference="5"/>
        </MCAnswer>
        <MCAnswer id="183">
          <order>1</order>
          <rule>WRONG</rule>
          <text>&lt;div&gt;$\omega$&lt;/div&gt;</text>
          <variableName></variableName>
          <mcstage reference="5"/>
        </MCAnswer>
        <MCAnswer id="184">
          <order>2</order>
          <rule>WRONG</rule>
          <text>&lt;div&gt;$\mathcal{O}$&lt;/div&gt;</text>
          <variableName></variableName>
          <mcstage reference="5"/>
        </MCAnswer>
        <MCAnswer id="185">
          <order>3</order>
          <rule>WRONG</rule>
          <text>&lt;div&gt;$o$&lt;/div&gt;</text>
          <variableName></variableName>
          <mcstage reference="5"/>
        </MCAnswer>
        <MCAnswer id="186">
          <order>4</order>
          <rule>WRONG</rule>
          <text>&lt;div&gt;$\Theta$&lt;/div&gt;</text>
          <variableName></variableName>
          <mcstage reference="5"/>
        </MCAnswer>
        <MCAnswer id="187">
          <order>5</order>
          <rule>WRONG</rule>
          <text>&lt;div&gt;$\sim$&lt;/div&gt;</text>
          <variableName></variableName>
          <mcstage reference="5"/>
        </MCAnswer>
      </answerOptions>
      <randomize>true</randomize>
      <maxSelections>1</maxSelections>
      <correctAnswerFeedback>&lt;div&gt;Correct.&lt;!-- notionvc: 4ad7c4af-b853-43c0-a45b-21e46ed2e08c --&gt;&lt;/div&gt;</correctAnswerFeedback>
      <pointMode>MANUAL</pointMode>
      <feedbackDisplayMode>NON_RULE_BASED</feedbackDisplayMode>
      <defaultFeedback>&lt;div&gt;&#xd;
&lt;p&gt;Incorrect.&lt;/p&gt;&#xd;
&lt;p&gt;&amp;nbsp;&lt;/p&gt;&#xd;
&lt;p&gt;Solution: $\Omega$&lt;/p&gt;&#xd;
&lt;!-- notionvc: 65001dc9-86d5-412d-83d3-06b02e356a54 --&gt;&lt;/div&gt;</defaultFeedback>
      <defaultResult>0</defaultResult>
      <extraFeedbacks id="188"/>
    </MCStage>
    <MCStage reference="10"/>
    <MCStage reference="15"/>
    <MCStage reference="20"/>
    <MCStage reference="25"/>
    <MCStage reference="30"/>
    <MCStage reference="35"/>
    <MCStage reference="40"/>
  </stages>
  <startStage class="MCStage" reference="5"/>
  <variableDeclarations id="189"/>
  <jSXGraphs id="190"/>
  <dynamicMolecules id="191"/>
  <resultFeedbackMappings id="192"/>
</Exercise>