<Exercise id="1">
  <name>Find Hamiltonian Paths</name>
  <internalNotes></internalNotes>
  <language>en</language>
  <difficulty>0</difficulty>
  <tags id="2"/>
  <resources id="3"/>
  <stages id="4">
    <DNDVisibleZonesStage id="5">
      <internalName>#1</internalName>
      <externalName>Subtask 1</externalName>
      <taskDescription>&lt;div&gt;[var=graph]&lt;/div&gt;
&lt;div&gt;Please provide a hamiltonian path of this graph by draging the names of the edges into the correct order.
Start at node [var=start_node]. If there is no hamiltonian path in this graph, leave the box empty.&lt;/div&gt;
        </taskDescription>
      <feedbackRules id="6">
        <FeedbackRule id="7">
          <name>Feedback </name>
          <orderIndex>1</orderIndex>
          <validationExpression id="8">
            <code>1</code>
            <domain>MATH</domain>
          </validationExpression>
          <feedbackText>&lt;div&gt;Incorrect.&lt;/div&gt;&lt;div&gt; &lt;/div&gt;&lt;div&gt;Solution: [var=feedback_solutions]&lt;/div&gt;</feedbackText>
          <points>0</points>
          <terminal>false</terminal>
          <fieldsToBeMarked id="9"/>
        </FeedbackRule>
        <FeedbackRule id="10">
          <name>Feedback </name>
          <orderIndex>0</orderIndex>
          <validationExpression id="11">
            <code>evaluateInR(&quot;any(sapply([var=active_solutions], identical, y = [input=dropArea1]))&quot;)</code>
            <domain>MATH</domain>
          </validationExpression>
          <feedbackText>&lt;div&gt;Correct.&lt;/div&gt;</feedbackText>
          <points>0</points>
          <terminal>true</terminal>
          <fieldsToBeMarked id="12"/>
        </FeedbackRule>
      </feedbackRules>
      <defaultTransition id="13">
        <conditionExpression id="14">
          <domain>MATH</domain>
        </conditionExpression>
        <stageExpression id="15">
          <domain>MATH</domain>
        </stageExpression>
        <type>NEXT_OR_END</type>
        <extraWeight>0</extraWeight>
      </defaultTransition>
      <skipTransitions id="16"/>
      <stageTransitions id="17"/>
      <hints id="18"/>
      <variableUpdatesOnEnter id="19"/>
      <variableUpdatesBeforeCheck id="20"/>
      <variableUpdatesAfterCheck id="21"/>
      <variableUpdatesOnNormalExit id="22"/>
      <variableUpdatesOnRepeat id="23"/>
      <variableUpdatesOnSkip id="24"/>
      <weight>1</weight>
      <orderIndex>0</orderIndex>
      <allowSkip>false</allowSkip>
      <resources id="25"/>
      <imageURL></imageURL>
      <imageWidth>0</imageWidth>
      <imageHeight>0</imageHeight>
      <resizeImageProportionally>true</resizeImageProportionally>
      <draggables id="26">
        <DNDVisibleZonesDraggable id="27">
          <variableName>o</variableName>
          <htmlContent>&lt;div&gt;o&lt;/div&gt;</htmlContent>
          <numberOfDraggables>1</numberOfDraggables>
          <infiniteDraggables>false</infiniteDraggables>
          <dndVisibleZonesStage reference="5"/>
        </DNDVisibleZonesDraggable>
        <DNDVisibleZonesDraggable id="28">
          <variableName>l</variableName>
          <htmlContent>&lt;div&gt;l&lt;/div&gt;</htmlContent>
          <numberOfDraggables>1</numberOfDraggables>
          <infiniteDraggables>false</infiniteDraggables>
          <dndVisibleZonesStage reference="5"/>
        </DNDVisibleZonesDraggable>
        <DNDVisibleZonesDraggable id="29">
          <variableName>k</variableName>
          <htmlContent>&lt;div&gt;k&lt;/div&gt;</htmlContent>
          <numberOfDraggables>1</numberOfDraggables>
          <infiniteDraggables>false</infiniteDraggables>
          <dndVisibleZonesStage reference="5"/>
        </DNDVisibleZonesDraggable>
        <DNDVisibleZonesDraggable id="30">
          <variableName>n</variableName>
          <htmlContent>&lt;div&gt;n&lt;/div&gt;</htmlContent>
          <numberOfDraggables>1</numberOfDraggables>
          <infiniteDraggables>false</infiniteDraggables>
          <dndVisibleZonesStage reference="5"/>
        </DNDVisibleZonesDraggable>
        <DNDVisibleZonesDraggable id="31">
          <variableName>m</variableName>
          <htmlContent>&lt;div&gt;m&lt;/div&gt;</htmlContent>
          <numberOfDraggables>1</numberOfDraggables>
          <infiniteDraggables>false</infiniteDraggables>
          <dndVisibleZonesStage reference="5"/>
        </DNDVisibleZonesDraggable>
        <DNDVisibleZonesDraggable id="32">
          <variableName>b</variableName>
          <htmlContent>&lt;div&gt;b&lt;/div&gt;</htmlContent>
          <numberOfDraggables>1</numberOfDraggables>
          <infiniteDraggables>false</infiniteDraggables>
          <dndVisibleZonesStage reference="5"/>
        </DNDVisibleZonesDraggable>
        <DNDVisibleZonesDraggable id="33">
          <variableName>a</variableName>
          <htmlContent>&lt;div&gt;a&lt;/div&gt;</htmlContent>
          <numberOfDraggables>1</numberOfDraggables>
          <infiniteDraggables>false</infiniteDraggables>
          <dndVisibleZonesStage reference="5"/>
        </DNDVisibleZonesDraggable>
        <DNDVisibleZonesDraggable id="34">
          <variableName>h</variableName>
          <htmlContent>&lt;div&gt;h&lt;/div&gt;</htmlContent>
          <numberOfDraggables>1</numberOfDraggables>
          <infiniteDraggables>false</infiniteDraggables>
          <dndVisibleZonesStage reference="5"/>
        </DNDVisibleZonesDraggable>
        <DNDVisibleZonesDraggable id="35">
          <variableName>g</variableName>
          <htmlContent>&lt;div&gt;g&lt;/div&gt;</htmlContent>
          <numberOfDraggables>1</numberOfDraggables>
          <infiniteDraggables>false</infiniteDraggables>
          <dndVisibleZonesStage reference="5"/>
        </DNDVisibleZonesDraggable>
        <DNDVisibleZonesDraggable id="36">
          <variableName>j</variableName>
          <htmlContent>&lt;div&gt;j&lt;/div&gt;</htmlContent>
          <numberOfDraggables>1</numberOfDraggables>
          <infiniteDraggables>false</infiniteDraggables>
          <dndVisibleZonesStage reference="5"/>
        </DNDVisibleZonesDraggable>
        <DNDVisibleZonesDraggable id="37">
          <variableName>i</variableName>
          <htmlContent>&lt;div&gt;i&lt;/div&gt;</htmlContent>
          <numberOfDraggables>1</numberOfDraggables>
          <infiniteDraggables>false</infiniteDraggables>
          <dndVisibleZonesStage reference="5"/>
        </DNDVisibleZonesDraggable>
        <DNDVisibleZonesDraggable id="38">
          <variableName>d</variableName>
          <htmlContent>&lt;div&gt;d&lt;/div&gt;</htmlContent>
          <numberOfDraggables>1</numberOfDraggables>
          <infiniteDraggables>false</infiniteDraggables>
          <dndVisibleZonesStage reference="5"/>
        </DNDVisibleZonesDraggable>
        <DNDVisibleZonesDraggable id="39">
          <variableName>c</variableName>
          <htmlContent>&lt;div&gt;c&lt;/div&gt;</htmlContent>
          <numberOfDraggables>1</numberOfDraggables>
          <infiniteDraggables>false</infiniteDraggables>
          <dndVisibleZonesStage reference="5"/>
        </DNDVisibleZonesDraggable>
        <DNDVisibleZonesDraggable id="40">
          <variableName>f</variableName>
          <htmlContent>&lt;div&gt;f&lt;/div&gt;</htmlContent>
          <numberOfDraggables>1</numberOfDraggables>
          <infiniteDraggables>false</infiniteDraggables>
          <dndVisibleZonesStage reference="5"/>
        </DNDVisibleZonesDraggable>
        <DNDVisibleZonesDraggable id="41">
          <variableName>e</variableName>
          <htmlContent>&lt;div&gt;e&lt;/div&gt;</htmlContent>
          <numberOfDraggables>1</numberOfDraggables>
          <infiniteDraggables>false</infiniteDraggables>
          <dndVisibleZonesStage reference="5"/>
        </DNDVisibleZonesDraggable>
      </draggables>
      <dropAreas id="42">
        <DNDVisibleZonesDropArea id="43">
          <variableName>dropArea1</variableName>
          <width>400</width>
          <height>50</height>
          <xPosition>0</xPosition>
          <yPosition>0</yPosition>
          <numberOfDraggables>1</numberOfDraggables>
          <infiniteDraggables>true</infiniteDraggables>
          <label></label>
          <backgroundColor>ffffff</backgroundColor>
          <borderColor>004c93</borderColor>
          <horizontalDraggableAlignment>true</horizontalDraggableAlignment>
          <dndVisibleZonesStage reference="5"/>
        </DNDVisibleZonesDropArea>
      </dropAreas>
      <shuffleDraggables>false</shuffleDraggables>
    </DNDVisibleZonesStage>
  </stages>
  <startStage class="DNDVisibleZonesStage" reference="5"/>
  <variableDeclarations id="44">
    <VariableDeclaration id="45">
      <name>all_solutions</name>
      <initializationCode id="46">
        <code>list(list(list(&apos;a&apos;,&apos;d&apos;,&apos;e&apos;),list(&apos;b&apos;,&apos;e&apos;,&apos;d&apos;)),list(list(&apos;a&apos;,&apos;d&apos;,&apos;f&apos;),list(&apos;a&apos;,&apos;e&apos;,&apos;f&apos;),list(&apos;b&apos;,&apos;f&apos;,&apos;d&apos;),list(&apos;b&apos;,&apos;e&apos;,&apos;d&apos;),list(&apos;c&apos;,&apos;d&apos;,&apos;e&apos;),list(&apos;c&apos;,&apos;f&apos;,&apos;e&apos;)),list(list(&apos;a&apos;,&apos;d&apos;,&apos;f&apos;,&apos;h&apos;),list(&apos;a&apos;,&apos;d&apos;,&apos;g&apos;,&apos;h&apos;),list(&apos;a&apos;,&apos;e&apos;,&apos;f&apos;,&apos;g&apos;),list(&apos;a&apos;,&apos;e&apos;,&apos;h&apos;,&apos;g&apos;),list(&apos;b&apos;,&apos;e&apos;,&apos;d&apos;,&apos;g&apos;),list(&apos;b&apos;,&apos;h&apos;,&apos;g&apos;,&apos;d&apos;),list(&apos;c&apos;,&apos;d&apos;,&apos;e&apos;,&apos;h&apos;),list(&apos;c&apos;,&apos;g&apos;,&apos;h&apos;,&apos;e&apos;)),list(list(&apos;a&apos;,&apos;e&apos;,&apos;m&apos;,&apos;i&apos;,&apos;k&apos;,&apos;n&apos;,&apos;o&apos;),list(&apos;a&apos;,&apos;e&apos;,&apos;m&apos;,&apos;i&apos;,&apos;l&apos;,&apos;o&apos;,&apos;n&apos;),list(&apos;a&apos;,&apos;f&apos;,&apos;n&apos;,&apos;o&apos;,&apos;l&apos;,&apos;h&apos;,&apos;m&apos;),list(&apos;a&apos;,&apos;f&apos;,&apos;n&apos;,&apos;o&apos;,&apos;l&apos;,&apos;i&apos;,&apos;m&apos;),list(&apos;b&apos;,&apos;e&apos;,&apos;f&apos;,&apos;n&apos;,&apos;o&apos;,&apos;l&apos;,&apos;i&apos;),list(&apos;b&apos;,&apos;m&apos;,&apos;i&apos;,&apos;d&apos;,&apos;f&apos;,&apos;n&apos;,&apos;o&apos;),list(&apos;b&apos;,&apos;m&apos;,&apos;i&apos;,&apos;k&apos;,&apos;f&apos;,&apos;g&apos;,&apos;o&apos;),list(&apos;b&apos;,&apos;m&apos;,&apos;i&apos;,&apos;l&apos;,&apos;o&apos;,&apos;n&apos;,&apos;f&apos;),list(&apos;b&apos;,&apos;m&apos;,&apos;i&apos;,&apos;l&apos;,&apos;o&apos;,&apos;g&apos;,&apos;f&apos;),list(&apos;c&apos;,&apos;i&apos;,&apos;m&apos;,&apos;e&apos;,&apos;f&apos;,&apos;n&apos;,&apos;o&apos;),list(&apos;c&apos;,&apos;l&apos;,&apos;o&apos;,&apos;n&apos;,&apos;f&apos;,&apos;e&apos;,&apos;m&apos;)),list(list(&apos;b&apos;,&apos;j&apos;,&apos;i&apos;,&apos;e&apos;,&apos;g&apos;),list(&apos;c&apos;,&apos;i&apos;,&apos;j&apos;,&apos;f&apos;,&apos;g&apos;),list(&apos;d&apos;,&apos;g&apos;,&apos;e&apos;,&apos;h&apos;,&apos;j&apos;),list(&apos;d&apos;,&apos;g&apos;,&apos;e&apos;,&apos;i&apos;,&apos;j&apos;),list(&apos;d&apos;,&apos;g&apos;,&apos;f&apos;,&apos;h&apos;,&apos;i&apos;),list(&apos;d&apos;,&apos;g&apos;,&apos;f&apos;,&apos;j&apos;,&apos;i&apos;)),list(list(&apos;a&apos;,&apos;f&apos;,&apos;g&apos;),list(&apos;b&apos;,&apos;f&apos;,&apos;g&apos;),list(&apos;c&apos;,&apos;g&apos;,&apos;f&apos;),list(&apos;d&apos;,&apos;g&apos;,&apos;f&apos;)),list(list()),list(list(&apos;a&apos;,&apos;c&apos;,&apos;f&apos;,&apos;i&apos;,&apos;k&apos;),list(&apos;a&apos;,&apos;c&apos;,&apos;f&apos;,&apos;j&apos;,&apos;k&apos;),list(&apos;a&apos;,&apos;c&apos;,&apos;g&apos;,&apos;i&apos;,&apos;j&apos;),list(&apos;a&apos;,&apos;c&apos;,&apos;g&apos;,&apos;k&apos;,&apos;j&apos;),list(&apos;a&apos;,&apos;c&apos;,&apos;h&apos;,&apos;j&apos;,&apos;i&apos;),list(&apos;a&apos;,&apos;c&apos;,&apos;h&apos;,&apos;k&apos;,&apos;i&apos;),list(&apos;a&apos;,&apos;d&apos;,&apos;f&apos;,&apos;g&apos;,&apos;k&apos;),list(&apos;a&apos;,&apos;d&apos;,&apos;f&apos;,&apos;h&apos;,&apos;k&apos;),list(&apos;a&apos;,&apos;d&apos;,&apos;i&apos;,&apos;g&apos;,&apos;h&apos;),list(&apos;a&apos;,&apos;d&apos;,&apos;i&apos;,&apos;k&apos;,&apos;h&apos;),list(&apos;a&apos;,&apos;d&apos;,&apos;j&apos;,&apos;h&apos;,&apos;g&apos;),list(&apos;a&apos;,&apos;d&apos;,&apos;j&apos;,&apos;k&apos;,&apos;g&apos;),list(&apos;a&apos;,&apos;e&apos;,&apos;h&apos;,&apos;f&apos;,&apos;i&apos;),list(&apos;a&apos;,&apos;e&apos;,&apos;h&apos;,&apos;g&apos;,&apos;i&apos;),list(&apos;a&apos;,&apos;e&apos;,&apos;j&apos;,&apos;f&apos;,&apos;g&apos;),list(&apos;a&apos;,&apos;e&apos;,&apos;j&apos;,&apos;i&apos;,&apos;g&apos;),list(&apos;a&apos;,&apos;e&apos;,&apos;k&apos;,&apos;i&apos;,&apos;f&apos;),list(&apos;a&apos;,&apos;e&apos;,&apos;k&apos;,&apos;g&apos;,&apos;f&apos;),list(&apos;b&apos;,&apos;i&apos;,&apos;f&apos;,&apos;c&apos;,&apos;e&apos;),list(&apos;b&apos;,&apos;i&apos;,&apos;f&apos;,&apos;h&apos;,&apos;e&apos;),list(&apos;b&apos;,&apos;i&apos;,&apos;d&apos;,&apos;c&apos;,&apos;h&apos;),list(&apos;b&apos;,&apos;i&apos;,&apos;d&apos;,&apos;e&apos;,&apos;h&apos;),list(&apos;b&apos;,&apos;i&apos;,&apos;j&apos;,&apos;e&apos;,&apos;c&apos;),list(&apos;b&apos;,&apos;i&apos;,&apos;j&apos;,&apos;h&apos;,&apos;c&apos;),list(&apos;b&apos;,&apos;g&apos;,&apos;c&apos;,&apos;d&apos;,&apos;j&apos;),list(&apos;b&apos;,&apos;g&apos;,&apos;c&apos;,&apos;e&apos;,&apos;j&apos;),list(&apos;b&apos;,&apos;g&apos;,&apos;f&apos;,&apos;d&apos;,&apos;e&apos;),list(&apos;b&apos;,&apos;g&apos;,&apos;f&apos;,&apos;j&apos;,&apos;e&apos;),list(&apos;b&apos;,&apos;g&apos;,&apos;h&apos;,&apos;e&apos;,&apos;d&apos;),list(&apos;b&apos;,&apos;g&apos;,&apos;h&apos;,&apos;j&apos;,&apos;d&apos;),list(&apos;b&apos;,&apos;k&apos;,&apos;e&apos;,&apos;c&apos;,&apos;f&apos;),list(&apos;b&apos;,&apos;k&apos;,&apos;e&apos;,&apos;d&apos;,&apos;f&apos;),list(&apos;b&apos;,&apos;k&apos;,&apos;h&apos;,&apos;c&apos;,&apos;d&apos;),list(&apos;b&apos;,&apos;k&apos;,&apos;h&apos;,&apos;f&apos;,&apos;d&apos;),list(&apos;b&apos;,&apos;k&apos;,&apos;j&apos;,&apos;f&apos;,&apos;c&apos;),list(&apos;b&apos;,&apos;k&apos;,&apos;j&apos;,&apos;d&apos;,&apos;c&apos;)))</code>
        <domain>MATH</domain>
      </initializationCode>
    </VariableDeclaration>
    <VariableDeclaration id="47">
      <name>variant</name>
      <initializationCode id="48">
        <code>randomIntegerBetween(0,sizeOfList([var=all_solutions]) - 1)</code>
        <domain>MATH</domain>
      </initializationCode>
    </VariableDeclaration>
    <VariableDeclaration id="49">
      <name>active_solutions</name>
      <initializationCode id="50">
        <code>getFromList([var=variant], [var=all_solutions])</code>
        <domain>MATH</domain>
      </initializationCode>
    </VariableDeclaration>
    <VariableDeclaration id="51">
      <name>graphs</name>
      <initializationCode id="52">
        <code>list(&quot;&lt;img src=data:image/svg+xml,%3Csvg%20width%3D%27328pt%27%20height%3D%27316pt%27%20viewBox%3D%270.00%200.00%20327.63%20316.07%27%20xmlns%3D%27http://www.w3.org/2000/svg%27%20xmlns:xlink%3D%27http://www.w3.org/1999/xlink%27%3E%20%3Cg%20id%3D%27graph0%27%20class%3D%27graph%27%20transform%3D%27scale(1%201)%20rotate(0)%20translate(4%20312.07)%27%3E%20%3Cpolygon%20fill%3D%27white%27%20stroke%3D%27none%27%20points%3D%27-4,4%20-4,-312.07%20323.63,-312.07%20323.63,4%20-4,4%27/%3E%20%3C%21--%201%20--%3E%20%3Cg%20id%3D%27node1%27%20class%3D%27node%27%3E%20%3Ctitle%3E1%3C/title%3E%20%3Cellipse%20fill%3D%27none%27%20stroke%3D%27black%27%20stroke-width%3D%274%27%20cx%3D%2727%27%20cy%3D%27-114.38%27%20rx%3D%2727%27%20ry%3D%2727%27/%3E%20%3Ctext%20text-anchor%3D%27middle%27%20x%3D%2727%27%20y%3D%27-117.58%27%20font-family%3D%27Times,serif%27%20font-size%3D%2714.00%27%3EA%3C/text%3E%20%3Ctext%20text-anchor%3D%27middle%27%20x%3D%2727%27%20y%3D%27-101.08%27%20font-family%3D%27Times,serif%27%20font-size%3D%2714.00%27%3E(Start)%3C/text%3E%20%3C/g%3E%20%3C%21--%202%20--%3E%20%3Cg%20id%3D%27node2%27%20class%3D%27node%27%3E%20%3Ctitle%3E2%3C/title%3E%20%3Cellipse%20fill%3D%27none%27%20stroke%3D%27black%27%20cx%3D%27292.63%27%20cy%3D%27-113.21%27%20rx%3D%2727%27%20ry%3D%2727%27/%3E%20%3Ctext%20text-anchor%3D%27middle%27%20x%3D%27292.63%27%20y%3D%27-108.16%27%20font-family%3D%27Times,serif%27%20font-size%3D%2714.00%27%3EB%3C/text%3E%20%3C/g%3E%20%3C%21--%201%26%2345%3B%26%2345%3B2%20--%3E%20%3Cg%20id%3D%27edge1%27%20class%3D%27edge%27%3E%20%3Ctitle%3E1%26%2345%3B%26%2345%3B2%3C/title%3E%20%3Cpath%20fill%3D%27none%27%20stroke%3D%27black%27%20d%3D%27M55.93,-114.25C107.57,-114.03%20214.89,-113.56%20265.33,-113.33%27/%3E%20%3Ctext%20text-anchor%3D%27middle%27%20x%3D%2769.5%27%20y%3D%27-102.81%27%20font-family%3D%27Times,serif%27%20font-size%3D%2714.00%27%3Ea%3C/text%3E%20%3C/g%3E%20%3C%21--%203%20--%3E%20%3Cg%20id%3D%27node3%27%20class%3D%27node%27%3E%20%3Ctitle%3E3%3C/title%3E%20%3Cellipse%20fill%3D%27none%27%20stroke%3D%27black%27%20cx%3D%27144.09%27%20cy%3D%27-27%27%20rx%3D%2727%27%20ry%3D%2727%27/%3E%20%3Ctext%20text-anchor%3D%27middle%27%20x%3D%27144.09%27%20y%3D%27-21.95%27%20font-family%3D%27Times,serif%27%20font-size%3D%2714.00%27%3EC%3C/text%3E%20%3C/g%3E%20%3C%21--%201%26%2345%3B%26%2345%3B3%20--%3E%20%3Cg%20id%3D%27edge3%27%20class%3D%27edge%27%3E%20%3Ctitle%3E1%26%2345%3B%26%2345%3B3%3C/title%3E%20%3Cpath%20fill%3D%27none%27%20stroke%3D%27black%27%20d%3D%27M50.13,-97.12C71.06,-81.5%20101.65,-58.67%20122.19,-43.34%27/%3E%20%3Ctext%20text-anchor%3D%27middle%27%20x%3D%2757.24%27%20y%3D%27-78.86%27%20font-family%3D%27Times,serif%27%20font-size%3D%2714.00%27%3Ec%3C/text%3E%20%3C/g%3E%20%3C%21--%204%20--%3E%20%3Cg%20id%3D%27node4%27%20class%3D%27node%27%3E%20%3Ctitle%3E4%3C/title%3E%20%3Cellipse%20fill%3D%27none%27%20stroke%3D%27black%27%20cx%3D%2761.85%27%20cy%3D%27-281.07%27%20rx%3D%2727%27%20ry%3D%2727%27/%3E%20%3Ctext%20text-anchor%3D%27middle%27%20x%3D%2761.85%27%20y%3D%27-276.02%27%20font-family%3D%27Times,serif%27%20font-size%3D%2714.00%27%3ED%3C/text%3E%20%3C/g%3E%20%3C%21--%201%26%2345%3B%26%2345%3B4%20--%3E%20%3Cg%20id%3D%27edge2%27%20class%3D%27edge%27%3E%20%3Ctitle%3E1%26%2345%3B%26%2345%3B4%3C/title%3E%20%3Cpath%20fill%3D%27none%27%20stroke%3D%27black%27%20d%3D%27M32.91,-142.66C39.44,-173.87%2049.86,-223.72%2056.26,-254.31%27/%3E%20%3Ctext%20text-anchor%3D%27middle%27%20x%3D%2741.9%27%20y%3D%27-149.62%27%20font-family%3D%27Times,serif%27%20font-size%3D%2714.00%27%3Eb%3C/text%3E%20%3C/g%3E%20%3C%21--%202%26%2345%3B%26%2345%3B3%20--%3E%20%3Cg%20id%3D%27edge4%27%20class%3D%27edge%27%3E%20%3Ctitle%3E2%26%2345%3B%26%2345%3B3%3C/title%3E%20%3Cpath%20fill%3D%27none%27%20stroke%3D%27black%27%20d%3D%27M269.09,-99.55C241.28,-83.41%20195.28,-56.71%20167.51,-40.6%27/%3E%20%3Ctext%20text-anchor%3D%27middle%27%20x%3D%27254.15%27%20y%3D%27-93.16%27%20font-family%3D%27Times,serif%27%20font-size%3D%2714.00%27%3Ed%3C/text%3E%20%3C/g%3E%20%3C%21--%203%26%2345%3B%26%2345%3B4%20--%3E%20%3Cg%20id%3D%27edge5%27%20class%3D%27edge%27%3E%20%3Ctitle%3E3%26%2345%3B%26%2345%3B4%3C/title%3E%20%3Cpath%20fill%3D%27none%27%20stroke%3D%27black%27%20d%3D%27M135.75,-52.76C119.99,-101.45%2085.99,-206.49%2070.21,-255.24%27/%3E%20%3Ctext%20text-anchor%3D%27middle%27%20x%3D%27137.59%27%20y%3D%27-62.6%27%20font-family%3D%27Times,serif%27%20font-size%3D%2714.00%27%3Ee%3C/text%3E%20%3C/g%3E%20%3C/g%3E%20%3C/svg%3E&gt;&quot;,&quot;&lt;img src=data:image/svg+xml,%3Csvg%20width%3D%27322pt%27%20height%3D%27323pt%27%20viewBox%3D%270.00%200.00%20322.47%20322.70%27%20xmlns%3D%27http://www.w3.org/2000/svg%27%20xmlns:xlink%3D%27http://www.w3.org/1999/xlink%27%3E%20%3Cg%20id%3D%27graph0%27%20class%3D%27graph%27%20transform%3D%27scale(1%201)%20rotate(0)%20translate(4%20318.7)%27%3E%20%3Cpolygon%20fill%3D%27white%27%20stroke%3D%27none%27%20points%3D%27-4,4%20-4,-318.7%20318.47,-318.7%20318.47,4%20-4,4%27/%3E%20%3C%21--%201%20--%3E%20%3Cg%20id%3D%27node1%27%20class%3D%27node%27%3E%20%3Ctitle%3E1%3C/title%3E%20%3Cellipse%20fill%3D%27none%27%20stroke%3D%27black%27%20stroke-width%3D%274%27%20cx%3D%2727%27%20cy%3D%27-138.03%27%20rx%3D%2727%27%20ry%3D%2727%27/%3E%20%3Ctext%20text-anchor%3D%27middle%27%20x%3D%2727%27%20y%3D%27-141.23%27%20font-family%3D%27Times,serif%27%20font-size%3D%2714.00%27%3EA%3C/text%3E%20%3Ctext%20text-anchor%3D%27middle%27%20x%3D%2727%27%20y%3D%27-124.73%27%20font-family%3D%27Times,serif%27%20font-size%3D%2714.00%27%3E(Start)%3C/text%3E%20%3C/g%3E%20%3C%21--%202%20--%3E%20%3Cg%20id%3D%27node2%27%20class%3D%27node%27%3E%20%3Ctitle%3E2%3C/title%3E%20%3Cellipse%20fill%3D%27none%27%20stroke%3D%27black%27%20cx%3D%27287.47%27%20cy%3D%27-176.58%27%20rx%3D%2727%27%20ry%3D%2727%27/%3E%20%3Ctext%20text-anchor%3D%27middle%27%20x%3D%27287.47%27%20y%3D%27-171.53%27%20font-family%3D%27Times,serif%27%20font-size%3D%2714.00%27%3EB%3C/text%3E%20%3C/g%3E%20%3C%21--%201%26%2345%3B%26%2345%3B2%20--%3E%20%3Cg%20id%3D%27edge1%27%20class%3D%27edge%27%3E%20%3Ctitle%3E1%26%2345%3B%26%2345%3B2%3C/title%3E%20%3Cpath%20fill%3D%27none%27%20stroke%3D%27black%27%20d%3D%27M55.37,-142.23C105.87,-149.7%20210.69,-165.22%20260.31,-172.56%27/%3E%20%3Ctext%20text-anchor%3D%27middle%27%20x%3D%2769.75%27%20y%3D%27-132.9%27%20font-family%3D%27Times,serif%27%20font-size%3D%2714.00%27%3Ea%3C/text%3E%20%3C/g%3E%20%3C%21--%203%20--%3E%20%3Cg%20id%3D%27node3%27%20class%3D%27node%27%3E%20%3Ctitle%3E3%3C/title%3E%20%3Cellipse%20fill%3D%27none%27%20stroke%3D%27black%27%20cx%3D%27176.4%27%20cy%3D%27-27%27%20rx%3D%2727%27%20ry%3D%2727%27/%3E%20%3Ctext%20text-anchor%3D%27middle%27%20x%3D%27176.4%27%20y%3D%27-21.95%27%20font-family%3D%27Times,serif%27%20font-size%3D%2714.00%27%3EC%3C/text%3E%20%3C/g%3E%20%3C%21--%201%26%2345%3B%26%2345%3B3%20--%3E%20%3Cg%20id%3D%27edge3%27%20class%3D%27edge%27%3E%20%3Ctitle%3E1%26%2345%3B%26%2345%3B3%3C/title%3E%20%3Cpath%20fill%3D%27none%27%20stroke%3D%27black%27%20d%3D%27M50.02,-120.92C78.5,-99.75%20126.65,-63.97%20154.57,-43.22%27/%3E%20%3Ctext%20text-anchor%3D%27middle%27%20x%3D%2757.15%27%20y%3D%27-102.68%27%20font-family%3D%27Times,serif%27%20font-size%3D%2714.00%27%3Ec%3C/text%3E%20%3C/g%3E%20%3C%21--%204%20--%3E%20%3Cg%20id%3D%27node4%27%20class%3D%27node%27%3E%20%3Ctitle%3E4%3C/title%3E%20%3Cellipse%20fill%3D%27none%27%20stroke%3D%27black%27%20cx%3D%27137.8%27%20cy%3D%27-287.7%27%20rx%3D%2727%27%20ry%3D%2727%27/%3E%20%3Ctext%20text-anchor%3D%27middle%27%20x%3D%27137.8%27%20y%3D%27-282.65%27%20font-family%3D%27Times,serif%27%20font-size%3D%2714.00%27%3ED%3C/text%3E%20%3C/g%3E%20%3C%21--%201%26%2345%3B%26%2345%3B4%20--%3E%20%3Cg%20id%3D%27edge2%27%20class%3D%27edge%27%3E%20%3Ctitle%3E1%26%2345%3B%26%2345%3B4%3C/title%3E%20%3Cpath%20fill%3D%27none%27%20stroke%3D%27black%27%20d%3D%27M44.07,-161.09C65.19,-189.62%20100.9,-237.86%20121.61,-265.83%27/%3E%20%3Ctext%20text-anchor%3D%27middle%27%20x%3D%2757.25%27%20y%3D%27-163.19%27%20font-family%3D%27Times,serif%27%20font-size%3D%2714.00%27%3Eb%3C/text%3E%20%3C/g%3E%20%3C%21--%202%26%2345%3B%26%2345%3B3%20--%3E%20%3Cg%20id%3D%27edge4%27%20class%3D%27edge%27%3E%20%3Ctitle%3E2%26%2345%3B%26%2345%3B3%3C/title%3E%20%3Cpath%20fill%3D%27none%27%20stroke%3D%27black%27%20d%3D%27M271.08,-154.51C249.96,-126.07%20213.47,-76.93%20192.49,-48.68%27/%3E%20%3Ctext%20text-anchor%3D%27middle%27%20x%3D%27257.88%27%20y%3D%27-142.33%27%20font-family%3D%27Times,serif%27%20font-size%3D%2714.00%27%3Ed%3C/text%3E%20%3C/g%3E%20%3C%21--%202%26%2345%3B%26%2345%3B4%20--%3E%20%3Cg%20id%3D%27edge5%27%20class%3D%27edge%27%3E%20%3Ctitle%3E2%26%2345%3B%26%2345%3B4%3C/title%3E%20%3Cpath%20fill%3D%27none%27%20stroke%3D%27black%27%20d%3D%27M265.7,-192.74C237.33,-213.81%20187.97,-250.45%20159.59,-271.52%27/%3E%20%3Ctext%20text-anchor%3D%27middle%27%20x%3D%27258.57%27%20y%3D%27-200.88%27%20font-family%3D%27Times,serif%27%20font-size%3D%2714.00%27%3Ee%3C/text%3E%20%3C/g%3E%20%3C%21--%203%26%2345%3B%26%2345%3B4%20--%3E%20%3Cg%20id%3D%27edge6%27%20class%3D%27edge%27%3E%20%3Ctitle%3E3%26%2345%3B%26%2345%3B4%3C/title%3E%20%3Cpath%20fill%3D%27none%27%20stroke%3D%27black%27%20d%3D%27M172.41,-53.92C165.02,-103.87%20149.24,-210.4%20141.82,-260.54%27/%3E%20%3Ctext%20text-anchor%3D%27middle%27%20x%3D%27176.69%27%20y%3D%27-63.24%27%20font-family%3D%27Times,serif%27%20font-size%3D%2714.00%27%3Ef%3C/text%3E%20%3C/g%3E%20%3C/g%3E%20%3C/svg%3E&gt;&quot;,&quot;&lt;img src=data:image/svg+xml,%3Csvg%20width%3D%27271pt%27%20height%3D%27364pt%27%20viewBox%3D%270.00%200.00%20270.94%20364.13%27%20xmlns%3D%27http://www.w3.org/2000/svg%27%20xmlns:xlink%3D%27http://www.w3.org/1999/xlink%27%3E%20%3Cg%20id%3D%27graph0%27%20class%3D%27graph%27%20transform%3D%27scale(1%201)%20rotate(0)%20translate(4%20360.13)%27%3E%20%3Cpolygon%20fill%3D%27white%27%20stroke%3D%27none%27%20points%3D%27-4,4%20-4,-360.13%20266.94,-360.13%20266.94,4%20-4,4%27/%3E%20%3C%21--%201%20--%3E%20%3Cg%20id%3D%27node1%27%20class%3D%27node%27%3E%20%3Ctitle%3E1%3C/title%3E%20%3Cellipse%20fill%3D%27none%27%20stroke%3D%27black%27%20stroke-width%3D%274%27%20cx%3D%2727%27%20cy%3D%27-94.93%27%20rx%3D%2727%27%20ry%3D%2727%27/%3E%20%3Ctext%20text-anchor%3D%27middle%27%20x%3D%2727%27%20y%3D%27-98.13%27%20font-family%3D%27Times,serif%27%20font-size%3D%2714.00%27%3EA%3C/text%3E%20%3Ctext%20text-anchor%3D%27middle%27%20x%3D%2727%27%20y%3D%27-81.63%27%20font-family%3D%27Times,serif%27%20font-size%3D%2714.00%27%3E(Start)%3C/text%3E%20%3C/g%3E%20%3C%21--%202%20--%3E%20%3Cg%20id%3D%27node2%27%20class%3D%27node%27%3E%20%3Ctitle%3E2%3C/title%3E%20%3Cellipse%20fill%3D%27none%27%20stroke%3D%27black%27%20cx%3D%27153.72%27%20cy%3D%27-27%27%20rx%3D%2727%27%20ry%3D%2727%27/%3E%20%3Ctext%20text-anchor%3D%27middle%27%20x%3D%27153.72%27%20y%3D%27-21.95%27%20font-family%3D%27Times,serif%27%20font-size%3D%2714.00%27%3EB%3C/text%3E%20%3C/g%3E%20%3C%21--%201%26%2345%3B%26%2345%3B2%20--%3E%20%3Cg%20id%3D%27edge1%27%20class%3D%27edge%27%3E%20%3Ctitle%3E1%26%2345%3B%26%2345%3B2%3C/title%3E%20%3Cpath%20fill%3D%27none%27%20stroke%3D%27black%27%20d%3D%27M52.34,-81.34C74.87,-69.26%20107.59,-51.73%20129.71,-39.87%27/%3E%20%3Ctext%20text-anchor%3D%27middle%27%20x%3D%2761.33%27%20y%3D%27-64.28%27%20font-family%3D%27Times,serif%27%20font-size%3D%2714.00%27%3Ea%3C/text%3E%20%3C/g%3E%20%3C%21--%203%20--%3E%20%3Cg%20id%3D%27node3%27%20class%3D%27node%27%3E%20%3Ctitle%3E3%3C/title%3E%20%3Cellipse%20fill%3D%27none%27%20stroke%3D%27black%27%20cx%3D%27221%27%20cy%3D%27-156.93%27%20rx%3D%2727%27%20ry%3D%2727%27/%3E%20%3Ctext%20text-anchor%3D%27middle%27%20x%3D%27221%27%20y%3D%27-151.88%27%20font-family%3D%27Times,serif%27%20font-size%3D%2714.00%27%3EC%3C/text%3E%20%3C/g%3E%20%3C%21--%201%26%2345%3B%26%2345%3B3%20--%3E%20%3Cg%20id%3D%27edge3%27%20class%3D%27edge%27%3E%20%3Ctitle%3E1%26%2345%3B%26%2345%3B3%3C/title%3E%20%3Cpath%20fill%3D%27none%27%20stroke%3D%27black%27%20d%3D%27M54.38,-103.68C91.77,-115.63%20158.34,-136.9%20194.99,-148.62%27/%3E%20%3Ctext%20text-anchor%3D%27middle%27%20x%3D%2769.26%27%20y%3D%27-96.73%27%20font-family%3D%27Times,serif%27%20font-size%3D%2714.00%27%3Ec%3C/text%3E%20%3C/g%3E%20%3C%21--%204%20--%3E%20%3Cg%20id%3D%27node4%27%20class%3D%27node%27%3E%20%3Ctitle%3E4%3C/title%3E%20%3Cellipse%20fill%3D%27none%27%20stroke%3D%27black%27%20cx%3D%2798.21%27%20cy%3D%27-223.39%27%20rx%3D%2727%27%20ry%3D%2727%27/%3E%20%3Ctext%20text-anchor%3D%27middle%27%20x%3D%2798.21%27%20y%3D%27-218.34%27%20font-family%3D%27Times,serif%27%20font-size%3D%2714.00%27%3ED%3C/text%3E%20%3C/g%3E%20%3C%21--%201%26%2345%3B%26%2345%3B4%20--%3E%20%3Cg%20id%3D%27edge2%27%20class%3D%27edge%27%3E%20%3Ctitle%3E1%26%2345%3B%26%2345%3B4%3C/title%3E%20%3Cpath%20fill%3D%27none%27%20stroke%3D%27black%27%20d%3D%27M40.9,-120C53.69,-143.07%2072.52,-177.05%2085.07,-199.68%27/%3E%20%3Ctext%20text-anchor%3D%27middle%27%20x%3D%2753.03%27%20y%3D%27-123.77%27%20font-family%3D%27Times,serif%27%20font-size%3D%2714.00%27%3Eb%3C/text%3E%20%3C/g%3E%20%3C%21--%202%26%2345%3B%26%2345%3B3%20--%3E%20%3Cg%20id%3D%27edge4%27%20class%3D%27edge%27%3E%20%3Ctitle%3E2%26%2345%3B%26%2345%3B3%3C/title%3E%20%3Cpath%20fill%3D%27none%27%20stroke%3D%27black%27%20d%3D%27M166.22,-51.13C178.3,-74.47%20196.51,-109.63%20208.57,-132.92%27/%3E%20%3Ctext%20text-anchor%3D%27middle%27%20x%3D%27178.1%27%20y%3D%27-55.24%27%20font-family%3D%27Times,serif%27%20font-size%3D%2714.00%27%3Ed%3C/text%3E%20%3C/g%3E%20%3C%21--%202%26%2345%3B%26%2345%3B4%20--%3E%20%3Cg%20id%3D%27edge5%27%20class%3D%27edge%27%3E%20%3Ctitle%3E2%26%2345%3B%26%2345%3B4%3C/title%3E%20%3Cpath%20fill%3D%27none%27%20stroke%3D%27black%27%20d%3D%27M146.35,-53.08C135.73,-90.64%20116.25,-159.58%20105.61,-197.2%27/%3E%20%3Ctext%20text-anchor%3D%27middle%27%20x%3D%27148.75%27%20y%3D%27-62.84%27%20font-family%3D%27Times,serif%27%20font-size%3D%2714.00%27%3Ee%3C/text%3E%20%3C/g%3E%20%3C%21--%203%26%2345%3B%26%2345%3B4%20--%3E%20%3Cg%20id%3D%27edge6%27%20class%3D%27edge%27%3E%20%3Ctitle%3E3%26%2345%3B%26%2345%3B4%3C/title%3E%20%3Cpath%20fill%3D%27none%27%20stroke%3D%27black%27%20d%3D%27M197.03,-169.9C175.4,-181.61%20143.73,-198.75%20122.12,-210.45%27/%3E%20%3Ctext%20text-anchor%3D%27middle%27%20x%3D%27188.09%27%20y%3D%27-176.9%27%20font-family%3D%27Times,serif%27%20font-size%3D%2714.00%27%3Ef%3C/text%3E%20%3C/g%3E%20%3C%21--%205%20--%3E%20%3Cg%20id%3D%27node5%27%20class%3D%27node%27%3E%20%3Ctitle%3E5%3C/title%3E%20%3Cellipse%20fill%3D%27none%27%20stroke%3D%27black%27%20cx%3D%27235.94%27%20cy%3D%27-329.13%27%20rx%3D%2727%27%20ry%3D%2727%27/%3E%20%3Ctext%20text-anchor%3D%27middle%27%20x%3D%27235.94%27%20y%3D%27-324.08%27%20font-family%3D%27Times,serif%27%20font-size%3D%2714.00%27%3EE%3C/text%3E%20%3C/g%3E%20%3C%21--%203%26%2345%3B%26%2345%3B5%20--%3E%20%3Cg%20id%3D%27edge7%27%20class%3D%27edge%27%3E%20%3Ctitle%3E3%26%2345%3B%26%2345%3B5%3C/title%3E%20%3Cpath%20fill%3D%27none%27%20stroke%3D%27black%27%20d%3D%27M223.37,-184.21C226.16,-216.46%20230.79,-269.78%20233.58,-301.97%27/%3E%20%3Ctext%20text-anchor%3D%27middle%27%20x%3D%27230.86%27%20y%3D%27-192.16%27%20font-family%3D%27Times,serif%27%20font-size%3D%2714.00%27%3Eg%3C/text%3E%20%3C/g%3E%20%3C%21--%204%26%2345%3B%26%2345%3B5%20--%3E%20%3Cg%20id%3D%27edge8%27%20class%3D%27edge%27%3E%20%3Ctitle%3E4%26%2345%3B%26%2345%3B5%3C/title%3E%20%3Cpath%20fill%3D%27none%27%20stroke%3D%27black%27%20d%3D%27M119.73,-239.91C145.61,-259.78%20188.77,-292.91%20214.57,-312.72%27/%3E%20%3Ctext%20text-anchor%3D%27middle%27%20x%3D%27134.38%27%20y%3D%27-238.11%27%20font-family%3D%27Times,serif%27%20font-size%3D%2714.00%27%3Eh%3C/text%3E%20%3C/g%3E%20%3C/g%3E%20%3C/svg%3E&gt;&quot;,&quot;&lt;img src=data:image/svg+xml,%3Csvg%20width%3D%27424pt%27%20height%3D%27401pt%27%20viewBox%3D%270.00%200.00%20424.15%20401.05%27%20xmlns%3D%27http://www.w3.org/2000/svg%27%20xmlns:xlink%3D%27http://www.w3.org/1999/xlink%27%3E%20%3Cg%20id%3D%27graph0%27%20class%3D%27graph%27%20transform%3D%27scale(1%201)%20rotate(0)%20translate(4%20397.05)%27%3E%20%3Cpolygon%20fill%3D%27white%27%20stroke%3D%27none%27%20points%3D%27-4,4%20-4,-397.05%20420.15,-397.05%20420.15,4%20-4,4%27/%3E%20%3C%21--%201%20--%3E%20%3Cg%20id%3D%27node1%27%20class%3D%27node%27%3E%20%3Ctitle%3E1%3C/title%3E%20%3Cellipse%20fill%3D%27none%27%20stroke%3D%27black%27%20stroke-width%3D%274%27%20cx%3D%2782.59%27%20cy%3D%27-366.05%27%20rx%3D%2727%27%20ry%3D%2727%27/%3E%20%3Ctext%20text-anchor%3D%27middle%27%20x%3D%2782.59%27%20y%3D%27-369.25%27%20font-family%3D%27Times,serif%27%20font-size%3D%2714.00%27%3EA%3C/text%3E%20%3Ctext%20text-anchor%3D%27middle%27%20x%3D%2782.59%27%20y%3D%27-352.75%27%20font-family%3D%27Times,serif%27%20font-size%3D%2714.00%27%3E(Start)%3C/text%3E%20%3C/g%3E%20%3C%21--%202%20--%3E%20%3Cg%20id%3D%27node2%27%20class%3D%27node%27%3E%20%3Ctitle%3E2%3C/title%3E%20%3Cellipse%20fill%3D%27none%27%20stroke%3D%27black%27%20cx%3D%2774.34%27%20cy%3D%27-215.75%27%20rx%3D%2727%27%20ry%3D%2727%27/%3E%20%3Ctext%20text-anchor%3D%27middle%27%20x%3D%2774.34%27%20y%3D%27-210.7%27%20font-family%3D%27Times,serif%27%20font-size%3D%2714.00%27%3EB%3C/text%3E%20%3C/g%3E%20%3C%21--%201%26%2345%3B%26%2345%3B2%20--%3E%20%3Cg%20id%3D%27edge1%27%20class%3D%27edge%27%3E%20%3Ctitle%3E1%26%2345%3B%26%2345%3B2%3C/title%3E%20%3Cpath%20fill%3D%27none%27%20stroke%3D%27black%27%20d%3D%27M81.02,-337.43C79.53,-310.26%2077.3,-269.71%2075.83,-243%27/%3E%20%3Ctext%20text-anchor%3D%27middle%27%20x%3D%2773.94%27%20y%3D%27-319.15%27%20font-family%3D%27Times,serif%27%20font-size%3D%2714.00%27%3Ea%3C/text%3E%20%3C/g%3E%20%3C%21--%203%20--%3E%20%3Cg%20id%3D%27node3%27%20class%3D%27node%27%3E%20%3Ctitle%3E3%3C/title%3E%20%3Cellipse%20fill%3D%27none%27%20stroke%3D%27black%27%20cx%3D%27218.66%27%20cy%3D%27-188.36%27%20rx%3D%2727%27%20ry%3D%2727%27/%3E%20%3Ctext%20text-anchor%3D%27middle%27%20x%3D%27218.66%27%20y%3D%27-183.31%27%20font-family%3D%27Times,serif%27%20font-size%3D%2714.00%27%3EC%3C/text%3E%20%3C/g%3E%20%3C%21--%201%26%2345%3B%26%2345%3B3%20--%3E%20%3Cg%20id%3D%27edge3%27%20class%3D%27edge%27%3E%20%3Ctitle%3E1%26%2345%3B%26%2345%3B3%3C/title%3E%20%3Cpath%20fill%3D%27none%27%20stroke%3D%27black%27%20d%3D%27M100.1,-343.19C126.51,-308.69%20176.21,-243.8%20202.07,-210.02%27/%3E%20%3Ctext%20text-anchor%3D%27middle%27%20x%3D%27103.33%27%20y%3D%27-323.49%27%20font-family%3D%27Times,serif%27%20font-size%3D%2714.00%27%3Ec%3C/text%3E%20%3C/g%3E%20%3C%21--%204%20--%3E%20%3Cg%20id%3D%27node4%27%20class%3D%27node%27%3E%20%3Ctitle%3E4%3C/title%3E%20%3Cellipse%20fill%3D%27none%27%20stroke%3D%27black%27%20cx%3D%27231.06%27%20cy%3D%27-356.86%27%20rx%3D%2727%27%20ry%3D%2727%27/%3E%20%3Ctext%20text-anchor%3D%27middle%27%20x%3D%27231.06%27%20y%3D%27-351.81%27%20font-family%3D%27Times,serif%27%20font-size%3D%2714.00%27%3ED%3C/text%3E%20%3C/g%3E%20%3C%21--%201%26%2345%3B%26%2345%3B4%20--%3E%20%3Cg%20id%3D%27edge2%27%20class%3D%27edge%27%3E%20%3Ctitle%3E1%26%2345%3B%26%2345%3B4%3C/title%3E%20%3Cpath%20fill%3D%27none%27%20stroke%3D%27black%27%20d%3D%27M111.22,-364.28C138.01,-362.62%20177.75,-360.16%20204.02,-358.54%27/%3E%20%3Ctext%20text-anchor%3D%27middle%27%20x%3D%27124.39%27%20y%3D%27-352.06%27%20font-family%3D%27Times,serif%27%20font-size%3D%2714.00%27%3Eb%3C/text%3E%20%3C/g%3E%20%3C%21--%202%26%2345%3B%26%2345%3B3%20--%3E%20%3Cg%20id%3D%27edge4%27%20class%3D%27edge%27%3E%20%3Ctitle%3E2%26%2345%3B%26%2345%3B3%3C/title%3E%20%3Cpath%20fill%3D%27none%27%20stroke%3D%27black%27%20d%3D%27M101.14,-210.66C127.07,-205.74%20166.12,-198.33%20192,-193.42%27/%3E%20%3Ctext%20text-anchor%3D%27middle%27%20x%3D%27113.32%27%20y%3D%27-196.85%27%20font-family%3D%27Times,serif%27%20font-size%3D%2714.00%27%3Ed%3C/text%3E%20%3C/g%3E%20%3C%21--%202%26%2345%3B%26%2345%3B4%20--%3E%20%3Cg%20id%3D%27edge5%27%20class%3D%27edge%27%3E%20%3Ctitle%3E2%26%2345%3B%26%2345%3B4%3C/title%3E%20%3Cpath%20fill%3D%27none%27%20stroke%3D%27black%27%20d%3D%27M94.5,-233.91C124.6,-261%20180.92,-311.72%20210.97,-338.77%27/%3E%20%3Ctext%20text-anchor%3D%27middle%27%20x%3D%27108.85%27%20y%3D%27-233.24%27%20font-family%3D%27Times,serif%27%20font-size%3D%2714.00%27%3Ee%3C/text%3E%20%3C/g%3E%20%3C%21--%206%20--%3E%20%3Cg%20id%3D%27node6%27%20class%3D%27node%27%3E%20%3Ctitle%3E6%3C/title%3E%20%3Cellipse%20fill%3D%27none%27%20stroke%3D%27black%27%20cx%3D%2727%27%20cy%3D%27-72.79%27%20rx%3D%2727%27%20ry%3D%2727%27/%3E%20%3Ctext%20text-anchor%3D%27middle%27%20x%3D%2727%27%20y%3D%27-67.74%27%20font-family%3D%27Times,serif%27%20font-size%3D%2714.00%27%3EF%3C/text%3E%20%3C/g%3E%20%3C%21--%202%26%2345%3B%26%2345%3B6%20--%3E%20%3Cg%20id%3D%27edge6%27%20class%3D%27edge%27%3E%20%3Ctitle%3E2%26%2345%3B%26%2345%3B6%3C/title%3E%20%3Cpath%20fill%3D%27none%27%20stroke%3D%27black%27%20d%3D%27M65.76,-189.86C57.19,-163.95%2044.06,-124.33%2035.51,-98.49%27/%3E%20%3Ctext%20text-anchor%3D%27middle%27%20x%3D%2755.47%27%20y%3D%27-173.9%27%20font-family%3D%27Times,serif%27%20font-size%3D%2714.00%27%3Ef%3C/text%3E%20%3C/g%3E%20%3C%21--%207%20--%3E%20%3Cg%20id%3D%27node7%27%20class%3D%27node%27%3E%20%3Ctitle%3E7%3C/title%3E%20%3Cellipse%20fill%3D%27none%27%20stroke%3D%27black%27%20cx%3D%27168.46%27%20cy%3D%27-27%27%20rx%3D%2727%27%20ry%3D%2727%27/%3E%20%3Ctext%20text-anchor%3D%27middle%27%20x%3D%27168.46%27%20y%3D%27-21.95%27%20font-family%3D%27Times,serif%27%20font-size%3D%2714.00%27%3EG%3C/text%3E%20%3C/g%3E%20%3C%21--%202%26%2345%3B%26%2345%3B7%20--%3E%20%3Cg%20id%3D%27edge7%27%20class%3D%27edge%27%3E%20%3Ctitle%3E2%26%2345%3B%26%2345%3B7%3C/title%3E%20%3Cpath%20fill%3D%27none%27%20stroke%3D%27black%27%20d%3D%27M86.45,-191.46C104.47,-155.32%20138.16,-87.76%20156.25,-51.49%27/%3E%20%3Ctext%20text-anchor%3D%27middle%27%20x%3D%2786.84%27%20y%3D%27-171.42%27%20font-family%3D%27Times,serif%27%20font-size%3D%2714.00%27%3Eg%3C/text%3E%20%3C/g%3E%20%3C%21--%203%26%2345%3B%26%2345%3B4%20--%3E%20%3Cg%20id%3D%27edge8%27%20class%3D%27edge%27%3E%20%3Ctitle%3E3%26%2345%3B%26%2345%3B4%3C/title%3E%20%3Cpath%20fill%3D%27none%27%20stroke%3D%27black%27%20d%3D%27M220.65,-215.43C222.96,-246.78%20226.74,-298.14%20229.05,-329.58%27/%3E%20%3Ctext%20text-anchor%3D%27middle%27%20x%3D%27227.97%27%20y%3D%27-223.47%27%20font-family%3D%27Times,serif%27%20font-size%3D%2714.00%27%3Eh%3C/text%3E%20%3C/g%3E%20%3C%21--%205%20--%3E%20%3Cg%20id%3D%27node5%27%20class%3D%27node%27%3E%20%3Ctitle%3E5%3C/title%3E%20%3Cellipse%20fill%3D%27none%27%20stroke%3D%27black%27%20cx%3D%27389.15%27%20cy%3D%27-294.13%27%20rx%3D%2727%27%20ry%3D%2727%27/%3E%20%3Ctext%20text-anchor%3D%27middle%27%20x%3D%27389.15%27%20y%3D%27-289.08%27%20font-family%3D%27Times,serif%27%20font-size%3D%2714.00%27%3EE%3C/text%3E%20%3C/g%3E%20%3C%21--%203%26%2345%3B%26%2345%3B5%20--%3E%20%3Cg%20id%3D%27edge9%27%20class%3D%27edge%27%3E%20%3Ctitle%3E3%26%2345%3B%26%2345%3B5%3C/title%3E%20%3Cpath%20fill%3D%27none%27%20stroke%3D%27black%27%20d%3D%27M242.01,-202.84C274.57,-223.04%20333.26,-259.45%20365.81,-279.65%27/%3E%20%3Ctext%20text-anchor%3D%27middle%27%20x%3D%27256.9%27%20y%3D%27-199.57%27%20font-family%3D%27Times,serif%27%20font-size%3D%2714.00%27%3Ei%3C/text%3E%20%3C/g%3E%20%3C%21--%203%26%2345%3B%26%2345%3B6%20--%3E%20%3Cg%20id%3D%27edge11%27%20class%3D%27edge%27%3E%20%3Ctitle%3E3%26%2345%3B%26%2345%3B6%3C/title%3E%20%3Cpath%20fill%3D%27none%27%20stroke%3D%27black%27%20d%3D%27M195.16,-174.19C158.28,-151.95%2087.21,-109.1%2050.39,-86.9%27/%3E%20%3Ctext%20text-anchor%3D%27middle%27%20x%3D%27180.24%27%20y%3D%27-167.55%27%20font-family%3D%27Times,serif%27%20font-size%3D%2714.00%27%3Ek%3C/text%3E%20%3C/g%3E%20%3C%21--%203%26%2345%3B%26%2345%3B7%20--%3E%20%3Cg%20id%3D%27edge10%27%20class%3D%27edge%27%3E%20%3Ctitle%3E3%26%2345%3B%26%2345%3B7%3C/title%3E%20%3Cpath%20fill%3D%27none%27%20stroke%3D%27black%27%20d%3D%27M210.6,-162.43C201.26,-132.41%20185.96,-83.24%20176.59,-53.13%27/%3E%20%3Ctext%20text-anchor%3D%27middle%27%20x%3D%27200.5%27%20y%3D%27-146.28%27%20font-family%3D%27Times,serif%27%20font-size%3D%2714.00%27%3Ej%3C/text%3E%20%3C/g%3E%20%3C%21--%208%20--%3E%20%3Cg%20id%3D%27node8%27%20class%3D%27node%27%3E%20%3Ctitle%3E8%3C/title%3E%20%3Cellipse%20fill%3D%27none%27%20stroke%3D%27black%27%20cx%3D%27338.5%27%20cy%3D%27-27.44%27%20rx%3D%2727%27%20ry%3D%2727%27/%3E%20%3Ctext%20text-anchor%3D%27middle%27%20x%3D%27338.5%27%20y%3D%27-22.39%27%20font-family%3D%27Times,serif%27%20font-size%3D%2714.00%27%3EH%3C/text%3E%20%3C/g%3E%20%3C%21--%203%26%2345%3B%26%2345%3B8%20--%3E%20%3Cg%20id%3D%27edge12%27%20class%3D%27edge%27%3E%20%3Ctitle%3E3%26%2345%3B%26%2345%3B8%3C/title%3E%20%3Cpath%20fill%3D%27none%27%20stroke%3D%27black%27%20d%3D%27M235.07,-166.32C257.96,-135.59%20299.22,-80.2%20322.1,-49.47%27/%3E%20%3Ctext%20text-anchor%3D%27middle%27%20x%3D%27238.11%27%20y%3D%27-146.58%27%20font-family%3D%27Times,serif%27%20font-size%3D%2714.00%27%3El%3C/text%3E%20%3C/g%3E%20%3C%21--%204%26%2345%3B%26%2345%3B5%20--%3E%20%3Cg%20id%3D%27edge13%27%20class%3D%27edge%27%3E%20%3Ctitle%3E4%26%2345%3B%26%2345%3B5%3C/title%3E%20%3Cpath%20fill%3D%27none%27%20stroke%3D%27black%27%20d%3D%27M256.46,-346.78C285.96,-335.08%20334.34,-315.88%20363.81,-304.18%27/%3E%20%3Ctext%20text-anchor%3D%27middle%27%20x%3D%27266.76%27%20y%3D%27-330.83%27%20font-family%3D%27Times,serif%27%20font-size%3D%2714.00%27%3Em%3C/text%3E%20%3C/g%3E%20%3C%21--%206%26%2345%3B%26%2345%3B7%20--%3E%20%3Cg%20id%3D%27edge14%27%20class%3D%27edge%27%3E%20%3Ctitle%3E6%26%2345%3B%26%2345%3B7%3C/title%3E%20%3Cpath%20fill%3D%27none%27%20stroke%3D%27black%27%20d%3D%27M52.95,-64.39C78.47,-56.13%20117.21,-43.59%20142.68,-35.35%27/%3E%20%3Ctext%20text-anchor%3D%27middle%27%20x%3D%2763.93%27%20y%3D%27-49.13%27%20font-family%3D%27Times,serif%27%20font-size%3D%2714.00%27%3En%3C/text%3E%20%3C/g%3E%20%3C%21--%207%26%2345%3B%26%2345%3B8%20--%3E%20%3Cg%20id%3D%27edge15%27%20class%3D%27edge%27%3E%20%3Ctitle%3E7%26%2345%3B%26%2345%3B8%3C/title%3E%20%3Cpath%20fill%3D%27none%27%20stroke%3D%27black%27%20d%3D%27M195.78,-27.07C227.51,-27.15%20279.55,-27.29%20311.25,-27.37%27/%3E%20%3Ctext%20text-anchor%3D%27middle%27%20x%3D%27209.39%27%20y%3D%27-15.72%27%20font-family%3D%27Times,serif%27%20font-size%3D%2714.00%27%3Eo%3C/text%3E%20%3C/g%3E%20%3C/g%3E%20%3C/svg%3E&gt;&quot;,&quot;&lt;img src=data:image/svg+xml,%3Csvg%20width%3D%27524pt%27%20height%3D%27228pt%27%20viewBox%3D%270.00%200.00%20523.60%20227.70%27%20xmlns%3D%27http://www.w3.org/2000/svg%27%20xmlns:xlink%3D%27http://www.w3.org/1999/xlink%27%3E%20%3Cg%20id%3D%27graph0%27%20class%3D%27graph%27%20transform%3D%27scale(1%201)%20rotate(0)%20translate(4%20223.7)%27%3E%20%3Cpolygon%20fill%3D%27white%27%20stroke%3D%27none%27%20points%3D%27-4,4%20-4,-223.7%20519.6,-223.7%20519.6,4%20-4,4%27/%3E%20%3C%21--%201%20--%3E%20%3Cg%20id%3D%27node1%27%20class%3D%27node%27%3E%20%3Ctitle%3E1%3C/title%3E%20%3Cellipse%20fill%3D%27none%27%20stroke%3D%27black%27%20stroke-width%3D%274%27%20cx%3D%27170.4%27%20cy%3D%27-55.04%27%20rx%3D%2727%27%20ry%3D%2727%27/%3E%20%3Ctext%20text-anchor%3D%27middle%27%20x%3D%27170.4%27%20y%3D%27-58.24%27%20font-family%3D%27Times,serif%27%20font-size%3D%2714.00%27%3EA%3C/text%3E%20%3Ctext%20text-anchor%3D%27middle%27%20x%3D%27170.4%27%20y%3D%27-41.74%27%20font-family%3D%27Times,serif%27%20font-size%3D%2714.00%27%3E(Start)%3C/text%3E%20%3C/g%3E%20%3C%21--%202%20--%3E%20%3Cg%20id%3D%27node2%27%20class%3D%27node%27%3E%20%3Ctitle%3E2%3C/title%3E%20%3Cellipse%20fill%3D%27none%27%20stroke%3D%27black%27%20cx%3D%27196.87%27%20cy%3D%27-192.7%27%20rx%3D%2727%27%20ry%3D%2727%27/%3E%20%3Ctext%20text-anchor%3D%27middle%27%20x%3D%27196.87%27%20y%3D%27-187.65%27%20font-family%3D%27Times,serif%27%20font-size%3D%2714.00%27%3EB%3C/text%3E%20%3C/g%3E%20%3C%21--%201%26%2345%3B%26%2345%3B2%20--%3E%20%3Cg%20id%3D%27edge1%27%20class%3D%27edge%27%3E%20%3Ctitle%3E1%26%2345%3B%26%2345%3B2%3C/title%3E%20%3Cpath%20fill%3D%27none%27%20stroke%3D%27black%27%20d%3D%27M175.82,-83.23C180.48,-107.46%20187.15,-142.15%20191.73,-165.95%27/%3E%20%3Ctext%20text-anchor%3D%27middle%27%20x%3D%27184.62%27%20y%3D%27-90.33%27%20font-family%3D%27Times,serif%27%20font-size%3D%2714.00%27%3Ea%3C/text%3E%20%3C/g%3E%20%3C%21--%203%20--%3E%20%3Cg%20id%3D%27node3%27%20class%3D%27node%27%3E%20%3Ctitle%3E3%3C/title%3E%20%3Cellipse%20fill%3D%27none%27%20stroke%3D%27black%27%20cx%3D%27318.57%27%20cy%3D%27-27%27%20rx%3D%2727%27%20ry%3D%2727%27/%3E%20%3Ctext%20text-anchor%3D%27middle%27%20x%3D%27318.57%27%20y%3D%27-21.95%27%20font-family%3D%27Times,serif%27%20font-size%3D%2714.00%27%3EC%3C/text%3E%20%3C/g%3E%20%3C%21--%201%26%2345%3B%26%2345%3B3%20--%3E%20%3Cg%20id%3D%27edge3%27%20class%3D%27edge%27%3E%20%3Ctitle%3E1%26%2345%3B%26%2345%3B3%3C/title%3E%20%3Cpath%20fill%3D%27none%27%20stroke%3D%27black%27%20d%3D%27M198.62,-49.7C225.49,-44.62%20265.63,-37.02%20291.95,-32.04%27/%3E%20%3Ctext%20text-anchor%3D%27middle%27%20x%3D%27210.8%27%20y%3D%27-35.89%27%20font-family%3D%27Times,serif%27%20font-size%3D%2714.00%27%3Ec%3C/text%3E%20%3C/g%3E%20%3C%21--%204%20--%3E%20%3Cg%20id%3D%27node4%27%20class%3D%27node%27%3E%20%3Ctitle%3E4%3C/title%3E%20%3Cellipse%20fill%3D%27none%27%20stroke%3D%27black%27%20cx%3D%27344.27%27%20cy%3D%27-164.79%27%20rx%3D%2727%27%20ry%3D%2727%27/%3E%20%3Ctext%20text-anchor%3D%27middle%27%20x%3D%27344.27%27%20y%3D%27-159.74%27%20font-family%3D%27Times,serif%27%20font-size%3D%2714.00%27%3ED%3C/text%3E%20%3C/g%3E%20%3C%21--%201%26%2345%3B%26%2345%3B4%20--%3E%20%3Cg%20id%3D%27edge2%27%20class%3D%27edge%27%3E%20%3Ctitle%3E1%26%2345%3B%26%2345%3B4%3C/title%3E%20%3Cpath%20fill%3D%27none%27%20stroke%3D%27black%27%20d%3D%27M194.58,-70.3C228.08,-91.44%20288.19,-129.39%20321.13,-150.18%27/%3E%20%3Ctext%20text-anchor%3D%27middle%27%20x%3D%27209.46%27%20y%3D%27-67.15%27%20font-family%3D%27Times,serif%27%20font-size%3D%2714.00%27%3Eb%3C/text%3E%20%3C/g%3E%20%3C%21--%206%20--%3E%20%3Cg%20id%3D%27node6%27%20class%3D%27node%27%3E%20%3Ctitle%3E6%3C/title%3E%20%3Cellipse%20fill%3D%27none%27%20stroke%3D%27black%27%20cx%3D%2727%27%20cy%3D%27-154.97%27%20rx%3D%2727%27%20ry%3D%2727%27/%3E%20%3Ctext%20text-anchor%3D%27middle%27%20x%3D%2727%27%20y%3D%27-149.92%27%20font-family%3D%27Times,serif%27%20font-size%3D%2714.00%27%3EF%3C/text%3E%20%3C/g%3E%20%3C%21--%201%26%2345%3B%26%2345%3B6%20--%3E%20%3Cg%20id%3D%27edge4%27%20class%3D%27edge%27%3E%20%3Ctitle%3E1%26%2345%3B%26%2345%3B6%3C/title%3E%20%3Cpath%20fill%3D%27none%27%20stroke%3D%27black%27%20d%3D%27M146.72,-71.54C119.68,-90.39%2075.76,-121%2049.3,-139.44%27/%3E%20%3Ctext%20text-anchor%3D%27middle%27%20x%3D%27139.19%27%20y%3D%27-79.47%27%20font-family%3D%27Times,serif%27%20font-size%3D%2714.00%27%3Ed%3C/text%3E%20%3C/g%3E%20%3C%21--%202%26%2345%3B%26%2345%3B3%20--%3E%20%3Cg%20id%3D%27edge5%27%20class%3D%27edge%27%3E%20%3Ctitle%3E2%26%2345%3B%26%2345%3B3%3C/title%3E%20%3Cpath%20fill%3D%27none%27%20stroke%3D%27black%27%20d%3D%27M213.03,-170.7C236.31,-139.01%20279.03,-80.84%20302.34,-49.09%27/%3E%20%3Ctext%20text-anchor%3D%27middle%27%20x%3D%27215.97%27%20y%3D%27-150.94%27%20font-family%3D%27Times,serif%27%20font-size%3D%2714.00%27%3Ee%3C/text%3E%20%3C/g%3E%20%3C%21--%202%26%2345%3B%26%2345%3B4%20--%3E%20%3Cg%20id%3D%27edge6%27%20class%3D%27edge%27%3E%20%3Ctitle%3E2%26%2345%3B%26%2345%3B4%3C/title%3E%20%3Cpath%20fill%3D%27none%27%20stroke%3D%27black%27%20d%3D%27M223.56,-187.65C250.11,-182.62%20290.62,-174.95%20317.28,-169.9%27/%3E%20%3Ctext%20text-anchor%3D%27middle%27%20x%3D%27235.74%27%20y%3D%27-173.84%27%20font-family%3D%27Times,serif%27%20font-size%3D%2714.00%27%3Ef%3C/text%3E%20%3C/g%3E%20%3C%21--%202%26%2345%3B%26%2345%3B6%20--%3E%20%3Cg%20id%3D%27edge7%27%20class%3D%27edge%27%3E%20%3Ctitle%3E2%26%2345%3B%26%2345%3B6%3C/title%3E%20%3Cpath%20fill%3D%27none%27%20stroke%3D%27black%27%20d%3D%27M170.33,-186.81C138.51,-179.74%2085.5,-167.97%2053.64,-160.89%27/%3E%20%3Ctext%20text-anchor%3D%27middle%27%20x%3D%27155.68%27%20y%3D%27-185%27%20font-family%3D%27Times,serif%27%20font-size%3D%2714.00%27%3Eg%3C/text%3E%20%3C/g%3E%20%3C%21--%203%26%2345%3B%26%2345%3B4%20--%3E%20%3Cg%20id%3D%27edge8%27%20class%3D%27edge%27%3E%20%3Ctitle%3E3%26%2345%3B%26%2345%3B4%3C/title%3E%20%3Cpath%20fill%3D%27none%27%20stroke%3D%27black%27%20d%3D%27M323.58,-53.89C328.11,-78.17%20334.74,-113.7%20339.27,-137.96%27/%3E%20%3Ctext%20text-anchor%3D%27middle%27%20x%3D%27332.31%27%20y%3D%27-61.05%27%20font-family%3D%27Times,serif%27%20font-size%3D%2714.00%27%3Eh%3C/text%3E%20%3C/g%3E%20%3C%21--%205%20--%3E%20%3Cg%20id%3D%27node5%27%20class%3D%27node%27%3E%20%3Ctitle%3E5%3C/title%3E%20%3Cellipse%20fill%3D%27none%27%20stroke%3D%27black%27%20cx%3D%27488.6%27%20cy%3D%27-67.52%27%20rx%3D%2727%27%20ry%3D%2727%27/%3E%20%3Ctext%20text-anchor%3D%27middle%27%20x%3D%27488.6%27%20y%3D%27-62.47%27%20font-family%3D%27Times,serif%27%20font-size%3D%2714.00%27%3EE%3C/text%3E%20%3C/g%3E%20%3C%21--%203%26%2345%3B%26%2345%3B5%20--%3E%20%3Cg%20id%3D%27edge9%27%20class%3D%27edge%27%3E%20%3Ctitle%3E3%26%2345%3B%26%2345%3B5%3C/title%3E%20%3Cpath%20fill%3D%27none%27%20stroke%3D%27black%27%20d%3D%27M345.13,-33.33C376.98,-40.92%20430.05,-53.57%20461.94,-61.17%27/%3E%20%3Ctext%20text-anchor%3D%27middle%27%20x%3D%27359.83%27%20y%3D%27-25.27%27%20font-family%3D%27Times,serif%27%20font-size%3D%2714.00%27%3Ei%3C/text%3E%20%3C/g%3E%20%3C%21--%204%26%2345%3B%26%2345%3B5%20--%3E%20%3Cg%20id%3D%27edge10%27%20class%3D%27edge%27%3E%20%3Ctitle%3E4%26%2345%3B%26%2345%3B5%3C/title%3E%20%3Cpath%20fill%3D%27none%27%20stroke%3D%27black%27%20d%3D%27M366.82,-149.59C393.93,-131.32%20439.16,-100.84%20466.2,-82.61%27/%3E%20%3Ctext%20text-anchor%3D%27middle%27%20x%3D%27374.55%27%20y%3D%27-131.69%27%20font-family%3D%27Times,serif%27%20font-size%3D%2714.00%27%3Ej%3C/text%3E%20%3C/g%3E%20%3C/g%3E%20%3C/svg%3E&gt;&quot;,&quot;&lt;img src=data:image/svg+xml,%3Csvg%20width%3D%27334pt%27%20height%3D%27347pt%27%20viewBox%3D%270.00%200.00%20333.65%20346.92%27%20xmlns%3D%27http://www.w3.org/2000/svg%27%20xmlns:xlink%3D%27http://www.w3.org/1999/xlink%27%3E%20%3Cg%20id%3D%27graph0%27%20class%3D%27graph%27%20transform%3D%27scale(1%201)%20rotate(0)%20translate(4%20342.92)%27%3E%20%3Cpolygon%20fill%3D%27white%27%20stroke%3D%27none%27%20points%3D%27-4,4%20-4,-342.92%20329.65,-342.92%20329.65,4%20-4,4%27/%3E%20%3C%21--%201%20--%3E%20%3Cg%20id%3D%27node1%27%20class%3D%27node%27%3E%20%3Ctitle%3E1%3C/title%3E%20%3Cellipse%20fill%3D%27none%27%20stroke%3D%27black%27%20stroke-width%3D%274%27%20cx%3D%2727%27%20cy%3D%27-186.22%27%20rx%3D%2727%27%20ry%3D%2727%27/%3E%20%3Ctext%20text-anchor%3D%27middle%27%20x%3D%2727%27%20y%3D%27-189.42%27%20font-family%3D%27Times,serif%27%20font-size%3D%2714.00%27%3EA%3C/text%3E%20%3Ctext%20text-anchor%3D%27middle%27%20x%3D%2727%27%20y%3D%27-172.92%27%20font-family%3D%27Times,serif%27%20font-size%3D%2714.00%27%3E(Start)%3C/text%3E%20%3C/g%3E%20%3C%21--%202%20--%3E%20%3Cg%20id%3D%27node2%27%20class%3D%27node%27%3E%20%3Ctitle%3E2%3C/title%3E%20%3Cellipse%20fill%3D%27none%27%20stroke%3D%27black%27%20cx%3D%27298.65%27%20cy%3D%27-271.6%27%20rx%3D%2727%27%20ry%3D%2727%27/%3E%20%3Ctext%20text-anchor%3D%27middle%27%20x%3D%27298.65%27%20y%3D%27-266.55%27%20font-family%3D%27Times,serif%27%20font-size%3D%2714.00%27%3EB%3C/text%3E%20%3C/g%3E%20%3C%21--%201%26%2345%3B%26%2345%3B2%20--%3E%20%3Cg%20id%3D%27edge1%27%20class%3D%27edge%27%3E%20%3Ctitle%3E1%26%2345%3B%26%2345%3B2%3C/title%3E%20%3Cpath%20fill%3D%27none%27%20stroke%3D%27black%27%20d%3D%27M50.54,-202.38C100.79,-225.42%20218.04,-262.22%20271.41,-271.62%27/%3E%20%3Ctext%20text-anchor%3D%27middle%27%20x%3D%2765.53%27%20y%3D%27-196.88%27%20font-family%3D%27Times,serif%27%20font-size%3D%2714.00%27%3Ea%3C/text%3E%20%3C/g%3E%20%3C%21--%201%26%2345%3B%26%2345%3B2%20--%3E%20%3Cg%20id%3D%27edge2%27%20class%3D%27edge%27%3E%20%3Ctitle%3E1%26%2345%3B%26%2345%3B2%3C/title%3E%20%3Cpath%20fill%3D%27none%27%20stroke%3D%27black%27%20d%3D%27M55.81,-186.48C110.33,-196.41%20227.33,-233.25%20276.37,-256.03%27/%3E%20%3Ctext%20text-anchor%3D%27middle%27%20x%3D%2770.41%27%20y%3D%27-177.98%27%20font-family%3D%27Times,serif%27%20font-size%3D%2714.00%27%3Eb%3C/text%3E%20%3C/g%3E%20%3C%21--%203%20--%3E%20%3Cg%20id%3D%27node3%27%20class%3D%27node%27%3E%20%3Ctitle%3E3%3C/title%3E%20%3Cellipse%20fill%3D%27none%27%20stroke%3D%27black%27%20cx%3D%27116.96%27%20cy%3D%27-27%27%20rx%3D%2727%27%20ry%3D%2727%27/%3E%20%3Ctext%20text-anchor%3D%27middle%27%20x%3D%27116.96%27%20y%3D%27-21.95%27%20font-family%3D%27Times,serif%27%20font-size%3D%2714.00%27%3EC%3C/text%3E%20%3C/g%3E%20%3C%21--%201%26%2345%3B%26%2345%3B3%20--%3E%20%3Cg%20id%3D%27edge3%27%20class%3D%27edge%27%3E%20%3Ctitle%3E1%26%2345%3B%26%2345%3B3%3C/title%3E%20%3Cpath%20fill%3D%27none%27%20stroke%3D%27black%27%20d%3D%27M48.9,-167.61C70.38,-139.45%20100.24,-86.47%20112.82,-54.08%27/%3E%20%3Ctext%20text-anchor%3D%27middle%27%20x%3D%2751.79%27%20y%3D%27-147.84%27%20font-family%3D%27Times,serif%27%20font-size%3D%2714.00%27%3Ec%3C/text%3E%20%3C/g%3E%20%3C%21--%201%26%2345%3B%26%2345%3B3%20--%3E%20%3Cg%20id%3D%27edge4%27%20class%3D%27edge%27%3E%20%3Ctitle%3E1%26%2345%3B%26%2345%3B3%3C/title%3E%20%3Cpath%20fill%3D%27none%27%20stroke%3D%27black%27%20d%3D%27M31.65,-157.86C44.71,-124.84%2074.82,-71.72%2096.08,-44.29%27/%3E%20%3Ctext%20text-anchor%3D%27middle%27%20x%3D%2731.08%27%20y%3D%27-137.82%27%20font-family%3D%27Times,serif%27%20font-size%3D%2714.00%27%3Ed%3C/text%3E%20%3C/g%3E%20%3C%21--%204%20--%3E%20%3Cg%20id%3D%27node4%27%20class%3D%27node%27%3E%20%3Ctitle%3E4%3C/title%3E%20%3Cellipse%20fill%3D%27none%27%20stroke%3D%27black%27%20cx%3D%27120.11%27%20cy%3D%27-311.92%27%20rx%3D%2727%27%20ry%3D%2727%27/%3E%20%3Ctext%20text-anchor%3D%27middle%27%20x%3D%27120.11%27%20y%3D%27-306.87%27%20font-family%3D%27Times,serif%27%20font-size%3D%2714.00%27%3ED%3C/text%3E%20%3C/g%3E%20%3C%21--%201%26%2345%3B%26%2345%3B4%20--%3E%20%3Cg%20id%3D%27edge5%27%20class%3D%27edge%27%3E%20%3Ctitle%3E1%26%2345%3B%26%2345%3B4%3C/title%3E%20%3Cpath%20fill%3D%27none%27%20stroke%3D%27black%27%20d%3D%27M44.08,-209.28C61.09,-232.24%2087.02,-267.25%20103.77,-289.86%27/%3E%20%3Ctext%20text-anchor%3D%27middle%27%20x%3D%2757.26%27%20y%3D%27-211.38%27%20font-family%3D%27Times,serif%27%20font-size%3D%2714.00%27%3Ee%3C/text%3E%20%3C/g%3E%20%3C%21--%202%26%2345%3B%26%2345%3B4%20--%3E%20%3Cg%20id%3D%27edge6%27%20class%3D%27edge%27%3E%20%3Ctitle%3E2%26%2345%3B%26%2345%3B4%3C/title%3E%20%3Cpath%20fill%3D%27none%27%20stroke%3D%27black%27%20d%3D%27M271.92,-277.64C238.17,-285.26%20180.44,-298.3%20146.73,-305.91%27/%3E%20%3Ctext%20text-anchor%3D%27middle%27%20x%3D%27260.06%27%20y%3D%27-281.77%27%20font-family%3D%27Times,serif%27%20font-size%3D%2714.00%27%3Ef%3C/text%3E%20%3C/g%3E%20%3C%21--%203%26%2345%3B%26%2345%3B4%20--%3E%20%3Cg%20id%3D%27edge7%27%20class%3D%27edge%27%3E%20%3Ctitle%3E3%26%2345%3B%26%2345%3B4%3C/title%3E%20%3Cpath%20fill%3D%27none%27%20stroke%3D%27black%27%20d%3D%27M117.26,-54.32C117.87,-108.78%20119.21,-230.29%20119.81,-284.69%27/%3E%20%3Ctext%20text-anchor%3D%27middle%27%20x%3D%27123.75%27%20y%3D%27-62.79%27%20font-family%3D%27Times,serif%27%20font-size%3D%2714.00%27%3Eg%3C/text%3E%20%3C/g%3E%20%3C/g%3E%20%3C/svg%3E&gt;&quot;,&quot;&lt;img src=data:image/svg+xml,%3Csvg%20width%3D%27412pt%27%20height%3D%27315pt%27%20viewBox%3D%270.00%200.00%20411.83%20315.49%27%20xmlns%3D%27http://www.w3.org/2000/svg%27%20xmlns:xlink%3D%27http://www.w3.org/1999/xlink%27%3E%20%3Cg%20id%3D%27graph0%27%20class%3D%27graph%27%20transform%3D%27scale(1%201)%20rotate(0)%20translate(4%20311.49)%27%3E%20%3Cpolygon%20fill%3D%27white%27%20stroke%3D%27none%27%20points%3D%27-4,4%20-4,-311.49%20407.83,-311.49%20407.83,4%20-4,4%27/%3E%20%3C%21--%201%20--%3E%20%3Cg%20id%3D%27node1%27%20class%3D%27node%27%3E%20%3Ctitle%3E1%3C/title%3E%20%3Cellipse%20fill%3D%27none%27%20stroke%3D%27black%27%20stroke-width%3D%274%27%20cx%3D%27236.16%27%20cy%3D%27-142.06%27%20rx%3D%2727%27%20ry%3D%2727%27/%3E%20%3Ctext%20text-anchor%3D%27middle%27%20x%3D%27236.16%27%20y%3D%27-145.26%27%20font-family%3D%27Times,serif%27%20font-size%3D%2714.00%27%3EA%3C/text%3E%20%3Ctext%20text-anchor%3D%27middle%27%20x%3D%27236.16%27%20y%3D%27-128.76%27%20font-family%3D%27Times,serif%27%20font-size%3D%2714.00%27%3E(Start)%3C/text%3E%20%3C/g%3E%20%3C%21--%202%20--%3E%20%3Cg%20id%3D%27node2%27%20class%3D%27node%27%3E%20%3Ctitle%3E2%3C/title%3E%20%3Cellipse%20fill%3D%27none%27%20stroke%3D%27black%27%20cx%3D%27376.83%27%20cy%3D%27-51.25%27%20rx%3D%2727%27%20ry%3D%2727%27/%3E%20%3Ctext%20text-anchor%3D%27middle%27%20x%3D%27376.83%27%20y%3D%27-46.2%27%20font-family%3D%27Times,serif%27%20font-size%3D%2714.00%27%3EB%3C/text%3E%20%3C/g%3E%20%3C%21--%201%26%2345%3B%26%2345%3B2%20--%3E%20%3Cg%20id%3D%27edge1%27%20class%3D%27edge%27%3E%20%3Ctitle%3E1%26%2345%3B%26%2345%3B2%3C/title%3E%20%3Cpath%20fill%3D%27none%27%20stroke%3D%27black%27%20d%3D%27M260.34,-126.45C286.58,-109.51%20328.16,-82.67%20353.9,-66.06%27/%3E%20%3Ctext%20text-anchor%3D%27middle%27%20x%3D%27268.32%27%20y%3D%27-108.7%27%20font-family%3D%27Times,serif%27%20font-size%3D%2714.00%27%3Ea%3C/text%3E%20%3C/g%3E%20%3C%21--%203%20--%3E%20%3Cg%20id%3D%27node3%27%20class%3D%27node%27%3E%20%3Ctitle%3E3%3C/title%3E%20%3Cellipse%20fill%3D%27none%27%20stroke%3D%27black%27%20cx%3D%27282.16%27%20cy%3D%27-27%27%20rx%3D%2727%27%20ry%3D%2727%27/%3E%20%3Ctext%20text-anchor%3D%27middle%27%20x%3D%27282.16%27%20y%3D%27-21.95%27%20font-family%3D%27Times,serif%27%20font-size%3D%2714.00%27%3EC%3C/text%3E%20%3C/g%3E%20%3C%21--%201%26%2345%3B%26%2345%3B3%20--%3E%20%3Cg%20id%3D%27edge5%27%20class%3D%27edge%27%3E%20%3Ctitle%3E1%26%2345%3B%26%2345%3B3%3C/title%3E%20%3Cpath%20fill%3D%27none%27%20stroke%3D%27black%27%20d%3D%27M246.83,-115.38C254.42,-96.39%20264.55,-71.04%20272.02,-52.36%27/%3E%20%3Ctext%20text-anchor%3D%27middle%27%20x%3D%27245.99%27%20y%3D%27-95.35%27%20font-family%3D%27Times,serif%27%20font-size%3D%2714.00%27%3Ee%3C/text%3E%20%3C/g%3E%20%3C%21--%204%20--%3E%20%3Cg%20id%3D%27node4%27%20class%3D%27node%27%3E%20%3Ctitle%3E4%3C/title%3E%20%3Cellipse%20fill%3D%27none%27%20stroke%3D%27black%27%20cx%3D%27361.86%27%20cy%3D%27-174.59%27%20rx%3D%2727%27%20ry%3D%2727%27/%3E%20%3Ctext%20text-anchor%3D%27middle%27%20x%3D%27361.86%27%20y%3D%27-169.54%27%20font-family%3D%27Times,serif%27%20font-size%3D%2714.00%27%3ED%3C/text%3E%20%3C/g%3E%20%3C%21--%201%26%2345%3B%26%2345%3B4%20--%3E%20%3Cg%20id%3D%27edge2%27%20class%3D%27edge%27%3E%20%3Ctitle%3E1%26%2345%3B%26%2345%3B4%3C/title%3E%20%3Cpath%20fill%3D%27none%27%20stroke%3D%27black%27%20d%3D%27M264.05,-149.28C285.32,-154.78%20314.41,-162.31%20335.33,-167.72%27/%3E%20%3Ctext%20text-anchor%3D%27middle%27%20x%3D%27278.8%27%20y%3D%27-141.5%27%20font-family%3D%27Times,serif%27%20font-size%3D%2714.00%27%3Eb%3C/text%3E%20%3C/g%3E%20%3C%21--%205%20--%3E%20%3Cg%20id%3D%27node5%27%20class%3D%27node%27%3E%20%3Ctitle%3E5%3C/title%3E%20%3Cellipse%20fill%3D%27none%27%20stroke%3D%27black%27%20cx%3D%27173.24%27%20cy%3D%27-280.49%27%20rx%3D%2727%27%20ry%3D%2727%27/%3E%20%3Ctext%20text-anchor%3D%27middle%27%20x%3D%27173.24%27%20y%3D%27-275.44%27%20font-family%3D%27Times,serif%27%20font-size%3D%2714.00%27%3EE%3C/text%3E%20%3C/g%3E%20%3C%21--%201%26%2345%3B%26%2345%3B5%20--%3E%20%3Cg%20id%3D%27edge3%27%20class%3D%27edge%27%3E%20%3Ctitle%3E1%26%2345%3B%26%2345%3B5%3C/title%3E%20%3Cpath%20fill%3D%27none%27%20stroke%3D%27black%27%20d%3D%27M224.17,-168.43C212.76,-193.53%20195.72,-231.03%20184.54,-255.63%27/%3E%20%3Ctext%20text-anchor%3D%27middle%27%20x%3D%27224.32%27%20y%3D%27-178.38%27%20font-family%3D%27Times,serif%27%20font-size%3D%2714.00%27%3Ec%3C/text%3E%20%3C/g%3E%20%3C%21--%207%20--%3E%20%3Cg%20id%3D%27node7%27%20class%3D%27node%27%3E%20%3Ctitle%3E7%3C/title%3E%20%3Cellipse%20fill%3D%27none%27%20stroke%3D%27black%27%20cx%3D%2785.01%27%20cy%3D%27-121.03%27%20rx%3D%2727%27%20ry%3D%2727%27/%3E%20%3Ctext%20text-anchor%3D%27middle%27%20x%3D%2785.01%27%20y%3D%27-115.98%27%20font-family%3D%27Times,serif%27%20font-size%3D%2714.00%27%3EG%3C/text%3E%20%3C/g%3E%20%3C%21--%201%26%2345%3B%26%2345%3B7%20--%3E%20%3Cg%20id%3D%27edge4%27%20class%3D%27edge%27%3E%20%3Ctitle%3E1%26%2345%3B%26%2345%3B7%3C/title%3E%20%3Cpath%20fill%3D%27none%27%20stroke%3D%27black%27%20d%3D%27M207.73,-138.11C180.28,-134.29%20139.01,-128.54%20112.04,-124.79%27/%3E%20%3Ctext%20text-anchor%3D%27middle%27%20x%3D%27193.39%27%20y%3D%27-137.46%27%20font-family%3D%27Times,serif%27%20font-size%3D%2714.00%27%3Ed%3C/text%3E%20%3C/g%3E%20%3C%21--%202%26%2345%3B%26%2345%3B3%20--%3E%20%3Cg%20id%3D%27edge6%27%20class%3D%27edge%27%3E%20%3Ctitle%3E2%26%2345%3B%26%2345%3B3%3C/title%3E%20%3Cpath%20fill%3D%27none%27%20stroke%3D%27black%27%20d%3D%27M350.21,-44.43C337.19,-41.1%20321.57,-37.1%20308.59,-33.77%27/%3E%20%3Ctext%20text-anchor%3D%27middle%27%20x%3D%27335.47%27%20y%3D%27-42.15%27%20font-family%3D%27Times,serif%27%20font-size%3D%2714.00%27%3Ef%3C/text%3E%20%3C/g%3E%20%3C%21--%203%26%2345%3B%26%2345%3B4%20--%3E%20%3Cg%20id%3D%27edge7%27%20class%3D%27edge%27%3E%20%3Ctitle%3E3%26%2345%3B%26%2345%3B4%3C/title%3E%20%3Cpath%20fill%3D%27none%27%20stroke%3D%27black%27%20d%3D%27M295.15,-51.04C309.97,-78.49%20334.07,-123.12%20348.89,-150.56%27/%3E%20%3Ctext%20text-anchor%3D%27middle%27%20x%3D%27307.18%27%20y%3D%27-54.94%27%20font-family%3D%27Times,serif%27%20font-size%3D%2714.00%27%3Eg%3C/text%3E%20%3C/g%3E%20%3C%21--%206%20--%3E%20%3Cg%20id%3D%27node6%27%20class%3D%27node%27%3E%20%3Ctitle%3E6%3C/title%3E%20%3Cellipse%20fill%3D%27none%27%20stroke%3D%27black%27%20cx%3D%2727%27%20cy%3D%27-257.5%27%20rx%3D%2727%27%20ry%3D%2727%27/%3E%20%3Ctext%20text-anchor%3D%27middle%27%20x%3D%2727%27%20y%3D%27-252.45%27%20font-family%3D%27Times,serif%27%20font-size%3D%2714.00%27%3EF%3C/text%3E%20%3C/g%3E%20%3C%21--%205%26%2345%3B%26%2345%3B6%20--%3E%20%3Cg%20id%3D%27edge8%27%20class%3D%27edge%27%3E%20%3Ctitle%3E5%26%2345%3B%26%2345%3B6%3C/title%3E%20%3Cpath%20fill%3D%27none%27%20stroke%3D%27black%27%20d%3D%27M146.08,-276.22C119.81,-272.09%2080.24,-265.87%2054.02,-261.75%27/%3E%20%3Ctext%20text-anchor%3D%27middle%27%20x%3D%27131.66%27%20y%3D%27-275.32%27%20font-family%3D%27Times,serif%27%20font-size%3D%2714.00%27%3Eh%3C/text%3E%20%3C/g%3E%20%3C%21--%206%26%2345%3B%26%2345%3B7%20--%3E%20%3Cg%20id%3D%27edge9%27%20class%3D%27edge%27%3E%20%3Ctitle%3E6%26%2345%3B%26%2345%3B7%3C/title%3E%20%3Cpath%20fill%3D%27none%27%20stroke%3D%27black%27%20d%3D%27M37.64,-232.47C48.11,-207.85%2064,-170.47%2074.44,-145.9%27/%3E%20%3Ctext%20text-anchor%3D%27middle%27%20x%3D%2737.12%27%20y%3D%27-212.43%27%20font-family%3D%27Times,serif%27%20font-size%3D%2714.00%27%3Ei%3C/text%3E%20%3C/g%3E%20%3C/g%3E%20%3C/svg%3E&gt;&quot;,&quot;&lt;img src=data:image/svg+xml,%3Csvg%20width%3D%27347pt%27%20height%3D%27433pt%27%20viewBox%3D%270.00%200.00%20347.01%20432.71%27%20xmlns%3D%27http://www.w3.org/2000/svg%27%20xmlns:xlink%3D%27http://www.w3.org/1999/xlink%27%3E%20%3Cg%20id%3D%27graph0%27%20class%3D%27graph%27%20transform%3D%27scale(1%201)%20rotate(0)%20translate(4%20428.71)%27%3E%20%3Cpolygon%20fill%3D%27white%27%20stroke%3D%27none%27%20points%3D%27-4,4%20-4,-428.71%20343.01,-428.71%20343.01,4%20-4,4%27/%3E%20%3C%21--%201%20--%3E%20%3Cg%20id%3D%27node1%27%20class%3D%27node%27%3E%20%3Ctitle%3E1%3C/title%3E%20%3Cellipse%20fill%3D%27none%27%20stroke%3D%27black%27%20stroke-width%3D%274%27%20cx%3D%27148.53%27%20cy%3D%27-27%27%20rx%3D%2727%27%20ry%3D%2727%27/%3E%20%3Ctext%20text-anchor%3D%27middle%27%20x%3D%27148.53%27%20y%3D%27-30.2%27%20font-family%3D%27Times,serif%27%20font-size%3D%2714.00%27%3EA%3C/text%3E%20%3Ctext%20text-anchor%3D%27middle%27%20x%3D%27148.53%27%20y%3D%27-13.7%27%20font-family%3D%27Times,serif%27%20font-size%3D%2714.00%27%3E(Start)%3C/text%3E%20%3C/g%3E%20%3C%21--%202%20--%3E%20%3Cg%20id%3D%27node2%27%20class%3D%27node%27%3E%20%3Ctitle%3E2%3C/title%3E%20%3Cellipse%20fill%3D%27none%27%20stroke%3D%27black%27%20cx%3D%27312.01%27%20cy%3D%27-198.75%27%20rx%3D%2727%27%20ry%3D%2727%27/%3E%20%3Ctext%20text-anchor%3D%27middle%27%20x%3D%27312.01%27%20y%3D%27-193.7%27%20font-family%3D%27Times,serif%27%20font-size%3D%2714.00%27%3EB%3C/text%3E%20%3C/g%3E%20%3C%21--%201%26%2345%3B%26%2345%3B2%20--%3E%20%3Cg%20id%3D%27edge1%27%20class%3D%27edge%27%3E%20%3Ctitle%3E1%26%2345%3B%26%2345%3B2%3C/title%3E%20%3Cpath%20fill%3D%27none%27%20stroke%3D%27black%27%20d%3D%27M168.25,-47.72C200.01,-81.09%20262.08,-146.29%20293.23,-179.02%27/%3E%20%3Ctext%20text-anchor%3D%27middle%27%20x%3D%27182.21%27%20y%3D%27-48.14%27%20font-family%3D%27Times,serif%27%20font-size%3D%2714.00%27%3Ea%3C/text%3E%20%3C/g%3E%20%3C%21--%205%20--%3E%20%3Cg%20id%3D%27node5%27%20class%3D%27node%27%3E%20%3Ctitle%3E5%3C/title%3E%20%3Cellipse%20fill%3D%27none%27%20stroke%3D%27black%27%20cx%3D%2727%27%20cy%3D%27-230.25%27%20rx%3D%2727%27%20ry%3D%2727%27/%3E%20%3Ctext%20text-anchor%3D%27middle%27%20x%3D%2727%27%20y%3D%27-225.2%27%20font-family%3D%27Times,serif%27%20font-size%3D%2714.00%27%3EE%3C/text%3E%20%3C/g%3E%20%3C%21--%201%26%2345%3B%26%2345%3B5%20--%3E%20%3Cg%20id%3D%27edge2%27%20class%3D%27edge%27%3E%20%3Ctitle%3E1%26%2345%3B%26%2345%3B5%3C/title%3E%20%3Cpath%20fill%3D%27none%27%20stroke%3D%27black%27%20d%3D%27M133.87,-51.52C110.26,-91%2064.12,-168.17%2040.96,-206.9%27/%3E%20%3Ctext%20text-anchor%3D%27middle%27%20x%3D%27132.33%27%20y%3D%27-61.39%27%20font-family%3D%27Times,serif%27%20font-size%3D%2714.00%27%3Eb%3C/text%3E%20%3C/g%3E%20%3C%21--%203%20--%3E%20%3Cg%20id%3D%27node3%27%20class%3D%27node%27%3E%20%3Ctitle%3E3%3C/title%3E%20%3Cellipse%20fill%3D%27none%27%20stroke%3D%27black%27%20cx%3D%27173.31%27%20cy%3D%27-246.38%27%20rx%3D%2727%27%20ry%3D%2727%27/%3E%20%3Ctext%20text-anchor%3D%27middle%27%20x%3D%27173.31%27%20y%3D%27-241.33%27%20font-family%3D%27Times,serif%27%20font-size%3D%2714.00%27%3EC%3C/text%3E%20%3C/g%3E%20%3C%21--%202%26%2345%3B%26%2345%3B3%20--%3E%20%3Cg%20id%3D%27edge3%27%20class%3D%27edge%27%3E%20%3Ctitle%3E2%26%2345%3B%26%2345%3B3%3C/title%3E%20%3Cpath%20fill%3D%27none%27%20stroke%3D%27black%27%20d%3D%27M286.24,-207.6C261.33,-216.15%20223.8,-229.04%20198.93,-237.58%27/%3E%20%3Ctext%20text-anchor%3D%27middle%27%20x%3D%27275.44%27%20y%3D%27-212.96%27%20font-family%3D%27Times,serif%27%20font-size%3D%2714.00%27%3Ec%3C/text%3E%20%3C/g%3E%20%3C%21--%204%20--%3E%20%3Cg%20id%3D%27node4%27%20class%3D%27node%27%3E%20%3Ctitle%3E4%3C/title%3E%20%3Cellipse%20fill%3D%27none%27%20stroke%3D%27black%27%20cx%3D%27263.94%27%20cy%3D%27-381.49%27%20rx%3D%2727%27%20ry%3D%2727%27/%3E%20%3Ctext%20text-anchor%3D%27middle%27%20x%3D%27263.94%27%20y%3D%27-376.44%27%20font-family%3D%27Times,serif%27%20font-size%3D%2714.00%27%3ED%3C/text%3E%20%3C/g%3E%20%3C%21--%202%26%2345%3B%26%2345%3B4%20--%3E%20%3Cg%20id%3D%27edge4%27%20class%3D%27edge%27%3E%20%3Ctitle%3E2%26%2345%3B%26%2345%3B4%3C/title%3E%20%3Cpath%20fill%3D%27none%27%20stroke%3D%27black%27%20d%3D%27M305.02,-225.32C295.88,-260.07%20279.96,-320.57%20270.86,-355.18%27/%3E%20%3Ctext%20text-anchor%3D%27middle%27%20x%3D%27307.69%27%20y%3D%27-235.03%27%20font-family%3D%27Times,serif%27%20font-size%3D%2714.00%27%3Ed%3C/text%3E%20%3C/g%3E%20%3C%21--%206%20--%3E%20%3Cg%20id%3D%27node6%27%20class%3D%27node%27%3E%20%3Ctitle%3E6%3C/title%3E%20%3Cellipse%20fill%3D%27none%27%20stroke%3D%27black%27%20cx%3D%27113.37%27%20cy%3D%27-397.71%27%20rx%3D%2727%27%20ry%3D%2727%27/%3E%20%3Ctext%20text-anchor%3D%27middle%27%20x%3D%27113.37%27%20y%3D%27-392.66%27%20font-family%3D%27Times,serif%27%20font-size%3D%2714.00%27%3EF%3C/text%3E%20%3C/g%3E%20%3C%21--%202%26%2345%3B%26%2345%3B6%20--%3E%20%3Cg%20id%3D%27edge5%27%20class%3D%27edge%27%3E%20%3Ctitle%3E2%26%2345%3B%26%2345%3B6%3C/title%3E%20%3Cpath%20fill%3D%27none%27%20stroke%3D%27black%27%20d%3D%27M292.6,-218.19C254.53,-256.32%20170.46,-340.52%20132.57,-378.48%27/%3E%20%3Ctext%20text-anchor%3D%27middle%27%20x%3D%27287.48%27%20y%3D%27-227.24%27%20font-family%3D%27Times,serif%27%20font-size%3D%2714.00%27%3Ee%3C/text%3E%20%3C/g%3E%20%3C%21--%203%26%2345%3B%26%2345%3B4%20--%3E%20%3Cg%20id%3D%27edge6%27%20class%3D%27edge%27%3E%20%3Ctitle%3E3%26%2345%3B%26%2345%3B4%3C/title%3E%20%3Cpath%20fill%3D%27none%27%20stroke%3D%27black%27%20d%3D%27M188.48,-268.99C205.21,-293.93%20231.97,-333.83%20248.72,-358.8%27/%3E%20%3Ctext%20text-anchor%3D%27middle%27%20x%3D%27201.31%27%20y%3D%27-271.7%27%20font-family%3D%27Times,serif%27%20font-size%3D%2714.00%27%3Ef%3C/text%3E%20%3C/g%3E%20%3C%21--%203%26%2345%3B%26%2345%3B5%20--%3E%20%3Cg%20id%3D%27edge7%27%20class%3D%27edge%27%3E%20%3Ctitle%3E3%26%2345%3B%26%2345%3B5%3C/title%3E%20%3Cpath%20fill%3D%27none%27%20stroke%3D%27black%27%20d%3D%27M146.13,-243.38C119.85,-240.48%2080.26,-236.12%2054.03,-233.23%27/%3E%20%3Ctext%20text-anchor%3D%27middle%27%20x%3D%27131.92%27%20y%3D%27-243.14%27%20font-family%3D%27Times,serif%27%20font-size%3D%2714.00%27%3Eg%3C/text%3E%20%3C/g%3E%20%3C%21--%203%26%2345%3B%26%2345%3B6%20--%3E%20%3Cg%20id%3D%27edge8%27%20class%3D%27edge%27%3E%20%3Ctitle%3E3%26%2345%3B%26%2345%3B6%3C/title%3E%20%3Cpath%20fill%3D%27none%27%20stroke%3D%27black%27%20d%3D%27M163.27,-271.71C152.21,-299.64%20134.51,-344.33%20123.44,-372.3%27/%3E%20%3Ctext%20text-anchor%3D%27middle%27%20x%3D%27164.16%27%20y%3D%27-281.63%27%20font-family%3D%27Times,serif%27%20font-size%3D%2714.00%27%3Eh%3C/text%3E%20%3C/g%3E%20%3C%21--%204%26%2345%3B%26%2345%3B5%20--%3E%20%3Cg%20id%3D%27edge9%27%20class%3D%27edge%27%3E%20%3Ctitle%3E4%26%2345%3B%26%2345%3B5%3C/title%3E%20%3Cpath%20fill%3D%27none%27%20stroke%3D%27black%27%20d%3D%27M240.79,-366.72C195.37,-337.73%2095.1,-273.72%2049.9,-244.86%27/%3E%20%3Ctext%20text-anchor%3D%27middle%27%20x%3D%27225.92%27%20y%3D%27-359.69%27%20font-family%3D%27Times,serif%27%20font-size%3D%2714.00%27%3Ei%3C/text%3E%20%3C/g%3E%20%3C%21--%204%26%2345%3B%26%2345%3B6%20--%3E%20%3Cg%20id%3D%27edge10%27%20class%3D%27edge%27%3E%20%3Ctitle%3E4%26%2345%3B%26%2345%3B6%3C/title%3E%20%3Cpath%20fill%3D%27none%27%20stroke%3D%27black%27%20d%3D%27M236.67,-384.43C209.47,-387.36%20167.91,-391.84%20140.69,-394.77%27/%3E%20%3Ctext%20text-anchor%3D%27middle%27%20x%3D%27223.83%27%20y%3D%27-387.14%27%20font-family%3D%27Times,serif%27%20font-size%3D%2714.00%27%3Ej%3C/text%3E%20%3C/g%3E%20%3C%21--%205%26%2345%3B%26%2345%3B6%20--%3E%20%3Cg%20id%3D%27edge11%27%20class%3D%27edge%27%3E%20%3Ctitle%3E5%26%2345%3B%26%2345%3B6%3C/title%3E%20%3Cpath%20fill%3D%27none%27%20stroke%3D%27black%27%20d%3D%27M39.56,-254.6C55.93,-286.35%2084.41,-341.57%20100.8,-373.33%27/%3E%20%3Ctext%20text-anchor%3D%27middle%27%20x%3D%2751.42%27%20y%3D%27-258.72%27%20font-family%3D%27Times,serif%27%20font-size%3D%2714.00%27%3Ek%3C/text%3E%20%3C/g%3E%20%3C/g%3E%20%3C/svg%3E&gt;&quot;)</code>
        <domain>MATH</domain>
      </initializationCode>
    </VariableDeclaration>
    <VariableDeclaration id="53">
      <name>graph</name>
      <initializationCode id="54">
        <code>getFromList([var=variant], [var=graphs])</code>
        <domain>MATH</domain>
      </initializationCode>
    </VariableDeclaration>
    <VariableDeclaration id="55">
      <name>start_node</name>
      <initializationCode id="56">
        <code>&apos;A&apos;</code>
        <domain>MATH</domain>
      </initializationCode>
    </VariableDeclaration>
    <VariableDeclaration id="57">
      <name>all_solutions_html</name>
      <initializationCode id="58">
        <code>{ &apos;&lt;ul&gt;&lt;li&gt;a → d → e&lt;/li&gt;&lt;li&gt;b → e → d&lt;/li&gt;&lt;/ul&gt;&apos;; &apos;&lt;ul&gt;&lt;li&gt;a → d → f&lt;/li&gt;&lt;li&gt;a → e → f&lt;/li&gt;&lt;li&gt;b → f → d&lt;/li&gt;&lt;li&gt;b → e → d&lt;/li&gt;&lt;li&gt;c → d → e&lt;/li&gt;&lt;li&gt;c → f → e&lt;/li&gt;&lt;/ul&gt;&apos;; &apos;&lt;ul&gt;&lt;li&gt;a → d → f → h&lt;/li&gt;&lt;li&gt;a → d → g → h&lt;/li&gt;&lt;li&gt;a → e → f → g&lt;/li&gt;&lt;li&gt;a → e → h → g&lt;/li&gt;&lt;li&gt;b → e → d → g&lt;/li&gt;&lt;li&gt;b → h → g → d&lt;/li&gt;&lt;li&gt;c → d → e → h&lt;/li&gt;&lt;li&gt;c → g → h → e&lt;/li&gt;&lt;/ul&gt;&apos;; &apos;&lt;ul&gt;&lt;li&gt;a → e → m → i → k → n → o&lt;/li&gt;&lt;li&gt;a → e → m → i → l → o → n&lt;/li&gt;&lt;li&gt;a → f → n → o → l → h → m&lt;/li&gt;&lt;li&gt;a → f → n → o → l → i → m&lt;/li&gt;&lt;li&gt;b → e → f → n → o → l → i&lt;/li&gt;&lt;li&gt;b → m → i → d → f → n → o&lt;/li&gt;&lt;li&gt;b → m → i → k → f → g → o&lt;/li&gt;&lt;li&gt;b → m → i → l → o → n → f&lt;/li&gt;&lt;li&gt;b → m → i → l → o → g → f&lt;/li&gt;&lt;li&gt;c → i → m → e → f → n → o&lt;/li&gt;&lt;li&gt;c → l → o → n → f → e → m&lt;/li&gt;&lt;/ul&gt;&apos;; &apos;&lt;ul&gt;&lt;li&gt;b → j → i → e → g&lt;/li&gt;&lt;li&gt;c → i → j → f → g&lt;/li&gt;&lt;li&gt;d → g → e → h → j&lt;/li&gt;&lt;li&gt;d → g → e → i → j&lt;/li&gt;&lt;li&gt;d → g → f → h → i&lt;/li&gt;&lt;li&gt;d → g → f → j → i&lt;/li&gt;&lt;/ul&gt;&apos;; &apos;&lt;ul&gt;&lt;li&gt;a → f → g&lt;/li&gt;&lt;li&gt;b → f → g&lt;/li&gt;&lt;li&gt;c → g → f&lt;/li&gt;&lt;li&gt;d → g → f&lt;/li&gt;&lt;/ul&gt;&apos;; &apos;Empty&apos;; &apos;&lt;ul&gt;&lt;li&gt;a → c → f → i → k&lt;/li&gt;&lt;li&gt;a → c → f → j → k&lt;/li&gt;&lt;li&gt;a → c → g → i → j&lt;/li&gt;&lt;li&gt;a → c → g → k → j&lt;/li&gt;&lt;li&gt;a → c → h → j → i&lt;/li&gt;&lt;li&gt;a → c → h → k → i&lt;/li&gt;&lt;li&gt;a → d → f → g → k&lt;/li&gt;&lt;li&gt;a → d → f → h → k&lt;/li&gt;&lt;li&gt;a → d → i → g → h&lt;/li&gt;&lt;li&gt;a → d → i → k → h&lt;/li&gt;&lt;li&gt;a → d → j → h → g&lt;/li&gt;&lt;li&gt;a → d → j → k → g&lt;/li&gt;&lt;li&gt;a → e → h → f → i&lt;/li&gt;&lt;li&gt;a → e → h → g → i&lt;/li&gt;&lt;li&gt;a → e → j → f → g&lt;/li&gt;&lt;li&gt;a → e → j → i → g&lt;/li&gt;&lt;li&gt;a → e → k → i → f&lt;/li&gt;&lt;li&gt;a → e → k → g → f&lt;/li&gt;&lt;li&gt;b → i → f → c → e&lt;/li&gt;&lt;li&gt;b → i → f → h → e&lt;/li&gt;&lt;li&gt;b → i → d → c → h&lt;/li&gt;&lt;li&gt;b → i → d → e → h&lt;/li&gt;&lt;li&gt;b → i → j → e → c&lt;/li&gt;&lt;li&gt;b → i → j → h → c&lt;/li&gt;&lt;li&gt;b → g → c → d → j&lt;/li&gt;&lt;li&gt;b → g → c → e → j&lt;/li&gt;&lt;li&gt;b → g → f → d → e&lt;/li&gt;&lt;li&gt;b → g → f → j → e&lt;/li&gt;&lt;li&gt;b → g → h → e → d&lt;/li&gt;&lt;li&gt;b → g → h → j → d&lt;/li&gt;&lt;li&gt;b → k → e → c → f&lt;/li&gt;&lt;li&gt;b → k → e → d → f&lt;/li&gt;&lt;li&gt;b → k → h → c → d&lt;/li&gt;&lt;li&gt;b → k → h → f → d&lt;/li&gt;&lt;li&gt;b → k → j → f → c&lt;/li&gt;&lt;li&gt;b → k → j → d → c&lt;/li&gt;&lt;/ul&gt;&apos; }</code>
        <domain>MATH</domain>
      </initializationCode>
    </VariableDeclaration>
    <VariableDeclaration id="59">
      <name>feedback_solutions</name>
      <initializationCode id="60">
        <code>getFromList([var=variant], [var=all_solutions_html])</code>
        <domain>MATH</domain>
      </initializationCode>
    </VariableDeclaration>
  </variableDeclarations>
  <jSXGraphs id="61"/>
  <dynamicMolecules id="62"/>
  <resultFeedbackMappings id="63"/>
</Exercise>