<Exercise id="1">
  <name>theoretical_Theorems_and_Proberties</name>
  <internalNotes></internalNotes>
  <language>en</language>
  <difficulty>0</difficulty>
  <tags id="2"/>
  <resources id="3"/>
  <stages id="4">
    <MCStage id="5">
      <internalName>#1</internalName>
      <externalName>Handshaking Lemma and Odd-Degree Vertices</externalName>
      <taskDescription>&lt;div&gt;What does the Handshaking Lemma tell us about odd-degree vertices?&lt;/div&gt;</taskDescription>
      <feedbackRules id="6"/>
      <defaultTransition id="7">
        <conditionExpression id="8">
          <domain>MATH</domain>
        </conditionExpression>
        <stageExpression id="9">
          <domain>MATH</domain>
        </stageExpression>
        <targetStage class="MCStage" id="10">
          <internalName>#2</internalName>
          <externalName>Applying Dirac’s Theorem</externalName>
          <taskDescription>&lt;div&gt;According to Dirac&amp;rsquo;s theorem, what is the minimum degree needed in a 10-vertex graph to guarantee a Hamiltonian cycle?&lt;/div&gt;</taskDescription>
          <feedbackRules id="11"/>
          <defaultTransition id="12">
            <conditionExpression id="13">
              <domain>MATH</domain>
            </conditionExpression>
            <stageExpression id="14">
              <domain>MATH</domain>
            </stageExpression>
            <targetStage class="MCStage" id="15">
              <internalName>#3</internalName>
              <externalName>Hamiltonian Cycles and Graph Connectivity</externalName>
              <taskDescription>&lt;div&gt;If a graph has a Hamiltonian cycle, what can we say about its connectivity?&lt;/div&gt;</taskDescription>
              <feedbackRules id="16"/>
              <defaultTransition id="17">
                <conditionExpression id="18">
                  <domain>MATH</domain>
                </conditionExpression>
                <stageExpression id="19">
                  <domain>MATH</domain>
                </stageExpression>
                <type>NEXT_OR_END</type>
                <extraWeight>0</extraWeight>
              </defaultTransition>
              <skipTransitions id="20"/>
              <stageTransitions id="21"/>
              <hints id="22"/>
              <variableUpdatesOnEnter id="23"/>
              <variableUpdatesBeforeCheck id="24"/>
              <variableUpdatesAfterCheck id="25"/>
              <variableUpdatesOnNormalExit id="26"/>
              <variableUpdatesOnRepeat id="27"/>
              <variableUpdatesOnSkip id="28"/>
              <weight>1</weight>
              <orderIndex>2</orderIndex>
              <allowSkip>true</allowSkip>
              <resources id="29"/>
              <answerOptions id="30">
                <MCAnswer id="31">
                  <order>0</order>
                  <rule>CORRECT</rule>
                  <text>&lt;div&gt;The graph must be 2-connected (vertex connectivity $\geq 2$&lt;/div&gt;</text>
                  <variableName></variableName>
                  <mcstage reference="15"/>
                </MCAnswer>
                <MCAnswer id="32">
                  <order>1</order>
                  <rule>WRONG</rule>
                  <text>&lt;div&gt;The graph must be connected but can be 1-connected&lt;/div&gt;</text>
                  <variableName></variableName>
                  <mcstage reference="15"/>
                </MCAnswer>
                <MCAnswer id="33">
                  <order>2</order>
                  <rule>WRONG</rule>
                  <text>&lt;div&gt;The graph must be 3-connected (vertex connectivity $\geq 3$)&lt;/div&gt;</text>
                  <variableName></variableName>
                  <mcstage reference="15"/>
                </MCAnswer>
                <MCAnswer id="34">
                  <order>3</order>
                  <rule>WRONG</rule>
                  <text>&lt;div&gt;The graph can be disconnected if the cycle is in one component&lt;/div&gt;</text>
                  <variableName></variableName>
                  <mcstage reference="15"/>
                </MCAnswer>
              </answerOptions>
              <randomize>false</randomize>
              <maxSelections>1</maxSelections>
              <correctAnswerFeedback>&lt;div&gt;&#xd;
&lt;div&gt;Correct. A Hamiltonian cycle visits every vertex exactly once and&lt;br&gt;returns to the start. This creates a cycle subgraph that spans&lt;br&gt;all vertices. Since a cycle is 2-connected (you can remove any&lt;br&gt;single vertex and still have a path between remaining vertices),&lt;br&gt;the entire graph must be at least 2-connected. This means there&lt;br&gt;are at least two vertex-disjoint paths between any pair of&lt;br&gt;vertices. Note that the graph could have higher connectivity, but&lt;br&gt;2-connectivity is guaranteed by the existence of a Hamiltonian&lt;br&gt;cycle.&lt;/div&gt;&#xd;
&lt;div&gt;Solution: The graph must be 2-connected (vertex connectivity&lt;br&gt;$\geq 2$)&lt;/div&gt;&#xd;
&lt;/div&gt;</correctAnswerFeedback>
              <pointMode>MANUAL</pointMode>
              <feedbackDisplayMode>NEVER</feedbackDisplayMode>
              <defaultResult>0</defaultResult>
              <extraFeedbacks id="35">
                <de.uni__due.s3.jack3.entities.stagetypes.mc.MCFeedback id="36">
                  <feedback__order>0</feedback__order>
                  <stage reference="15"/>
                  <expression id="37">
                    <code>![input=mcindex_0]&amp;&amp;[input=mcindex_1]&amp;&amp;![input=mcindex_2]&amp;&amp;![input=mcindex_3]</code>
                    <domain>MATH</domain>
                  </expression>
                  <condition id="38">
                    <code></code>
                    <domain>MATH</domain>
                  </condition>
                  <result>0</result>
                  <feedbackText>&lt;div&gt;&#xd;
&lt;div&gt;Incorrect. A graph with a Hamiltonian cycle must be more than just connected. It must be 2-connected. A 1-connected graph has a cut vertex (a vertex whose removal disconnects the graph). But if a graph has a Hamiltonian cycle, you can remove any single vertex and still traverse all remaining vertices along the cycle. For example, a tree is 1-connected but can never have a Hamiltonian&lt;br&gt;cycle (except for $K_2$, which is just an edge).&lt;/div&gt;&#xd;
&lt;div&gt;Solution: The graph must be 2-connected (vertex connectivity $\geq 2$)&lt;/div&gt;&#xd;
&lt;/div&gt;</feedbackText>
                </de.uni__due.s3.jack3.entities.stagetypes.mc.MCFeedback>
                <de.uni__due.s3.jack3.entities.stagetypes.mc.MCFeedback id="39">
                  <feedback__order>1</feedback__order>
                  <stage reference="15"/>
                  <expression id="40">
                    <code>![input=mcindex_0]&amp;&amp;![input=mcindex_1]&amp;&amp;[input=mcindex_2]&amp;&amp;![input=mcindex_3]</code>
                    <domain>MATH</domain>
                  </expression>
                  <condition id="41">
                    <code></code>
                    <domain>MATH</domain>
                  </condition>
                  <result>0</result>
                  <feedbackText>&lt;div&gt;&#xd;
&lt;div&gt;Incorrect. While a Hamiltonian cycle guarantees 2-connectivity, it doesn&apos;t guarantee 3-connectivity. Consider a cycle graph $C_n$ itself - it has a Hamiltonian cycle (the cycle visits all vertices) but is only 2-connected, not 3-connected. Removing any two vertices from a cycle disconnects it. Many graphs with Hamiltonian cycles have vertex connectivity exactly 2.&lt;/div&gt;&#xd;
&lt;div&gt;Solution: The graph must be 2-connected (vertex connectivity&lt;br&gt;$\geq 2$)&lt;/div&gt;&#xd;
&lt;/div&gt;</feedbackText>
                </de.uni__due.s3.jack3.entities.stagetypes.mc.MCFeedback>
                <de.uni__due.s3.jack3.entities.stagetypes.mc.MCFeedback id="42">
                  <feedback__order>2</feedback__order>
                  <stage reference="15"/>
                  <expression id="43">
                    <code>![input=mcindex_0]&amp;&amp;![input=mcindex_1]&amp;&amp;![input=mcindex_2]&amp;&amp;[input=mcindex_3]</code>
                    <domain>MATH</domain>
                  </expression>
                  <condition id="44">
                    <code></code>
                    <domain>MATH</domain>
                  </condition>
                  <result>0</result>
                  <feedbackText>&lt;div&gt;&#xd;
&lt;div&gt;Incorrect. A Hamiltonian cycle must visit every vertex in the graph exactly once. If the graph is disconnected, there&apos;s no way to create a single cycle that reaches vertices in different components. By definition, a Hamiltonian cycle requires the graph to be connected. In fact, it requires even stronger connectivity: The graph must be 2-connected.&lt;/div&gt;&#xd;
&lt;div&gt;Solution: The graph must be 2-connected (vertex connectivity&lt;br&gt;$\geq 2$)&lt;/div&gt;&#xd;
&lt;/div&gt;</feedbackText>
                </de.uni__due.s3.jack3.entities.stagetypes.mc.MCFeedback>
              </extraFeedbacks>
            </targetStage>
            <type>NEXT_OR_END</type>
            <extraWeight>0</extraWeight>
          </defaultTransition>
          <skipTransitions id="45"/>
          <stageTransitions id="46"/>
          <hints id="47"/>
          <variableUpdatesOnEnter id="48"/>
          <variableUpdatesBeforeCheck id="49"/>
          <variableUpdatesAfterCheck id="50"/>
          <variableUpdatesOnNormalExit id="51"/>
          <variableUpdatesOnRepeat id="52"/>
          <variableUpdatesOnSkip id="53"/>
          <weight>1</weight>
          <orderIndex>1</orderIndex>
          <allowSkip>true</allowSkip>
          <resources id="54"/>
          <answerOptions id="55">
            <MCAnswer id="56">
              <order>0</order>
              <rule>CORRECT</rule>
              <text>&lt;div&gt;At least 5 (i.e., $\delta \geq n/2$ where $n = 10$)&lt;/div&gt;</text>
              <variableName></variableName>
              <mcstage reference="10"/>
            </MCAnswer>
            <MCAnswer id="57">
              <order>1</order>
              <rule>WRONG</rule>
              <text>&lt;div&gt;At least 6 (i.e., $\delta &amp;gt; n/2$ where $n = 10$)&lt;/div&gt;</text>
              <variableName></variableName>
              <mcstage reference="10"/>
            </MCAnswer>
            <MCAnswer id="58">
              <order>2</order>
              <rule>WRONG</rule>
              <text>&lt;div&gt;At least 9 (i.e., $\delta \geq n-1$ where $n = 10$)&lt;/div&gt;</text>
              <variableName></variableName>
              <mcstage reference="10"/>
            </MCAnswer>
            <MCAnswer id="59">
              <order>3</order>
              <rule>WRONG</rule>
              <text>&lt;div&gt;At least 4 (i.e., $\delta \geq n/2 - 1$ where $n = 10$)&lt;/div&gt;</text>
              <variableName></variableName>
              <mcstage reference="10"/>
            </MCAnswer>
          </answerOptions>
          <randomize>false</randomize>
          <maxSelections>1</maxSelections>
          <correctAnswerFeedback>&lt;div&gt;&#xd;
&lt;div&gt;Correct. Dirac&apos;s theorem states that a simple graph with $n \geq 3$ vertices has a Hamiltonian cycle if every vertex has degree at least $n/2$. For a 10-vertex graph, $n/2 = 5$, so every vertex must have degree at least 5. This is a sufficient (but not necessary) condition - graphs with lower minimum degree might still have Hamiltonian cycles, but Dirac&apos;s theorem doesn&apos;t guarantee it. Note that the condition is $\delta \geq n/2$, which for even $n$ means at least half the vertices.&lt;/div&gt;&#xd;
&lt;div&gt;Solution: At least 5 (i.e., $\delta \geq n/2$ where $n = 10$)&lt;/div&gt;&#xd;
&lt;/div&gt;</correctAnswerFeedback>
          <pointMode>MANUAL</pointMode>
          <feedbackDisplayMode>NEVER</feedbackDisplayMode>
          <defaultResult>0</defaultResult>
          <extraFeedbacks id="60">
            <de.uni__due.s3.jack3.entities.stagetypes.mc.MCFeedback id="61">
              <feedback__order>0</feedback__order>
              <stage reference="10"/>
              <expression id="62">
                <code>![input=mcindex_0]&amp;&amp;[input=mcindex_1]&amp;&amp;![input=mcindex_2]&amp;&amp;![input=mcindex_3]</code>
                <domain>MATH</domain>
              </expression>
              <condition id="63">
                <code></code>
                <domain>MATH</domain>
              </condition>
              <result>0</result>
              <feedbackText>&lt;div&gt;&#xd;
&lt;div&gt;Incorrect. You&apos;re using a strict inequality ($\delta &amp;gt; n/2$), but Dirac&apos;s theorem uses a non-strict inequality. The correct statement is $\delta \geq n/2$, not $\delta &amp;gt; n/2$. For $n = 10$, this means&lt;br&gt;degree at least 5, not strictly greater than 5. The theorem guarantees a Hamiltonian cycle when every vertex has degree at least $n/2$ (including exactly $n/2$).&lt;/div&gt;&#xd;
&lt;div&gt;Solution: At least 5 (i.e., $\delta \geq n/2$ where $n = 10$)&lt;/div&gt;&#xd;
&lt;/div&gt;</feedbackText>
            </de.uni__due.s3.jack3.entities.stagetypes.mc.MCFeedback>
            <de.uni__due.s3.jack3.entities.stagetypes.mc.MCFeedback id="64">
              <feedback__order>1</feedback__order>
              <stage reference="10"/>
              <expression id="65">
                <code>![input=mcindex_0]&amp;&amp;![input=mcindex_1]&amp;&amp;[input=mcindex_2]&amp;&amp;![input=mcindex_3]</code>
                <domain>MATH</domain>
              </expression>
              <condition id="66">
                <code></code>
                <domain>MATH</domain>
              </condition>
              <result>0</result>
              <feedbackText>&lt;div&gt;&#xd;
&lt;div&gt;Incorrect. While a graph where every vertex has degree at least&lt;br&gt;$n-1$ would certainly have a Hamiltonian cycle (in fact, $K_n$&lt;br&gt;has all degrees equal to $n-1$), this is far too strong a&lt;br&gt;requirement. Dirac&apos;s theorem gives a much weaker sufficient&lt;br&gt;condition: degree at least $n/2 = 5$ for a 10-vertex graph. Your&lt;br&gt;answer would require degree at least 9, which is nearly a complete&lt;br&gt;graph.&lt;/div&gt;&#xd;
&lt;div&gt;Solution: At least 5 (i.e., $\delta \geq n/2$ where $n = 10$)&lt;/div&gt;&#xd;
&lt;/div&gt;</feedbackText>
            </de.uni__due.s3.jack3.entities.stagetypes.mc.MCFeedback>
            <de.uni__due.s3.jack3.entities.stagetypes.mc.MCFeedback id="67">
              <feedback__order>2</feedback__order>
              <stage reference="10"/>
              <expression id="68">
                <code>![input=mcindex_0]&amp;&amp;![input=mcindex_1]&amp;&amp;![input=mcindex_2]&amp;&amp;[input=mcindex_3]</code>
                <domain>MATH</domain>
              </expression>
              <condition id="69">
                <code></code>
                <domain>MATH</domain>
              </condition>
              <result>0</result>
              <feedbackText>&lt;div&gt;&#xd;
&lt;div&gt;Incorrect. This underestimates the degree requirement. Dirac&apos;s&lt;br&gt;theorem requires degree at least $n/2$, not $n/2 - 1$. For&lt;br&gt;$n = 10$, this means at least 5, not at least 4. A graph with&lt;br&gt;minimum degree 4 is not guaranteed to have a Hamiltonian cycle&lt;br&gt;by Dirac&apos;s theorem. The difference of 1 matters - there are&lt;br&gt;counterexamples with minimum degree 4 that lack Hamiltonian&lt;br&gt;cycles.&lt;/div&gt;&#xd;
&lt;div&gt;Solution: At least 5 (i.e., $\delta \geq n/2$ where $n = 10$)&lt;/div&gt;&#xd;
&lt;/div&gt;</feedbackText>
            </de.uni__due.s3.jack3.entities.stagetypes.mc.MCFeedback>
          </extraFeedbacks>
        </targetStage>
        <type>NEXT_OR_END</type>
        <extraWeight>0</extraWeight>
      </defaultTransition>
      <skipTransitions id="70"/>
      <stageTransitions id="71"/>
      <hints id="72"/>
      <variableUpdatesOnEnter id="73"/>
      <variableUpdatesBeforeCheck id="74"/>
      <variableUpdatesAfterCheck id="75"/>
      <variableUpdatesOnNormalExit id="76"/>
      <variableUpdatesOnRepeat id="77"/>
      <variableUpdatesOnSkip id="78"/>
      <weight>1</weight>
      <orderIndex>0</orderIndex>
      <allowSkip>false</allowSkip>
      <resources id="79"/>
      <answerOptions id="80">
        <MCAnswer id="81">
          <order>0</order>
          <rule>CORRECT</rule>
          <text>&lt;div&gt;The number of odd-degree vertices must be even&lt;/div&gt;</text>
          <variableName></variableName>
          <mcstage reference="5"/>
        </MCAnswer>
        <MCAnswer id="82">
          <order>1</order>
          <rule>WRONG</rule>
          <text>&lt;div&gt;The number of odd-degree vertices must be odd&lt;/div&gt;</text>
          <variableName></variableName>
          <mcstage reference="5"/>
        </MCAnswer>
        <MCAnswer id="83">
          <order>2</order>
          <rule>WRONG</rule>
          <text>&lt;div&gt;Every graph must have at least one odd-degree vertex&lt;/div&gt;</text>
          <variableName></variableName>
          <mcstage reference="5"/>
        </MCAnswer>
        <MCAnswer id="84">
          <order>3</order>
          <rule>WRONG</rule>
          <text>&lt;div&gt;The number of odd-degree vertices equals the number of edges&lt;/div&gt;</text>
          <variableName></variableName>
          <mcstage reference="5"/>
        </MCAnswer>
      </answerOptions>
      <randomize>false</randomize>
      <maxSelections>1</maxSelections>
      <correctAnswerFeedback>&lt;div&gt;Correct. The Handshaking Lemma states that the sum of all vertex degrees equals twice the number of edges (since each edge contributes to exactly two vertices). This sum must be even.&lt;/div&gt;&#xd;
&lt;div&gt;Solution: The number of odd-degree vertices must be even&lt;/div&gt;</correctAnswerFeedback>
      <pointMode>MANUAL</pointMode>
      <feedbackDisplayMode>NEVER</feedbackDisplayMode>
      <defaultResult>0</defaultResult>
      <extraFeedbacks id="85">
        <de.uni__due.s3.jack3.entities.stagetypes.mc.MCFeedback id="86">
          <feedback__order>0</feedback__order>
          <stage reference="5"/>
          <expression id="87">
            <code>![input=mcindex_0]&amp;&amp;[input=mcindex_1]&amp;&amp;![input=mcindex_2]&amp;&amp;![input=mcindex_3]</code>
            <domain>MATH</domain>
          </expression>
          <condition id="88">
            <code></code>
            <domain>MATH</domain>
          </condition>
          <result>0</result>
          <feedbackText>&lt;div&gt;Incorrect. This contradicts the Handshaking Lemma. The sum of all&lt;br&gt;degrees equals twice the number of edges, which is always even. Since even-degree vertices contribute an even sum, the odd-degree vertices must also sum to an even number. You can only get an even sum from odd numbers if you have an even count of them, not an odd count.&lt;br&gt;Solution: The number of odd-degree vertices must be even&lt;/div&gt;</feedbackText>
        </de.uni__due.s3.jack3.entities.stagetypes.mc.MCFeedback>
        <de.uni__due.s3.jack3.entities.stagetypes.mc.MCFeedback id="89">
          <feedback__order>1</feedback__order>
          <stage reference="5"/>
          <expression id="90">
            <code>![input=mcindex_0]&amp;&amp;![input=mcindex_1]&amp;&amp;[input=mcindex_2]&amp;&amp;![input=mcindex_3]</code>
            <domain>MATH</domain>
          </expression>
          <condition id="91">
            <code></code>
            <domain>MATH</domain>
          </condition>
          <result>0</result>
          <feedbackText>&lt;div&gt;Incorrect. Many graphs have no odd-degree vertices at all. For example, any cycle graph has all vertices with degree 2 (even). Complete graphs $K_n$ where $n$ is odd have all vertices with&lt;br&gt;even degree $n-1$. The Handshaking Lemma doesn&apos;t require odd-degree vertices to exist - it only states that if they do exist, there must be an even number of them.&lt;br&gt;Solution: The number of odd-degree vertices must be even&lt;/div&gt;</feedbackText>
        </de.uni__due.s3.jack3.entities.stagetypes.mc.MCFeedback>
        <de.uni__due.s3.jack3.entities.stagetypes.mc.MCFeedback id="92">
          <feedback__order>2</feedback__order>
          <stage reference="5"/>
          <expression id="93">
            <code>![input=mcindex_0]&amp;&amp;![input=mcindex_1]&amp;&amp;![input=mcindex_2]&amp;&amp;[input=mcindex_3]</code>
            <domain>MATH</domain>
          </expression>
          <condition id="94">
            <code></code>
            <domain>MATH</domain>
          </condition>
          <result>0</result>
          <feedbackText>&lt;div&gt;Incorrect. The number of odd-degree vertices and the number of edges are generally unrelated. For example, a triangle ($K_3$) has 3 edges but 0 odd-degree vertices. A path of 3 vertices has 2 edges and 2 odd-degree vertices. The Handshaking Lemma tells us that the sum of all degrees equals twice the number of edges, and as a consequence, the number of odd-degree vertices must be even. Solution: The number of odd-degree vertices must be even&lt;/div&gt;</feedbackText>
        </de.uni__due.s3.jack3.entities.stagetypes.mc.MCFeedback>
      </extraFeedbacks>
    </MCStage>
    <MCStage reference="10"/>
    <MCStage reference="15"/>
  </stages>
  <startStage class="MCStage" reference="5"/>
  <variableDeclarations id="95"/>
  <jSXGraphs id="96"/>
  <dynamicMolecules id="97"/>
  <resultFeedbackMappings id="98"/>
</Exercise>