<Exercise id="1">
  <name>theoretical_definitions_and_concepts</name>
  <internalNotes></internalNotes>
  <language>en</language>
  <difficulty>0</difficulty>
  <tags id="2"/>
  <resources id="3"/>
  <stages id="4">
    <MCStage id="5">
      <internalName>#1</internalName>
      <externalName>Semi-Eulerian Graphs</externalName>
      <taskDescription>&lt;div&gt;A semi-Eulerian graph has specific properties related to vertex degrees.&lt;/div&gt;
&lt;div&gt;&amp;nbsp;&lt;/div&gt;
&lt;div&gt;What is a semi-Eulerian graph?&lt;/div&gt;</taskDescription>
      <feedbackRules id="6"/>
      <defaultTransition id="7">
        <conditionExpression id="8">
          <domain>MATH</domain>
        </conditionExpression>
        <stageExpression id="9">
          <domain>MATH</domain>
        </stageExpression>
        <targetStage class="MCStage" id="10">
          <internalName>#2</internalName>
          <externalName>Finding Eulerian Paths</externalName>
          <taskDescription>&lt;div&gt;Different algorithms solve different graph problems.&lt;/div&gt;
&lt;div&gt;&amp;nbsp;&lt;/div&gt;
&lt;div&gt;Which algorithm is used to find Eulerian paths?&lt;/div&gt;</taskDescription>
          <feedbackRules id="11"/>
          <defaultTransition id="12">
            <conditionExpression id="13">
              <domain>MATH</domain>
            </conditionExpression>
            <stageExpression id="14">
              <domain>MATH</domain>
            </stageExpression>
            <targetStage class="MCStage" id="15">
              <internalName>#3</internalName>
              <externalName>Historical Origins</externalName>
              <taskDescription>&lt;div&gt;Eulerian path theory emerged from a famous historical puzzle.&lt;/div&gt;
&lt;div&gt;&amp;nbsp;&lt;/div&gt;
&lt;div&gt;What was the historical problem that led to Eulerian path theory?&lt;/div&gt;</taskDescription>
              <feedbackRules id="16"/>
              <defaultTransition id="17">
                <conditionExpression id="18">
                  <domain>MATH</domain>
                </conditionExpression>
                <stageExpression id="19">
                  <domain>MATH</domain>
                </stageExpression>
                <targetStage class="MCStage" id="20">
                  <internalName>#4</internalName>
                  <externalName>Trails and Eulerian Paths</externalName>
                  <taskDescription>&lt;div&gt;Both trails and Eulerian paths are types of walks in graphs.&lt;/div&gt;
&lt;div&gt;&lt;br&gt;What is the key difference between a trail and an Eulerian path?&lt;/div&gt;</taskDescription>
                  <feedbackRules id="21"/>
                  <defaultTransition id="22">
                    <conditionExpression id="23">
                      <domain>MATH</domain>
                    </conditionExpression>
                    <stageExpression id="24">
                      <domain>MATH</domain>
                    </stageExpression>
                    <targetStage class="MCStage" id="25">
                      <internalName>#5</internalName>
                      <externalName>Directed Graph Eulerian Circuits</externalName>
                      <taskDescription>&lt;div&gt;In directed graphs, Eulerian circuits require specific degree conditions.&lt;/div&gt;
&lt;div&gt;&amp;nbsp;&lt;/div&gt;
&lt;div&gt;In a directed graph, what condition allows for an Eulerian circuit?&lt;/div&gt;</taskDescription>
                      <feedbackRules id="26"/>
                      <defaultTransition id="27">
                        <conditionExpression id="28">
                          <domain>MATH</domain>
                        </conditionExpression>
                        <stageExpression id="29">
                          <domain>MATH</domain>
                        </stageExpression>
                        <targetStage class="MCStage" id="30">
                          <internalName>#6</internalName>
                          <externalName>Computational Complexity</externalName>
                          <taskDescription>&lt;div&gt;Different graph problems have different computational complexities.&lt;/div&gt;
&lt;div&gt;&amp;nbsp;&lt;/div&gt;
&lt;div&gt;What is the computational complexity of finding a Hamiltonian path?&lt;/div&gt;</taskDescription>
                          <feedbackRules id="31"/>
                          <defaultTransition id="32">
                            <conditionExpression id="33">
                              <domain>MATH</domain>
                            </conditionExpression>
                            <stageExpression id="34">
                              <domain>MATH</domain>
                            </stageExpression>
                            <type>NEXT_OR_END</type>
                            <extraWeight>0</extraWeight>
                          </defaultTransition>
                          <skipTransitions id="35"/>
                          <stageTransitions id="36"/>
                          <hints id="37"/>
                          <variableUpdatesOnEnter id="38"/>
                          <variableUpdatesBeforeCheck id="39"/>
                          <variableUpdatesAfterCheck id="40"/>
                          <variableUpdatesOnNormalExit id="41"/>
                          <variableUpdatesOnRepeat id="42"/>
                          <variableUpdatesOnSkip id="43"/>
                          <weight>1</weight>
                          <orderIndex>5</orderIndex>
                          <allowSkip>true</allowSkip>
                          <resources id="44"/>
                          <answerOptions id="45">
                            <MCAnswer id="46">
                              <order>0</order>
                              <rule>WRONG</rule>
                              <text>&lt;div&gt;$\mathcal{O}(n \log n)$&lt;/div&gt;</text>
                              <variableName></variableName>
                              <mcstage reference="30"/>
                            </MCAnswer>
                            <MCAnswer id="47">
                              <order>1</order>
                              <rule>WRONG</rule>
                              <text>&lt;div&gt;$\mathcal{O}(n^2)$&lt;/div&gt;</text>
                              <variableName></variableName>
                              <mcstage reference="30"/>
                            </MCAnswer>
                            <MCAnswer id="48">
                              <order>2</order>
                              <rule>CORRECT</rule>
                              <text>&lt;div&gt;NP-complete&lt;/div&gt;</text>
                              <variableName></variableName>
                              <mcstage reference="30"/>
                            </MCAnswer>
                            <MCAnswer id="49">
                              <order>3</order>
                              <rule>WRONG</rule>
                              <text>&lt;div&gt;$\mathcal{O}(V + E)$ where $V$ is vertices and&lt;/div&gt;</text>
                              <variableName></variableName>
                              <mcstage reference="30"/>
                            </MCAnswer>
                          </answerOptions>
                          <randomize>false</randomize>
                          <maxSelections>1</maxSelections>
                          <correctAnswerFeedback>&lt;div&gt;Correct. The Hamiltonian path problem is NP-complete, meaning no known polynomial-time algorithm exists. This contrasts with Eulerian paths, which can be found in linear time.&lt;/div&gt;&#xd;
&lt;div&gt;&amp;nbsp;&lt;/div&gt;&#xd;
&lt;div&gt;Solution: NP-complete&lt;/div&gt;</correctAnswerFeedback>
                          <pointMode>MANUAL</pointMode>
                          <feedbackDisplayMode>NEVER</feedbackDisplayMode>
                          <defaultResult>0</defaultResult>
                          <extraFeedbacks id="50">
                            <de.uni__due.s3.jack3.entities.stagetypes.mc.MCFeedback id="51">
                              <feedback__order>0</feedback__order>
                              <stage reference="30"/>
                              <expression id="52">
                                <code>[input=mcindex_0]&amp;&amp;![input=mcindex_1]&amp;&amp;![input=mcindex_2]&amp;&amp;![input=mcindex_3]</code>
                                <domain>MATH</domain>
                              </expression>
                              <condition id="53">
                                <code></code>
                                <domain>MATH</domain>
                              </condition>
                              <result>0</result>
                              <feedbackText>&lt;div&gt;Incorrect. Finding a Hamiltonian path is much harder than&lt;br&gt;$\mathcal{O}(n \log n)$ - no polynomial time algorithm is known.&lt;/div&gt;&#xd;
&lt;div&gt;&amp;nbsp;&lt;/div&gt;&#xd;
&lt;div&gt;Solution: NP-complete&lt;/div&gt;</feedbackText>
                            </de.uni__due.s3.jack3.entities.stagetypes.mc.MCFeedback>
                            <de.uni__due.s3.jack3.entities.stagetypes.mc.MCFeedback id="54">
                              <feedback__order>1</feedback__order>
                              <stage reference="30"/>
                              <expression id="55">
                                <code>![input=mcindex_0]&amp;&amp;[input=mcindex_1]&amp;&amp;![input=mcindex_2]&amp;&amp;![input=mcindex_3]</code>
                                <domain>MATH</domain>
                              </expression>
                              <condition id="56">
                                <code></code>
                                <domain>MATH</domain>
                              </condition>
                              <result>0</result>
                              <feedbackText>&lt;div&gt;Incorrect. Finding a Hamiltonian path is computationally harder than $\mathcal{O}(n^2)$ - it&apos;s an NP-complete problem.&lt;/div&gt;&#xd;
&lt;div&gt;&amp;nbsp;&lt;/div&gt;&#xd;
&lt;div&gt;Solution: NP-complete&lt;/div&gt;</feedbackText>
                            </de.uni__due.s3.jack3.entities.stagetypes.mc.MCFeedback>
                            <de.uni__due.s3.jack3.entities.stagetypes.mc.MCFeedback id="57">
                              <feedback__order>2</feedback__order>
                              <stage reference="30"/>
                              <expression id="58">
                                <code>![input=mcindex_0]&amp;&amp;![input=mcindex_1]&amp;&amp;![input=mcindex_2]&amp;&amp;[input=mcindex_3]</code>
                                <domain>MATH</domain>
                              </expression>
                              <condition id="59">
                                <code></code>
                                <domain>MATH</domain>
                              </condition>
                              <result>0</result>
                              <feedbackText>&lt;div&gt;Incorrect. While Eulerian paths can be found in $\mathcal{O}(n + m)$ time, finding Hamiltonian paths is NP-complete.&lt;/div&gt;&#xd;
&lt;div&gt;&amp;nbsp;&lt;/div&gt;&#xd;
&lt;div&gt;Solution: NP-complete&lt;/div&gt;</feedbackText>
                            </de.uni__due.s3.jack3.entities.stagetypes.mc.MCFeedback>
                          </extraFeedbacks>
                        </targetStage>
                        <type>NEXT_OR_END</type>
                        <extraWeight>0</extraWeight>
                      </defaultTransition>
                      <skipTransitions id="60"/>
                      <stageTransitions id="61"/>
                      <hints id="62"/>
                      <variableUpdatesOnEnter id="63"/>
                      <variableUpdatesBeforeCheck id="64"/>
                      <variableUpdatesAfterCheck id="65"/>
                      <variableUpdatesOnNormalExit id="66"/>
                      <variableUpdatesOnRepeat id="67"/>
                      <variableUpdatesOnSkip id="68"/>
                      <weight>1</weight>
                      <orderIndex>4</orderIndex>
                      <allowSkip>true</allowSkip>
                      <resources id="69"/>
                      <answerOptions id="70">
                        <MCAnswer id="71">
                          <order>0</order>
                          <rule>CORRECT</rule>
                          <text>&lt;div&gt;The graph is strongly connected and every vertex has equal in-degree and out-degree&lt;/div&gt;</text>
                          <variableName></variableName>
                          <mcstage reference="25"/>
                        </MCAnswer>
                        <MCAnswer id="72">
                          <order>1</order>
                          <rule>WRONG</rule>
                          <text>&lt;div&gt;Exactly two vertices must have unequal in-degree and out-degree&lt;/div&gt;</text>
                          <variableName></variableName>
                          <mcstage reference="25"/>
                        </MCAnswer>
                        <MCAnswer id="73">
                          <order>2</order>
                          <rule>WRONG</rule>
                          <text>&lt;div&gt;All vertices must have in-degree of at least 2&lt;/div&gt;</text>
                          <variableName></variableName>
                          <mcstage reference="25"/>
                        </MCAnswer>
                        <MCAnswer id="74">
                          <order>3</order>
                          <rule>WRONG</rule>
                          <text>&lt;div&gt;The graph must be acyclic 4&lt;/div&gt;</text>
                          <variableName></variableName>
                          <mcstage reference="25"/>
                        </MCAnswer>
                      </answerOptions>
                      <randomize>false</randomize>
                      <maxSelections>1</maxSelections>
                      <correctAnswerFeedback>&lt;div&gt;Correct. For a directed graph to have an Eulerian circuit, it must be strongly connected and every vertex must have equal in-degree and out-degree. Both conditions are necessary.&lt;/div&gt;&#xd;
&lt;div&gt;&amp;nbsp;&lt;/div&gt;&#xd;
&lt;div&gt;Solution: The graph is strongly connected and every vertex has equal in-degree and out-degree&lt;/div&gt;</correctAnswerFeedback>
                      <pointMode>MANUAL</pointMode>
                      <feedbackDisplayMode>NEVER</feedbackDisplayMode>
                      <defaultResult>0</defaultResult>
                      <extraFeedbacks id="75">
                        <de.uni__due.s3.jack3.entities.stagetypes.mc.MCFeedback id="76">
                          <feedback__order>0</feedback__order>
                          <stage reference="25"/>
                          <expression id="77">
                            <code>![input=mcindex_0]&amp;&amp;[input=mcindex_1]&amp;&amp;![input=mcindex_2]&amp;&amp;![input=mcindex_3]</code>
                            <domain>MATH</domain>
                          </expression>
                          <condition id="78">
                            <code></code>
                            <domain>MATH</domain>
                          </condition>
                          <result>0</result>
                          <feedbackText>&lt;div&gt;Incorrect. Having exactly two vertices with unequal in-degree and out-degree (differing by 1) allows for an Eulerian path, not a circuit.&lt;/div&gt;&#xd;
&lt;div&gt;&amp;nbsp;&lt;/div&gt;&#xd;
&lt;div&gt;Solution: The graph is strongly connected and every vertex has equal in-degree and out-degree&lt;/div&gt;</feedbackText>
                        </de.uni__due.s3.jack3.entities.stagetypes.mc.MCFeedback>
                        <de.uni__due.s3.jack3.entities.stagetypes.mc.MCFeedback id="79">
                          <feedback__order>1</feedback__order>
                          <stage reference="25"/>
                          <expression id="80">
                            <code>![input=mcindex_0]&amp;&amp;![input=mcindex_1]&amp;&amp;[input=mcindex_2]&amp;&amp;![input=mcindex_3]</code>
                            <domain>MATH</domain>
                          </expression>
                          <condition id="81">
                            <code></code>
                            <domain>MATH</domain>
                          </condition>
                          <result>0</result>
                          <feedbackText>&lt;div&gt;Incorrect. The minimum in-degree doesn&apos;t determine Eulerian circuits. Important is that in-degree equals out-degree for every vertex, and the graph is strongly connected.&lt;/div&gt;&#xd;
&lt;div&gt;&amp;nbsp;&lt;/div&gt;&#xd;
&lt;div&gt;Solution: The graph is strongly connected and every vertex has equal in-degree and out-degree&lt;/div&gt;</feedbackText>
                        </de.uni__due.s3.jack3.entities.stagetypes.mc.MCFeedback>
                        <de.uni__due.s3.jack3.entities.stagetypes.mc.MCFeedback id="82">
                          <feedback__order>2</feedback__order>
                          <stage reference="25"/>
                          <expression id="83">
                            <code>![input=mcindex_0]&amp;&amp;![input=mcindex_1]&amp;&amp;![input=mcindex_2]&amp;&amp;[input=mcindex_3]</code>
                            <domain>MATH</domain>
                          </expression>
                          <condition id="84">
                            <code></code>
                            <domain>MATH</domain>
                          </condition>
                          <result>0</result>
                          <feedbackText>&lt;div&gt;Incorrect. An Eulerian circuit must contain cycles. An acyclic directed&lt;br&gt;graph (DAG) cannot have an Eulerian circuit.&lt;/div&gt;&#xd;
&lt;div&gt;&amp;nbsp;&lt;/div&gt;&#xd;
&lt;div&gt;Solution: The graph is strongly connected and every vertex has equal in-degree and out-degree&lt;/div&gt;</feedbackText>
                        </de.uni__due.s3.jack3.entities.stagetypes.mc.MCFeedback>
                      </extraFeedbacks>
                    </targetStage>
                    <type>NEXT_OR_END</type>
                    <extraWeight>0</extraWeight>
                  </defaultTransition>
                  <skipTransitions id="85"/>
                  <stageTransitions id="86"/>
                  <hints id="87"/>
                  <variableUpdatesOnEnter id="88"/>
                  <variableUpdatesBeforeCheck id="89"/>
                  <variableUpdatesAfterCheck id="90"/>
                  <variableUpdatesOnNormalExit id="91"/>
                  <variableUpdatesOnRepeat id="92"/>
                  <variableUpdatesOnSkip id="93"/>
                  <weight>1</weight>
                  <orderIndex>3</orderIndex>
                  <allowSkip>true</allowSkip>
                  <resources id="94"/>
                  <answerOptions id="95">
                    <MCAnswer id="96">
                      <order>0</order>
                      <rule>WRONG</rule>
                      <text>&lt;div&gt;A trail can repeat vertices, an Eulerian path cannot&lt;/div&gt;</text>
                      <variableName></variableName>
                      <mcstage reference="20"/>
                    </MCAnswer>
                    <MCAnswer id="97">
                      <order>1</order>
                      <rule>CORRECT</rule>
                      <text>&lt;div&gt;A trail doesn&amp;rsquo;t necessarily visit all edges, an Eulerian path visits all edges exactly once&lt;/div&gt;</text>
                      <variableName></variableName>
                      <mcstage reference="20"/>
                    </MCAnswer>
                    <MCAnswer id="98">
                      <order>2</order>
                      <rule>WRONG</rule>
                      <text>&lt;div&gt;A trail must form a cycle, an Eulerian path does not&lt;/div&gt;</text>
                      <variableName></variableName>
                      <mcstage reference="20"/>
                    </MCAnswer>
                    <MCAnswer id="99">
                      <order>3</order>
                      <rule>WRONG</rule>
                      <text>&lt;div&gt;A trail can repeat edges, an Eulerian path cannot&lt;/div&gt;</text>
                      <variableName></variableName>
                      <mcstage reference="20"/>
                    </MCAnswer>
                  </answerOptions>
                  <randomize>false</randomize>
                  <maxSelections>1</maxSelections>
                  <correctAnswerFeedback>&lt;div&gt;Correct. A trail is a walk with no repeated edges, while an Eulerian path is specifically a trail that visits all edges in the graph exactly once.&lt;/div&gt;&#xd;
&lt;div&gt;&amp;nbsp;&lt;/div&gt;&#xd;
&lt;div&gt;Solution: A trail doesn&apos;t necessarily visit all edges, an Eulerian path visits all edges exactly once&lt;/div&gt;</correctAnswerFeedback>
                  <pointMode>MANUAL</pointMode>
                  <feedbackDisplayMode>NEVER</feedbackDisplayMode>
                  <defaultResult>0</defaultResult>
                  <extraFeedbacks id="100">
                    <de.uni__due.s3.jack3.entities.stagetypes.mc.MCFeedback id="101">
                      <feedback__order>0</feedback__order>
                      <stage reference="20"/>
                      <expression id="102">
                        <code>[input=mcindex_0]&amp;&amp;![input=mcindex_1]&amp;&amp;![input=mcindex_2]&amp;&amp;![input=mcindex_3]</code>
                        <domain>MATH</domain>
                      </expression>
                      <condition id="103">
                        <code></code>
                        <domain>MATH</domain>
                      </condition>
                      <result>0</result>
                      <feedbackText>&lt;div&gt;Incorrect. Both trails and Eulerian paths can repeat vertices. The difference is about which edges are visited.&lt;/div&gt;&#xd;
&lt;div&gt;&amp;nbsp;&lt;/div&gt;&#xd;
&lt;div&gt;Solution: A trail doesn&apos;t necessarily visit all edges, an Eulerian path visits all edges exactly once&lt;/div&gt;</feedbackText>
                    </de.uni__due.s3.jack3.entities.stagetypes.mc.MCFeedback>
                    <de.uni__due.s3.jack3.entities.stagetypes.mc.MCFeedback id="104">
                      <feedback__order>1</feedback__order>
                      <stage reference="20"/>
                      <expression id="105">
                        <code>![input=mcindex_0]&amp;&amp;![input=mcindex_1]&amp;&amp;[input=mcindex_2]&amp;&amp;![input=mcindex_3]</code>
                        <domain>MATH</domain>
                      </expression>
                      <condition id="106">
                        <code></code>
                        <domain>MATH</domain>
                      </condition>
                      <result>0</result>
                      <feedbackText>&lt;div&gt;Incorrect. Neither trails nor Eulerian paths must form cycles. An Eulerian circuit forms a cycle, but an Eulerian path does not.&lt;/div&gt;&#xd;
&lt;div&gt;&lt;br&gt;Solution: A trail doesn&apos;t necessarily visit all edges, an Eulerian&lt;br&gt;path visits all edges exactly once&lt;/div&gt;</feedbackText>
                    </de.uni__due.s3.jack3.entities.stagetypes.mc.MCFeedback>
                    <de.uni__due.s3.jack3.entities.stagetypes.mc.MCFeedback id="107">
                      <feedback__order>2</feedback__order>
                      <stage reference="20"/>
                      <expression id="108">
                        <code>![input=mcindex_0]&amp;&amp;![input=mcindex_1]&amp;&amp;![input=mcindex_2]&amp;&amp;[input=mcindex_3]</code>
                        <domain>MATH</domain>
                      </expression>
                      <condition id="109">
                        <code></code>
                        <domain>MATH</domain>
                      </condition>
                      <result>0</result>
                      <feedbackText>&lt;div&gt;Incorrect. Neither trails nor Eulerian paths can repeat edges, that&apos;s&lt;br&gt;what makes them trails. The key difference is that Eulerian paths visit all edges.&lt;/div&gt;&#xd;
&lt;div&gt;&amp;nbsp;&lt;/div&gt;&#xd;
&lt;div&gt;Solution: A trail doesn&apos;t necessarily visit all edges, an Eulerian path visits all edges exactly once&lt;/div&gt;</feedbackText>
                    </de.uni__due.s3.jack3.entities.stagetypes.mc.MCFeedback>
                  </extraFeedbacks>
                </targetStage>
                <type>NEXT_OR_END</type>
                <extraWeight>0</extraWeight>
              </defaultTransition>
              <skipTransitions id="110"/>
              <stageTransitions id="111"/>
              <hints id="112"/>
              <variableUpdatesOnEnter id="113"/>
              <variableUpdatesBeforeCheck id="114"/>
              <variableUpdatesAfterCheck id="115"/>
              <variableUpdatesOnNormalExit id="116"/>
              <variableUpdatesOnRepeat id="117"/>
              <variableUpdatesOnSkip id="118"/>
              <weight>1</weight>
              <orderIndex>2</orderIndex>
              <allowSkip>true</allowSkip>
              <resources id="119"/>
              <answerOptions id="120">
                <MCAnswer id="121">
                  <order>0</order>
                  <rule>WRONG</rule>
                  <text>&lt;div&gt;The Traveling Salesman Problem&lt;/div&gt;</text>
                  <variableName></variableName>
                  <mcstage reference="15"/>
                </MCAnswer>
                <MCAnswer id="122">
                  <order>1</order>
                  <rule>WRONG</rule>
                  <text>&lt;div&gt;The Four Color Theorem&lt;/div&gt;</text>
                  <variableName></variableName>
                  <mcstage reference="15"/>
                </MCAnswer>
                <MCAnswer id="123">
                  <order>2</order>
                  <rule>CORRECT</rule>
                  <text>&lt;div&gt;&#xd;
&lt;div&gt;The Seven Bridges of K&amp;ouml;nigsberg&lt;/div&gt;&#xd;
&lt;/div&gt;</text>
                  <variableName></variableName>
                  <mcstage reference="15"/>
                </MCAnswer>
                <MCAnswer id="124">
                  <order>3</order>
                  <rule>WRONG</rule>
                  <text>&lt;div&gt;The Knight&amp;rsquo;s Tour Problem&lt;/div&gt;</text>
                  <variableName></variableName>
                  <mcstage reference="15"/>
                </MCAnswer>
              </answerOptions>
              <randomize>false</randomize>
              <maxSelections>1</maxSelections>
              <correctAnswerFeedback>&lt;div&gt;Correct. The Seven Bridges of K&amp;ouml;nigsberg problem, solved by Euler in 1736, asked whether one could walk through the city crossing each bridge exactly once. Euler proved it was impossible.&lt;/div&gt;&#xd;
&lt;div&gt;&amp;nbsp;&lt;/div&gt;&#xd;
&lt;div&gt;Solution: The Seven Bridges of K&amp;ouml;nigsberg&lt;/div&gt;</correctAnswerFeedback>
              <pointMode>MANUAL</pointMode>
              <feedbackDisplayMode>NEVER</feedbackDisplayMode>
              <defaultResult>0</defaultResult>
              <extraFeedbacks id="125">
                <de.uni__due.s3.jack3.entities.stagetypes.mc.MCFeedback id="126">
                  <feedback__order>0</feedback__order>
                  <stage reference="15"/>
                  <expression id="127">
                    <code>[input=mcindex_0]&amp;&amp;![input=mcindex_1]&amp;&amp;![input=mcindex_2]&amp;&amp;![input=mcindex_3]</code>
                    <domain>MATH</domain>
                  </expression>
                  <condition id="128">
                    <code></code>
                    <domain>MATH</domain>
                  </condition>
                  <result>0</result>
                  <feedbackText>&lt;div&gt;Incorrect. The Traveling Salesman Problem is related to Hamiltonian paths, not Eulerian paths.&lt;/div&gt;&#xd;
&lt;div&gt;&lt;br&gt;Solution: The Seven Bridges of K&amp;ouml;nigsberg&lt;/div&gt;</feedbackText>
                </de.uni__due.s3.jack3.entities.stagetypes.mc.MCFeedback>
                <de.uni__due.s3.jack3.entities.stagetypes.mc.MCFeedback id="129">
                  <feedback__order>1</feedback__order>
                  <stage reference="15"/>
                  <expression id="130">
                    <code>![input=mcindex_0]&amp;&amp;[input=mcindex_1]&amp;&amp;![input=mcindex_2]&amp;&amp;![input=mcindex_3]</code>
                    <domain>MATH</domain>
                  </expression>
                  <condition id="131">
                    <code></code>
                    <domain>MATH</domain>
                  </condition>
                  <result>0</result>
                  <feedbackText>&lt;div&gt;Incorrect. The Four Color Theorem deals with graph coloring, not Eulerian paths.&lt;/div&gt;&#xd;
&lt;div&gt;&lt;br&gt;Solution: The Seven Bridges of K&amp;ouml;nigsberg&lt;/div&gt;</feedbackText>
                </de.uni__due.s3.jack3.entities.stagetypes.mc.MCFeedback>
                <de.uni__due.s3.jack3.entities.stagetypes.mc.MCFeedback id="132">
                  <feedback__order>2</feedback__order>
                  <stage reference="15"/>
                  <expression id="133">
                    <code>![input=mcindex_0]&amp;&amp;![input=mcindex_1]&amp;&amp;![input=mcindex_2]&amp;&amp;[input=mcindex_3]</code>
                    <domain>MATH</domain>
                  </expression>
                  <condition id="134">
                    <code></code>
                    <domain>MATH</domain>
                  </condition>
                  <result>0</result>
                  <feedbackText>&lt;div&gt;Incorrect. The Knight&apos;s Tour is a different problem about visiting all squares on a chessboard, related to Hamiltonian paths.&lt;/div&gt;&#xd;
&lt;div&gt;&lt;br&gt;Solution: The Seven Bridges of K&amp;ouml;nigsberg&lt;/div&gt;</feedbackText>
                </de.uni__due.s3.jack3.entities.stagetypes.mc.MCFeedback>
              </extraFeedbacks>
            </targetStage>
            <type>NEXT_OR_END</type>
            <extraWeight>0</extraWeight>
          </defaultTransition>
          <skipTransitions id="135"/>
          <stageTransitions id="136"/>
          <hints id="137"/>
          <variableUpdatesOnEnter id="138"/>
          <variableUpdatesBeforeCheck id="139"/>
          <variableUpdatesAfterCheck id="140"/>
          <variableUpdatesOnNormalExit id="141"/>
          <variableUpdatesOnRepeat id="142"/>
          <variableUpdatesOnSkip id="143"/>
          <weight>1</weight>
          <orderIndex>1</orderIndex>
          <allowSkip>true</allowSkip>
          <resources id="144"/>
          <answerOptions id="145">
            <MCAnswer id="146">
              <order>0</order>
              <rule>WRONG</rule>
              <text>&lt;div&gt;Dijkstra&amp;rsquo;s algorithm&lt;/div&gt;</text>
              <variableName></variableName>
              <mcstage reference="10"/>
            </MCAnswer>
            <MCAnswer id="147">
              <order>1</order>
              <rule>CORRECT</rule>
              <text>&lt;div&gt;Hierholzer&amp;rsquo;s algorithm&lt;/div&gt;</text>
              <variableName></variableName>
              <mcstage reference="10"/>
            </MCAnswer>
            <MCAnswer id="148">
              <order>2</order>
              <rule>WRONG</rule>
              <text>&lt;div&gt;Kruskal&amp;rsquo;s algorithm&lt;/div&gt;</text>
              <variableName></variableName>
              <mcstage reference="10"/>
            </MCAnswer>
            <MCAnswer id="149">
              <order>3</order>
              <rule>WRONG</rule>
              <text>&lt;div&gt;Bellman-Ford algorithm&lt;/div&gt;</text>
              <variableName></variableName>
              <mcstage reference="10"/>
            </MCAnswer>
          </answerOptions>
          <randomize>false</randomize>
          <maxSelections>1</maxSelections>
          <correctAnswerFeedback>&lt;div&gt;Correct. Hierholzer&apos;s algorithm efficiently finds Eulerian paths and&lt;br&gt;circuits in linear time $\mathcal{O}(E)$.&lt;/div&gt;&#xd;
&lt;div&gt;&amp;nbsp;&lt;/div&gt;&#xd;
&lt;div&gt;Solution: Hierholzer&apos;s algorithm&lt;/div&gt;</correctAnswerFeedback>
          <pointMode>MANUAL</pointMode>
          <feedbackDisplayMode>NEVER</feedbackDisplayMode>
          <defaultResult>0</defaultResult>
          <extraFeedbacks id="150">
            <de.uni__due.s3.jack3.entities.stagetypes.mc.MCFeedback id="151">
              <feedback__order>0</feedback__order>
              <stage reference="10"/>
              <expression id="152">
                <code>[input=mcindex_0]&amp;&amp;![input=mcindex_1]&amp;&amp;![input=mcindex_2]&amp;&amp;![input=mcindex_3]</code>
                <domain>MATH</domain>
              </expression>
              <condition id="153">
                <code></code>
                <domain>MATH</domain>
              </condition>
              <result>0</result>
              <feedbackText>&lt;div&gt;Incorrect. Dijkstra&apos;s algorithm finds shortest paths in weighted graphs, not Eulerian paths.&lt;/div&gt;&#xd;
&lt;div&gt;&amp;nbsp;&lt;/div&gt;&#xd;
&lt;div&gt;Solution: Hierholzer&apos;s algorithm&lt;/div&gt;</feedbackText>
            </de.uni__due.s3.jack3.entities.stagetypes.mc.MCFeedback>
            <de.uni__due.s3.jack3.entities.stagetypes.mc.MCFeedback id="154">
              <feedback__order>1</feedback__order>
              <stage reference="10"/>
              <expression id="155">
                <code>![input=mcindex_0]&amp;&amp;![input=mcindex_1]&amp;&amp;[input=mcindex_2]&amp;&amp;![input=mcindex_3]</code>
                <domain>MATH</domain>
              </expression>
              <condition id="156">
                <code></code>
                <domain>MATH</domain>
              </condition>
              <result>0</result>
              <feedbackText>&lt;div&gt;Incorrect. Kruskal&apos;s algorithm finds minimum spanning trees, not Eulerian paths.&lt;/div&gt;&#xd;
&lt;div&gt;&amp;nbsp;&lt;/div&gt;&#xd;
&lt;div&gt;Solution: Hierholzer&apos;s algorithm&lt;/div&gt;</feedbackText>
            </de.uni__due.s3.jack3.entities.stagetypes.mc.MCFeedback>
            <de.uni__due.s3.jack3.entities.stagetypes.mc.MCFeedback id="157">
              <feedback__order>2</feedback__order>
              <stage reference="10"/>
              <expression id="158">
                <code>![input=mcindex_0]&amp;&amp;![input=mcindex_1]&amp;&amp;![input=mcindex_2]&amp;&amp;[input=mcindex_3]</code>
                <domain>MATH</domain>
              </expression>
              <condition id="159">
                <code></code>
                <domain>MATH</domain>
              </condition>
              <result>0</result>
              <feedbackText>&lt;div&gt;Incorrect. Bellman-Ford algorithm finds shortest paths with negative weights, not Eulerian paths.&lt;/div&gt;&#xd;
&lt;div&gt;&amp;nbsp;&lt;/div&gt;&#xd;
&lt;div&gt;Solution: Hierholzer&apos;s algorithm&lt;/div&gt;</feedbackText>
            </de.uni__due.s3.jack3.entities.stagetypes.mc.MCFeedback>
          </extraFeedbacks>
        </targetStage>
        <type>NEXT_OR_END</type>
        <extraWeight>0</extraWeight>
      </defaultTransition>
      <skipTransitions id="160"/>
      <stageTransitions id="161"/>
      <hints id="162"/>
      <variableUpdatesOnEnter id="163"/>
      <variableUpdatesBeforeCheck id="164"/>
      <variableUpdatesAfterCheck id="165"/>
      <variableUpdatesOnNormalExit id="166"/>
      <variableUpdatesOnRepeat id="167"/>
      <variableUpdatesOnSkip id="168"/>
      <weight>1</weight>
      <orderIndex>0</orderIndex>
      <allowSkip>true</allowSkip>
      <resources id="169"/>
      <answerOptions id="170">
        <MCAnswer id="171">
          <order>0</order>
          <rule>CORRECT</rule>
          <text>&lt;div&gt;A connected graph that has exactly two vertices of odd degree&lt;/div&gt;</text>
          <variableName></variableName>
          <mcstage reference="5"/>
        </MCAnswer>
        <MCAnswer id="172">
          <order>1</order>
          <rule>WRONG</rule>
          <text>&lt;div&gt;A graph where every vertex has even degree&lt;/div&gt;</text>
          <variableName></variableName>
          <mcstage reference="5"/>
        </MCAnswer>
        <MCAnswer id="173">
          <order>2</order>
          <rule>WRONG</rule>
          <text>&lt;div&gt;A graph with exactly one vertex of odd degree&lt;/div&gt;</text>
          <variableName></variableName>
          <mcstage reference="5"/>
        </MCAnswer>
        <MCAnswer id="174">
          <order>3</order>
          <rule>WRONG</rule>
          <text>&lt;div&gt;A graph where all vertices have degree greater than 2&lt;/div&gt;</text>
          <variableName></variableName>
          <mcstage reference="5"/>
        </MCAnswer>
      </answerOptions>
      <randomize>false</randomize>
      <maxSelections>1</maxSelections>
      <correctAnswerFeedback>&lt;div&gt;Correct. A semi-Eulerian graph is connected and has exactly two vertices of odd degree, which allows for an Eulerian path but not an Eulerian circuit.&lt;/div&gt;&#xd;
&lt;div&gt;&amp;nbsp;&lt;/div&gt;&#xd;
&lt;div&gt;Solution: A connected graph that has exactly two vertices of odd degree&lt;/div&gt;</correctAnswerFeedback>
      <pointMode>MANUAL</pointMode>
      <feedbackDisplayMode>NEVER</feedbackDisplayMode>
      <defaultResult>0</defaultResult>
      <extraFeedbacks id="175">
        <de.uni__due.s3.jack3.entities.stagetypes.mc.MCFeedback id="176">
          <feedback__order>0</feedback__order>
          <stage reference="5"/>
          <expression id="177">
            <code>[input=mcindex_0]&amp;&amp;![input=mcindex_1]&amp;&amp;![input=mcindex_2]&amp;&amp;![input=mcindex_3]</code>
            <domain>MATH</domain>
          </expression>
          <condition id="178">
            <code></code>
            <domain>MATH</domain>
          </condition>
          <result>0</result>
          <feedbackText>&lt;div&gt;Correct. A semi-Eulerian graph is connected and has exactly two vertices of odd degree, which allows for an Eulerian path but not an Eulerian circuit.&lt;/div&gt;&#xd;
&lt;div&gt;&amp;nbsp;&lt;/div&gt;&#xd;
&lt;div&gt;Solution: A connected graph that has exactly two vertices of odd degree&lt;/div&gt;</feedbackText>
        </de.uni__due.s3.jack3.entities.stagetypes.mc.MCFeedback>
        <de.uni__due.s3.jack3.entities.stagetypes.mc.MCFeedback id="179">
          <feedback__order>1</feedback__order>
          <stage reference="5"/>
          <expression id="180">
            <code>![input=mcindex_0]&amp;&amp;[input=mcindex_1]&amp;&amp;![input=mcindex_2]&amp;&amp;![input=mcindex_3]</code>
            <domain>MATH</domain>
          </expression>
          <condition id="181">
            <code></code>
            <domain>MATH</domain>
          </condition>
          <result>0</result>
          <feedbackText>&lt;div&gt;Incorrect. A graph where every vertex has even degree is called Eulerian (not semi-Eulerian) and has an Eulerian circuit.&lt;/div&gt;&#xd;
&lt;div&gt;&lt;br&gt;Solution: A connected graph that has exactly two vertices of odd degree&lt;/div&gt;</feedbackText>
        </de.uni__due.s3.jack3.entities.stagetypes.mc.MCFeedback>
        <de.uni__due.s3.jack3.entities.stagetypes.mc.MCFeedback id="182">
          <feedback__order>2</feedback__order>
          <stage reference="5"/>
          <expression id="183">
            <code>![input=mcindex_0]&amp;&amp;![input=mcindex_1]&amp;&amp;[input=mcindex_2]&amp;&amp;![input=mcindex_3]</code>
            <domain>MATH</domain>
          </expression>
          <condition id="184">
            <code></code>
            <domain>MATH</domain>
          </condition>
          <result>0</result>
          <feedbackText>&lt;div&gt;Incorrect. A graph cannot have exactly one vertex of odd degree because the Handshaking Lemma states that the number of odd-degree vertices must be even.&lt;/div&gt;&#xd;
&lt;div&gt;&lt;br&gt;Solution: A connected graph that has exactly two vertices of odd&lt;br&gt;degree&lt;/div&gt;</feedbackText>
        </de.uni__due.s3.jack3.entities.stagetypes.mc.MCFeedback>
        <de.uni__due.s3.jack3.entities.stagetypes.mc.MCFeedback id="185">
          <feedback__order>3</feedback__order>
          <stage reference="5"/>
          <expression id="186">
            <code>![input=mcindex_0]&amp;&amp;![input=mcindex_1]&amp;&amp;![input=mcindex_2]&amp;&amp;[input=mcindex_3]</code>
            <domain>MATH</domain>
          </expression>
          <condition id="187">
            <code></code>
            <domain>MATH</domain>
          </condition>
          <result>0</result>
          <feedbackText>&lt;div&gt;Incorrect. The minimum degree condition doesn&apos;t define semi-Eulerian graphs. The key property is being connected with exactly two vertices of odd degree.&lt;/div&gt;&#xd;
&lt;div&gt;&amp;nbsp;&lt;/div&gt;&#xd;
&lt;div&gt;Solution: A connected graph that has exactly two vertices of odd degree&lt;/div&gt;</feedbackText>
        </de.uni__due.s3.jack3.entities.stagetypes.mc.MCFeedback>
      </extraFeedbacks>
    </MCStage>
    <MCStage reference="10"/>
    <MCStage reference="15"/>
    <MCStage reference="20"/>
    <MCStage reference="25"/>
    <MCStage reference="30"/>
  </stages>
  <startStage class="MCStage" reference="5"/>
  <variableDeclarations id="188"/>
  <jSXGraphs id="189"/>
  <dynamicMolecules id="190"/>
  <resultFeedbackMappings id="191"/>
</Exercise>