<Exercise id="1">
  <name>theoretical_graph_analysis</name>
  <internalNotes></internalNotes>
  <language>en</language>
  <difficulty>0</difficulty>
  <tags id="2"/>
  <resources id="3"/>
  <stages id="4">
    <MCStage id="5">
      <internalName>#1</internalName>
      <externalName>Analyzing Complete Graphs</externalName>
      <taskDescription>&lt;div&gt;Complete graphs have special properties.&lt;/div&gt;
&lt;div&gt;&amp;nbsp;&lt;/div&gt;
&lt;div&gt;Does a complete graph $K_7$ have an Eulerian circuit?&lt;/div&gt;</taskDescription>
      <feedbackRules id="6"/>
      <defaultTransition id="7">
        <conditionExpression id="8">
          <domain>MATH</domain>
        </conditionExpression>
        <stageExpression id="9">
          <domain>MATH</domain>
        </stageExpression>
        <targetStage class="MCStage" id="10">
          <internalName>#2</internalName>
          <externalName>Creating Eulerian Circuits</externalName>
          <taskDescription>&lt;div&gt;If a graph doesn&amp;rsquo;t have an Eulerian circuit, you might be able to modify it to create one.&lt;/div&gt;
&lt;div&gt;&amp;nbsp;&lt;/div&gt;
&lt;div&gt;Which graph modification creates an Eulerian circuit: adding edges or removing edges?&lt;/div&gt;</taskDescription>
          <feedbackRules id="11"/>
          <defaultTransition id="12">
            <conditionExpression id="13">
              <domain>MATH</domain>
            </conditionExpression>
            <stageExpression id="14">
              <domain>MATH</domain>
            </stageExpression>
            <targetStage class="MCStage" id="15">
              <internalName>#3</internalName>
              <externalName>Trees and Eulerian Paths</externalName>
              <taskDescription>&lt;div&gt;&lt;span dir=&quot;ltr&quot; role=&quot;presentation&quot;&gt;Trees are a special type of graph.&amp;nbsp;&lt;/span&gt;&lt;/div&gt;
&lt;div&gt;&amp;nbsp;&lt;/div&gt;
&lt;div&gt;&lt;span dir=&quot;ltr&quot; role=&quot;presentation&quot;&gt;Can a tree (with more than 2 vertices) have an Eulerian path?&lt;/span&gt;&lt;/div&gt;</taskDescription>
              <feedbackRules id="16"/>
              <defaultTransition id="17">
                <conditionExpression id="18">
                  <domain>MATH</domain>
                </conditionExpression>
                <stageExpression id="19">
                  <domain>MATH</domain>
                </stageExpression>
                <type>NEXT_OR_END</type>
                <extraWeight>0</extraWeight>
              </defaultTransition>
              <skipTransitions id="20"/>
              <stageTransitions id="21"/>
              <hints id="22"/>
              <variableUpdatesOnEnter id="23"/>
              <variableUpdatesBeforeCheck id="24"/>
              <variableUpdatesAfterCheck id="25"/>
              <variableUpdatesOnNormalExit id="26"/>
              <variableUpdatesOnRepeat id="27"/>
              <variableUpdatesOnSkip id="28"/>
              <weight>1</weight>
              <orderIndex>2</orderIndex>
              <allowSkip>true</allowSkip>
              <resources id="29"/>
              <answerOptions id="30">
                <MCAnswer id="31">
                  <order>0</order>
                  <rule>WRONG</rule>
                  <text>&lt;div&gt;Yes, all trees have Eulerian paths&lt;/div&gt;</text>
                  <variableName></variableName>
                  <mcstage reference="15"/>
                </MCAnswer>
                <MCAnswer id="32">
                  <order>1</order>
                  <rule>WRONG</rule>
                  <text>&lt;div&gt;No, trees always have more than 2 vertices of odd degree&lt;/div&gt;</text>
                  <variableName></variableName>
                  <mcstage reference="15"/>
                </MCAnswer>
                <MCAnswer id="33">
                  <order>2</order>
                  <rule>CORRECT</rule>
                  <text>&lt;div&gt;Yes, but only if the tree is a path graph&lt;/div&gt;</text>
                  <variableName></variableName>
                  <mcstage reference="15"/>
                </MCAnswer>
                <MCAnswer id="34">
                  <order>3</order>
                  <rule>WRONG</rule>
                  <text>&lt;div&gt;No, because trees are acyclic&lt;/div&gt;</text>
                  <variableName></variableName>
                  <mcstage reference="15"/>
                </MCAnswer>
              </answerOptions>
              <randomize>false</randomize>
              <maxSelections>1</maxSelections>
              <correctAnswerFeedback>&lt;div&gt;&lt;span dir=&quot;ltr&quot; role=&quot;presentation&quot;&gt;Correct. A path graph has exactly 2 vertices of odd degree (the two &lt;/span&gt;&lt;span dir=&quot;ltr&quot; role=&quot;presentation&quot;&gt;endpoints with degree 1), while all other vertices have degree 2. This &lt;/span&gt;&lt;span dir=&quot;ltr&quot; role=&quot;presentation&quot;&gt;satisfies the condition for an Eulerian path.&lt;/span&gt;&lt;/div&gt;&#xd;
&lt;div&gt;&amp;nbsp;&lt;/div&gt;&#xd;
&lt;div&gt;&lt;span dir=&quot;ltr&quot; role=&quot;presentation&quot;&gt;Solution: Yes, but only if the tree is a path graph&lt;/span&gt;&lt;/div&gt;</correctAnswerFeedback>
              <pointMode>MANUAL</pointMode>
              <feedbackDisplayMode>NEVER</feedbackDisplayMode>
              <defaultResult>0</defaultResult>
              <extraFeedbacks id="35">
                <de.uni__due.s3.jack3.entities.stagetypes.mc.MCFeedback id="36">
                  <feedback__order>0</feedback__order>
                  <stage reference="15"/>
                  <expression id="37">
                    <code>[input=mcindex_0]&amp;&amp;![input=mcindex_1]&amp;&amp;![input=mcindex_2]&amp;&amp;![input=mcindex_3]</code>
                    <domain>MATH</domain>
                  </expression>
                  <condition id="38">
                    <code></code>
                    <domain>MATH</domain>
                  </condition>
                  <result>0</result>
                  <feedbackText>&lt;div&gt;&lt;span dir=&quot;ltr&quot; role=&quot;presentation&quot;&gt;Incorrect. Not all trees have Eulerian paths. For example, a star &lt;/span&gt;&lt;span dir=&quot;ltr&quot; role=&quot;presentation&quot;&gt;graph with a center and 3+ leaves has more than 2 odd-degree vertices &lt;/span&gt;&lt;span dir=&quot;ltr&quot; role=&quot;presentation&quot;&gt;and so no Eulerian path.&lt;/span&gt;&lt;/div&gt;&#xd;
&lt;div&gt;&amp;nbsp;&lt;/div&gt;&#xd;
&lt;div&gt;&lt;span dir=&quot;ltr&quot; role=&quot;presentation&quot;&gt;Solution: Yes, but only if the tree is a path graph&lt;/span&gt;&lt;/div&gt;</feedbackText>
                </de.uni__due.s3.jack3.entities.stagetypes.mc.MCFeedback>
                <de.uni__due.s3.jack3.entities.stagetypes.mc.MCFeedback id="39">
                  <feedback__order>1</feedback__order>
                  <stage reference="15"/>
                  <expression id="40">
                    <code>![input=mcindex_0]&amp;&amp;[input=mcindex_1]&amp;&amp;![input=mcindex_2]&amp;&amp;![input=mcindex_3]</code>
                    <domain>MATH</domain>
                  </expression>
                  <condition id="41">
                    <code></code>
                    <domain>MATH</domain>
                  </condition>
                  <result>0</result>
                  <feedbackText>&lt;div&gt;&lt;span dir=&quot;ltr&quot; role=&quot;presentation&quot;&gt;Incorrect. Some trees have exactly 2 odd-degree vertices. Specifically, &lt;/span&gt;&lt;span dir=&quot;ltr&quot; role=&quot;presentation&quot;&gt;a path graph (a tree where vertices form a single path) has exactly 2 &lt;/span&gt;&lt;span dir=&quot;ltr&quot; role=&quot;presentation&quot;&gt;leaves with degree 1, so it has an Eulerian path.&lt;/span&gt;&lt;/div&gt;&#xd;
&lt;div&gt;&amp;nbsp;&lt;/div&gt;&#xd;
&lt;div&gt;&lt;span dir=&quot;ltr&quot; role=&quot;presentation&quot;&gt;Solution: Yes, but only if the tree is a path graph&lt;/span&gt;&lt;/div&gt;</feedbackText>
                </de.uni__due.s3.jack3.entities.stagetypes.mc.MCFeedback>
                <de.uni__due.s3.jack3.entities.stagetypes.mc.MCFeedback id="42">
                  <feedback__order>2</feedback__order>
                  <stage reference="15"/>
                  <expression id="43">
                    <code>![input=mcindex_0]&amp;&amp;![input=mcindex_1]&amp;&amp;![input=mcindex_2]&amp;&amp;[input=mcindex_3]</code>
                    <domain>MATH</domain>
                  </expression>
                  <condition id="44">
                    <code></code>
                    <domain>MATH</domain>
                  </condition>
                  <result>0</result>
                  <feedbackText>&lt;div&gt;&lt;span dir=&quot;ltr&quot; role=&quot;presentation&quot;&gt;Incorrect. Being acyclic doesn&lt;/span&gt;&lt;span dir=&quot;ltr&quot; role=&quot;presentation&quot;&gt;&apos;&lt;/span&gt;&lt;span dir=&quot;ltr&quot; role=&quot;presentation&quot;&gt;t prevent Eulerian paths, it only &lt;/span&gt;&lt;span dir=&quot;ltr&quot; role=&quot;presentation&quot;&gt;prevents Eulerian circuits. A path graph is a tree and has an Eulerian &lt;/span&gt;&lt;span dir=&quot;ltr&quot; role=&quot;presentation&quot;&gt;path because it has exactly 2 odd-degree vertices.&lt;/span&gt;&lt;/div&gt;&#xd;
&lt;div&gt;&amp;nbsp;&lt;/div&gt;&#xd;
&lt;div&gt;&lt;span dir=&quot;ltr&quot; role=&quot;presentation&quot;&gt;Solution: Yes, but only if the tree is a path graph&lt;/span&gt;&lt;/div&gt;</feedbackText>
                </de.uni__due.s3.jack3.entities.stagetypes.mc.MCFeedback>
              </extraFeedbacks>
            </targetStage>
            <type>NEXT_OR_END</type>
            <extraWeight>0</extraWeight>
          </defaultTransition>
          <skipTransitions id="45"/>
          <stageTransitions id="46"/>
          <hints id="47"/>
          <variableUpdatesOnEnter id="48"/>
          <variableUpdatesBeforeCheck id="49"/>
          <variableUpdatesAfterCheck id="50"/>
          <variableUpdatesOnNormalExit id="51"/>
          <variableUpdatesOnRepeat id="52"/>
          <variableUpdatesOnSkip id="53"/>
          <weight>1</weight>
          <orderIndex>1</orderIndex>
          <allowSkip>true</allowSkip>
          <resources id="54"/>
          <answerOptions id="55">
            <MCAnswer id="56">
              <order>0</order>
              <rule>CORRECT</rule>
              <text>&lt;div&gt;Adding edges (pairing up odd-degree vertices)&lt;/div&gt;</text>
              <variableName></variableName>
              <mcstage reference="10"/>
            </MCAnswer>
            <MCAnswer id="57">
              <order>1</order>
              <rule>WRONG</rule>
              <text>&lt;div&gt;Removing edges (eliminating odd-degree vertices)&lt;/div&gt;</text>
              <variableName></variableName>
              <mcstage reference="10"/>
            </MCAnswer>
            <MCAnswer id="58">
              <order>2</order>
              <rule>WRONG</rule>
              <text>&lt;div&gt;Either adding or removing can work&lt;/div&gt;</text>
              <variableName></variableName>
              <mcstage reference="10"/>
            </MCAnswer>
            <MCAnswer id="59">
              <order>3</order>
              <rule>WRONG</rule>
              <text>&lt;div&gt;Neither. Eulerian circuits depend only on connectivity&lt;/div&gt;</text>
              <variableName></variableName>
              <mcstage reference="10"/>
            </MCAnswer>
          </answerOptions>
          <randomize>false</randomize>
          <maxSelections>1</maxSelections>
          <correctAnswerFeedback>&lt;div&gt;Correct. To create an Eulerian circuit, all vertices must have even degree. By adding edges between odd-degree vertices in pairs, we can make all degrees even. This is the basis of the Chinese Postman Problem.&lt;/div&gt;&#xd;
&lt;div&gt;&amp;nbsp;&lt;/div&gt;&#xd;
&lt;div&gt;Solution: Adding edges (pairing up odd-degree vertices)&lt;/div&gt;</correctAnswerFeedback>
          <pointMode>MANUAL</pointMode>
          <feedbackDisplayMode>NEVER</feedbackDisplayMode>
          <defaultResult>0</defaultResult>
          <extraFeedbacks id="60">
            <de.uni__due.s3.jack3.entities.stagetypes.mc.MCFeedback id="61">
              <feedback__order>0</feedback__order>
              <stage reference="10"/>
              <expression id="62">
                <code>![input=mcindex_0]&amp;&amp;[input=mcindex_1]&amp;&amp;![input=mcindex_2]&amp;&amp;![input=mcindex_3]</code>
                <domain>MATH</domain>
              </expression>
              <condition id="63">
                <code></code>
                <domain>MATH</domain>
              </condition>
              <result>0</result>
              <feedbackText>&lt;div&gt;Incorrect. Removing edges typically makes the problem worse. You may disconnect the graph or create more odd-degree vertices.&lt;/div&gt;&#xd;
&lt;div&gt;&amp;nbsp;&lt;/div&gt;&#xd;
&lt;div&gt;Solution: Adding edges (pairing up odd-degree vertices)&lt;/div&gt;</feedbackText>
            </de.uni__due.s3.jack3.entities.stagetypes.mc.MCFeedback>
            <de.uni__due.s3.jack3.entities.stagetypes.mc.MCFeedback id="64">
              <feedback__order>1</feedback__order>
              <stage reference="10"/>
              <expression id="65">
                <code>![input=mcindex_0]&amp;&amp;![input=mcindex_1]&amp;&amp;[input=mcindex_2]&amp;&amp;![input=mcindex_3]</code>
                <domain>MATH</domain>
              </expression>
              <condition id="66">
                <code></code>
                <domain>MATH</domain>
              </condition>
              <result>0</result>
              <feedbackText>&lt;div&gt;Incorrect. While removing edges might accidentally work in rare cases, it&apos;s unreliable and can disconnect the graph.&lt;/div&gt;&#xd;
&lt;div&gt;&amp;nbsp;&lt;/div&gt;&#xd;
&lt;div&gt;Solution: Adding edges (pairing up odd-degree vertices)&lt;/div&gt;</feedbackText>
            </de.uni__due.s3.jack3.entities.stagetypes.mc.MCFeedback>
            <de.uni__due.s3.jack3.entities.stagetypes.mc.MCFeedback id="67">
              <feedback__order>2</feedback__order>
              <stage reference="10"/>
              <expression id="68">
                <code>![input=mcindex_0]&amp;&amp;![input=mcindex_1]&amp;&amp;![input=mcindex_2]&amp;&amp;[input=mcindex_3]</code>
                <domain>MATH</domain>
              </expression>
              <condition id="69">
                <code></code>
                <domain>MATH</domain>
              </condition>
              <result>0</result>
              <feedbackText>&lt;div&gt;Incorrect. Connectivity is necessary but not sufficient. All vertices&lt;br&gt;must have even degree.&lt;/div&gt;&#xd;
&lt;div&gt;&amp;nbsp;&lt;/div&gt;&#xd;
&lt;div&gt;Solution: Adding edges (pairing up odd-degree vertices)&lt;/div&gt;</feedbackText>
            </de.uni__due.s3.jack3.entities.stagetypes.mc.MCFeedback>
          </extraFeedbacks>
        </targetStage>
        <type>NEXT_OR_END</type>
        <extraWeight>0</extraWeight>
      </defaultTransition>
      <skipTransitions id="70"/>
      <stageTransitions id="71"/>
      <hints id="72"/>
      <variableUpdatesOnEnter id="73"/>
      <variableUpdatesBeforeCheck id="74"/>
      <variableUpdatesAfterCheck id="75"/>
      <variableUpdatesOnNormalExit id="76"/>
      <variableUpdatesOnRepeat id="77"/>
      <variableUpdatesOnSkip id="78"/>
      <weight>1</weight>
      <orderIndex>0</orderIndex>
      <allowSkip>true</allowSkip>
      <resources id="79"/>
      <answerOptions id="80">
        <MCAnswer id="81">
          <order>0</order>
          <rule>CORRECT</rule>
          <text>&lt;div&gt;Yes, because all vertices have even degree&lt;/div&gt;</text>
          <variableName></variableName>
          <mcstage reference="5"/>
        </MCAnswer>
        <MCAnswer id="82">
          <order>1</order>
          <rule>WRONG</rule>
          <text>&lt;div&gt;No, because it has 7 vertices (odd number)&lt;/div&gt;</text>
          <variableName></variableName>
          <mcstage reference="5"/>
        </MCAnswer>
        <MCAnswer id="83">
          <order>2</order>
          <rule>WRONG</rule>
          <text>&lt;div&gt;No, because complete graphs never have Eulerian circuits&lt;/div&gt;</text>
          <variableName></variableName>
          <mcstage reference="5"/>
        </MCAnswer>
        <MCAnswer id="84">
          <order>3</order>
          <rule>WRONG</rule>
          <text>&lt;div&gt;Yes, but only if we add more edges&lt;/div&gt;</text>
          <variableName></variableName>
          <mcstage reference="5"/>
        </MCAnswer>
      </answerOptions>
      <randomize>false</randomize>
      <maxSelections>1</maxSelections>
      <correctAnswerFeedback>&lt;div&gt;Correct. In $K_7$, every vertex has degree 6 (connects to all other vertices). Since all vertices have even degree and the graph is connected, it has an Eulerian circuit.&lt;/div&gt;&#xd;
&lt;div&gt;&lt;br&gt;Solution: Yes, because all vertices have even degree&lt;/div&gt;</correctAnswerFeedback>
      <pointMode>MANUAL</pointMode>
      <feedbackDisplayMode>NEVER</feedbackDisplayMode>
      <defaultResult>0</defaultResult>
      <extraFeedbacks id="85">
        <de.uni__due.s3.jack3.entities.stagetypes.mc.MCFeedback id="86">
          <feedback__order>0</feedback__order>
          <stage reference="5"/>
          <expression id="87">
            <code>![input=mcindex_0]&amp;&amp;[input=mcindex_1]&amp;&amp;![input=mcindex_2]&amp;&amp;![input=mcindex_3]</code>
            <domain>MATH</domain>
          </expression>
          <condition id="88">
            <code></code>
            <domain>MATH</domain>
          </condition>
          <result>0</result>
          <feedbackText>&lt;div&gt;Incorrect. The number of vertices doesn&apos;t determine if an Eulerian circuit exists, what matters is the degree of each vertex. In $K_7$, every vertex has degree 6 (even).&lt;/div&gt;&#xd;
&lt;div&gt;&amp;nbsp;&lt;/div&gt;&#xd;
&lt;div&gt;Solution: Yes, because all vertices have even degree&lt;/div&gt;</feedbackText>
        </de.uni__due.s3.jack3.entities.stagetypes.mc.MCFeedback>
        <de.uni__due.s3.jack3.entities.stagetypes.mc.MCFeedback id="89">
          <feedback__order>1</feedback__order>
          <stage reference="5"/>
          <expression id="90">
            <code>![input=mcindex_0]&amp;&amp;![input=mcindex_1]&amp;&amp;[input=mcindex_2]&amp;&amp;![input=mcindex_3]</code>
            <domain>MATH</domain>
          </expression>
          <condition id="91">
            <code></code>
            <domain>MATH</domain>
          </condition>
          <result>0</result>
          <feedbackText>&lt;div&gt;Incorrect. Complete graphs with an odd number of vertices always have Eulerian circuits because every vertex has even degree. In $K_n$ with odd $n$, each vertex has degree $n-1$ (even).&lt;/div&gt;&#xd;
&lt;div&gt;&amp;nbsp;&lt;/div&gt;&#xd;
&lt;div&gt;Solution: Yes, because all vertices have even degree&lt;/div&gt;</feedbackText>
        </de.uni__due.s3.jack3.entities.stagetypes.mc.MCFeedback>
        <de.uni__due.s3.jack3.entities.stagetypes.mc.MCFeedback id="92">
          <feedback__order>2</feedback__order>
          <stage reference="5"/>
          <expression id="93">
            <code>![input=mcindex_0]&amp;&amp;![input=mcindex_1]&amp;&amp;![input=mcindex_2]&amp;&amp;[input=mcindex_3]</code>
            <domain>MATH</domain>
          </expression>
          <condition id="94">
            <code></code>
            <domain>MATH</domain>
          </condition>
          <result>0</result>
          <feedbackText>&lt;div&gt;Incorrect. A complete graph already has all possible edges you&lt;br&gt;cannot add more. $K_7$ already has an Eulerian circuit because all&lt;br&gt;vertices have even degree.&lt;/div&gt;&#xd;
&lt;div&gt;&amp;nbsp;&lt;/div&gt;&#xd;
&lt;div&gt;Solution: Yes, because all vertices have even degree&lt;/div&gt;</feedbackText>
        </de.uni__due.s3.jack3.entities.stagetypes.mc.MCFeedback>
      </extraFeedbacks>
    </MCStage>
    <MCStage reference="10"/>
    <MCStage reference="15"/>
  </stages>
  <startStage class="MCStage" reference="5"/>
  <variableDeclarations id="95"/>
  <jSXGraphs id="96"/>
  <dynamicMolecules id="97"/>
  <resultFeedbackMappings id="98"/>
</Exercise>